file_path,object_name,field_name,default_value_in_default_min_case
I0/assembly_topology.csv,AssemblyTopology,topology_step_id,TOPSTEP_001
I0/assembly_topology.csv,AssemblyTopology,topology_id,TOPO_MULTIPART
I0/assembly_topology.csv,AssemblyTopology,assembly_step,1
I0/assembly_topology.csv,AssemblyTopology,stage_id,S_LOCATE_01
I0/assembly_topology.csv,AssemblyTopology,part_in,P_PANEL_A
I0/assembly_topology.csv,AssemblyTopology,existing_subassembly,
I0/assembly_topology.csv,AssemblyTopology,result_subassembly,ASM_A
I0/assembly_topology.csv,AssemblyTopology,activated_interface_ids,
I0/assembly_topology.csv,AssemblyTopology,operation_type,BASE
I0/assembly_topology.csv,AssemblyTopology,predecessor_step_id,
I0/assembly_topology.csv,AssemblyTopology,successor_step_id,TOPSTEP_002
I0/assembly_topology.csv,AssemblyTopology,connection_pattern,BASE
I0/assembly_topology.csv,AssemblyTopology,metadata,"{""data_nature"":""SYNTHETIC_NUMERICAL_CONSISTENCY_CASE"",""engineering_claim_allowed"":false,""schema_version"":""V2.5"",""schema_revision"":""MULTI_PART_SERIAL_PARALLEL_2026-07""}"
I0/interface.csv,Interface,interface_id,G_PANEL_RIB
I0/interface.csv,Interface,interface_name,PANEL_A_TO_RIB_B
I0/interface.csv,Interface,part_i,P_PANEL_A
I0/interface.csv,Interface,part_j,P_RIB_B
I0/interface.csv,Interface,side_i_region_id,REG_PANEL_AB
I0/interface.csv,Interface,side_j_region_id,REG_RIB_AB
I0/interface.csv,Interface,material_pair,CFRP-CFRP
I0/interface.csv,Interface,nominal_gap,0.06
I0/interface.csv,Interface,contact_candidate_flag,TRUE
I0/interface.csv,Interface,key_contact_flag,TRUE
I0/interface.csv,Interface,coordinate_system_id,CS_ASSEMBLY
I0/interface.csv,Interface,metadata,"{""connection_pattern"":""SERIAL_SEED_AND_DIRECT_PARALLEL_PATH"",""data_nature"":""SYNTHETIC""}"
I0/joint_definition.csv,JointDefinition,joint_id,JNT_PANEL_RIB
I0/joint_definition.csv,JointDefinition,interface_id,G_PANEL_RIB
I0/joint_definition.csv,JointDefinition,part_i,P_PANEL_A
I0/joint_definition.csv,JointDefinition,part_j,P_RIB_B
I0/joint_definition.csv,JointDefinition,joint_type,FINITE_STIFFNESS_LOCK
I0/joint_definition.csv,JointDefinition,constrained_dofs,NORMAL
I0/joint_definition.csv,JointDefinition,stiffness_matrix_id,KJ_JNT_PANEL_RIB
I0/joint_definition.csv,JointDefinition,preload_definition_id,PRELOAD_JNT_PANEL_RIB
I0/joint_definition.csv,JointDefinition,activation_stage_id,S_JOIN_03
I0/joint_definition.csv,JointDefinition,retention_rule,RETAIN_THROUGH_RELEASE
I0/joint_definition.csv,JointDefinition,metadata,"{""data_nature"":""SYNTHETIC_NUMERICAL_CONSISTENCY_CASE"",""engineering_claim_allowed"":false,""schema_version"":""V2.5"",""schema_revision"":""MULTI_PART_SERIAL_PARALLEL_2026-07""}"
I0/local_region_definition.csv,LocalRegionDefinition,local_region_id,LR_AB
I0/local_region_definition.csv,LocalRegionDefinition,interface_id,G_PANEL_RIB
I0/local_region_definition.csv,LocalRegionDefinition,included_geometry_regions,REG_AB_I;REG_AB_J
I0/local_region_definition.csv,LocalRegionDefinition,candidate_contact_region_ids,CD_PANEL_RIB
I0/local_region_definition.csv,LocalRegionDefinition,kcp_sensitive_region_ids,KCP_ZONE_MULTIPART
I0/local_region_definition.csv,LocalRegionDefinition,margin_rule,fixed_synthetic_margin
I0/local_region_definition.csv,LocalRegionDefinition,margin_distance,10.0
I0/local_region_definition.csv,LocalRegionDefinition,cut_boundary_definition,CUT_AB
I0/local_region_definition.csv,LocalRegionDefinition,selection_rationale,cover three-point contact block and KCP transfer support
I0/local_region_definition.csv,LocalRegionDefinition,metadata,"{""data_nature"":""SYNTHETIC_NUMERICAL_CONSISTENCY_CASE"",""engineering_claim_allowed"":false,""schema_version"":""V2.5"",""schema_revision"":""MULTI_PART_SERIAL_PARALLEL_2026-07""}"
I0/material.csv,Material,material_id,MAT_CFRP_DEFAULT
I0/material.csv,Material,material_name,SYNTHETIC_CFRP
I0/material.csv,Material,material_type,CFRP
I0/material.csv,Material,E,70000
I0/material.csv,Material,nu,0.30
I0/material.csv,Material,G,27000
I0/material.csv,Material,density,1.60e-9
I0/material.csv,Material,orthotropic_constants,{}
I0/material.csv,Material,temperature_range,"[20,20]"
I0/material.csv,Material,source,SYNTHETIC_FIXTURE
I0/material.csv,Material,quality_flag,PASS
I0/material.csv,Material,metadata,"{""data_nature"":""SYNTHETIC_NUMERICAL_CONSISTENCY_CASE"",""engineering_claim_allowed"":false,""schema_version"":""V2.5"",""schema_revision"":""MULTI_PART_SERIAL_PARALLEL_2026-07""}"
I0/nominal_model.csv,NominalModel,nominal_model_id,NM_MULTIPART
I0/nominal_model.csv,NominalModel,model_name,SYNTHETIC_FOUR_PART_ASSEMBLY
I0/nominal_model.csv,NominalModel,cad_reference,SYNTHETIC_NOT_PROVIDED
I0/nominal_model.csv,NominalModel,mesh_reference,SYNTHETIC_REDUCED_MODEL
I0/nominal_model.csv,NominalModel,coordinate_system_id,CS_ASSEMBLY
I0/nominal_model.csv,NominalModel,revision_id,MULTIPART_2026_07
I0/nominal_model.csv,NominalModel,definition_source,SYNTHETIC_NUMERICAL_FIXTURE
I0/nominal_model.csv,NominalModel,quality_flag,PASS
I0/nominal_model.csv,NominalModel,metadata,"{""data_nature"":""SYNTHETIC_NUMERICAL_CONSISTENCY_CASE"",""engineering_claim_allowed"":false,""schema_version"":""V2.5"",""schema_revision"":""MULTI_PART_SERIAL_PARALLEL_2026-07""}"
I0/part.csv,Part,part_id,P_PANEL_A
I0/part.csv,Part,part_name,FLEXIBLE_PANEL_A
I0/part.csv,Part,material_type,CFRP
I0/part.csv,Part,role_in_assembly,shared_flexible_base
I0/part.csv,Part,nominal_model_id,NM_MULTIPART
I0/part.csv,Part,sms_prior_id,SMS_PRIOR_PANEL
I0/part.csv,Part,material_id,MAT_CFRP_DEFAULT
I0/part.csv,Part,thickness_definition_id,THK_PANEL
I0/part.csv,Part,layup_id_optional,LAYUP_PANEL
I0/part.csv,Part,local_coordinate_system_id,CS_ASSEMBLY
I0/part.csv,Part,mesh_or_point_set_id,MESH_PANEL
I0/part.csv,Part,key_interface_ids,G_PANEL_RIB;G_PANEL_BRACKET
I0/part.csv,Part,related_kcm_ids,KCM_PANEL_PROFILE
I0/part.csv,Part,related_kcp_ids,KCP_END_GAP;KCP_STEP_AB;KCP_PARALLEL_BALANCE
I0/part.csv,Part,metadata,"{""data_nature"":""SYNTHETIC_NUMERICAL_CONSISTENCY_CASE"",""engineering_claim_allowed"":false,""schema_version"":""V2.5"",""schema_revision"":""MULTI_PART_SERIAL_PARALLEL_2026-07""}"
I0/sms_prior.csv,SmsPrior,sms_prior_id,SMS_PRIOR_PANEL
I0/sms_prior.csv,SmsPrior,part_id,P_PANEL_A
I0/sms_prior.csv,SmsPrior,prior_type,synthetic_zero_mean
I0/sms_prior.csv,SmsPrior,basis_id,SMS_BASIS_PANEL
I0/sms_prior.csv,SmsPrior,alpha_mean,[0.0]
I0/sms_prior.csv,SmsPrior,alpha_covariance_id,COV_SMS_PANEL
I0/sms_prior.csv,SmsPrior,source_sample_ids,SYNTHETIC_SEED
I0/sms_prior.csv,SmsPrior,valid_region,FIXTURE_ONLY
I0/sms_prior.csv,SmsPrior,quality_flag,PASS
I0/sms_prior.csv,SmsPrior,metadata,"{""data_nature"":""SYNTHETIC_NUMERICAL_CONSISTENCY_CASE"",""engineering_claim_allowed"":false,""schema_version"":""V2.5"",""schema_revision"":""MULTI_PART_SERIAL_PARALLEL_2026-07""}"
I0/stage_definition.csv,StageDefinition,stage_id,S_LOCATE_01
I0/stage_definition.csv,StageDefinition,stage_order,1
I0/stage_definition.csv,StageDefinition,stage_type,LOCATE
I0/stage_definition.csv,StageDefinition,subassembly_id,ASM_ABCD
I0/stage_definition.csv,StageDefinition,active_part_ids,P_PANEL_A;P_RIB_B;P_SPAR_C;P_BRACKET_D
I0/stage_definition.csv,StageDefinition,active_interface_ids,G_PANEL_RIB;G_RIB_SPAR;G_PANEL_BRACKET;G_RIB_BRACKET
I0/stage_definition.csv,StageDefinition,predecessor_stage_id,
I0/stage_definition.csv,StageDefinition,successor_stage_id,S_CLAMP_02
I0/stage_definition.csv,StageDefinition,metadata,"{""data_nature"":""SYNTHETIC_NUMERICAL_CONSISTENCY_CASE"",""engineering_claim_allowed"":false,""schema_version"":""V2.5"",""schema_revision"":""MULTI_PART_SERIAL_PARALLEL_2026-07""}"
I0/subassembly.csv,Subassembly,subassembly_id,ASM_A
I0/subassembly.csv,Subassembly,parent_subassembly_id,
I0/subassembly.csv,Subassembly,assembly_step,1
I0/subassembly.csv,Subassembly,member_part_ids,P_PANEL_A
I0/subassembly.csv,Subassembly,active_interface_ids,
I0/subassembly.csv,Subassembly,active_joint_ids,
I0/subassembly.csv,Subassembly,reference_state_id,REF_NOMINAL
I0/subassembly.csv,Subassembly,metadata,"{""data_nature"":""SYNTHETIC_NUMERICAL_CONSISTENCY_CASE"",""engineering_claim_allowed"":false,""schema_version"":""V2.5"",""schema_revision"":""MULTI_PART_SERIAL_PARALLEL_2026-07""}"
I0/subassembly_membership.csv,SubassemblyMembership,membership_id,MEM_ASM_A_P_PANEL_A
I0/subassembly_membership.csv,SubassemblyMembership,subassembly_id,ASM_A
I0/subassembly_membership.csv,SubassemblyMembership,part_id,P_PANEL_A
I0/subassembly_membership.csv,SubassemblyMembership,added_at_step,1
I0/subassembly_membership.csv,SubassemblyMembership,removed_at_step_optional,
I0/subassembly_membership.csv,SubassemblyMembership,membership_role,MEMBER
I0/subassembly_membership.csv,SubassemblyMembership,metadata,"{""data_nature"":""SYNTHETIC_NUMERICAL_CONSISTENCY_CASE"",""engineering_claim_allowed"":false,""schema_version"":""V2.5"",""schema_revision"":""MULTI_PART_SERIAL_PARALLEL_2026-07""}"
I_Gamma/area_weight_matrix.csv,AreaWeightMatrix,area_weight_matrix_id,QA_AB
I_Gamma/area_weight_matrix.csv,AreaWeightMatrix,contact_domain_id,CD_PANEL_RIB
I_Gamma/area_weight_matrix.csv,AreaWeightMatrix,matrix_id,QA_AB_MATRIX
I_Gamma/area_weight_matrix.csv,AreaWeightMatrix,candidate_point_ids,CP_AB_01;CP_AB_02;CP_AB_03
I_Gamma/area_weight_matrix.csv,AreaWeightMatrix,area_values,"[1200.0,1000.0,800.0]"
I_Gamma/area_weight_matrix.csv,AreaWeightMatrix,unit,mm^2
I_Gamma/area_weight_matrix.csv,AreaWeightMatrix,area_sum,3000.0
I_Gamma/area_weight_matrix.csv,AreaWeightMatrix,quality_flag,PASS
I_Gamma/area_weight_matrix.csv,AreaWeightMatrix,metadata,"{""data_nature"":""SYNTHETIC_NUMERICAL_CONSISTENCY_CASE"",""engineering_claim_allowed"":false,""schema_version"":""V2.5"",""schema_revision"":""MULTI_PART_SERIAL_PARALLEL_2026-07""}"
I_Gamma/contact_domain.csv,ContactDomain,contact_domain_id,CD_PANEL_RIB
I_Gamma/contact_domain.csv,ContactDomain,interface_id,G_PANEL_RIB
I_Gamma/contact_domain.csv,ContactDomain,side_i_region_id,REG_PANEL_AB
I_Gamma/contact_domain.csv,ContactDomain,side_j_region_id,REG_RIB_AB
I_Gamma/contact_domain.csv,ContactDomain,contact_point_ids,CP_AB_01;CP_AB_02;CP_AB_03
I_Gamma/contact_domain.csv,ContactDomain,correspondence_method,nominal_fixed_synthetic
I_Gamma/contact_domain.csv,ContactDomain,normal_definition_method,side_i_nominal_normal
I_Gamma/contact_domain.csv,ContactDomain,tangent_definition_method,orthonormal_from_normal
I_Gamma/contact_domain.csv,ContactDomain,area_weight_matrix_id,QA_AB
I_Gamma/contact_domain.csv,ContactDomain,G_gap_mapping_id,G_GAP_AB
I_Gamma/contact_domain.csv,ContactDomain,Bn_mapping_id,BN_AB
I_Gamma/contact_domain.csv,ContactDomain,Bt_mapping_id_optional,
I_Gamma/contact_domain.csv,ContactDomain,nominal_gap_field_id,GF_INITIAL_AB
I_Gamma/contact_domain.csv,ContactDomain,initial_contact_parameter_id,IPAR_AB
I_Gamma/contact_domain.csv,ContactDomain,candidate_region_margin,5.0
I_Gamma/contact_domain.csv,ContactDomain,density_level,minimal_3pt
I_Gamma/contact_domain.csv,ContactDomain,validity_region,FIXTURE_ONLY
I_Gamma/contact_domain.csv,ContactDomain,metadata,"{""data_nature"":""SYNTHETIC_NUMERICAL_CONSISTENCY_CASE"",""engineering_claim_allowed"":false,""schema_version"":""V2.5"",""schema_revision"":""MULTI_PART_SERIAL_PARALLEL_2026-07""}"
I_Gamma/contact_point.csv,ContactPoint,point_id,CP_AB_01
I_Gamma/contact_point.csv,ContactPoint,contact_domain_id,CD_PANEL_RIB
I_Gamma/contact_point.csv,ContactPoint,local_index,0
I_Gamma/contact_point.csv,ContactPoint,x_i0,"[0.0,0.0,0.0]"
I_Gamma/contact_point.csv,ContactPoint,x_j0,"[0.0,0.0,0.08]"
I_Gamma/contact_point.csv,ContactPoint,normal_n,"[0.0,0.0,1.0]"
I_Gamma/contact_point.csv,ContactPoint,tangent_basis_T,"[[1,0,0],[0,1,0]]"
I_Gamma/contact_point.csv,ContactPoint,area_weight,1200.0
I_Gamma/contact_point.csv,ContactPoint,local_coordinate_system_id,CS_ASSEMBLY
I_Gamma/contact_point.csv,ContactPoint,candidate_flag,TRUE
I_Gamma/contact_point.csv,ContactPoint,edge_or_interior_flag,EDGE
I_Gamma/contact_point.csv,ContactPoint,correspondence_quality,PASS
I_Gamma/contact_point.csv,ContactPoint,metadata,"{""data_nature"":""SYNTHETIC_NUMERICAL_CONSISTENCY_CASE"",""engineering_claim_allowed"":false,""schema_version"":""V2.5"",""schema_revision"":""MULTI_PART_SERIAL_PARALLEL_2026-07""}"
I_Gamma/extended_contact_domain.csv,ExtendedContactDomain,extended_domain_id,ECD_MULTIPART
I_Gamma/extended_contact_domain.csv,ExtendedContactDomain,stage_id,S_LOCATE_01;S_CLAMP_02;S_JOIN_03;S_RELEASE_04
I_Gamma/extended_contact_domain.csv,ExtendedContactDomain,part_contact_domain_ids,CD_PANEL_RIB;CD_RIB_SPAR;CD_PANEL_BRACKET;CD_RIB_BRACKET
I_Gamma/extended_contact_domain.csv,ExtendedContactDomain,locator_domain_ids,LOCGRP_MULTIPART
I_Gamma/extended_contact_domain.csv,ExtendedContactDomain,clamp_domain_ids,CLAMP_ALL
I_Gamma/extended_contact_domain.csv,ExtendedContactDomain,joint_domain_ids,JNT_PANEL_RIB;JNT_RIB_SPAR;JNT_PANEL_BRACKET;JNT_RIB_BRACKET
I_Gamma/extended_contact_domain.csv,ExtendedContactDomain,extended_contact_point_ids,CP_AB_01;CP_AB_02;CP_AB_03;CP_BC_01;CP_BC_02;CP_BC_03;CP_AD_01;CP_AD_02;CP_AD_03;CP_BD_01;CP_BD_02;CP_BD_03
I_Gamma/extended_contact_domain.csv,ExtendedContactDomain,extended_gap_mapping_id,G_EXT_ALL
I_Gamma/extended_contact_domain.csv,ExtendedContactDomain,extended_B_mapping_id,B_EXT_ALL
I_Gamma/extended_contact_domain.csv,ExtendedContactDomain,locator_group_ids,LOCGRP_MULTIPART
I_Gamma/extended_contact_domain.csv,ExtendedContactDomain,validity_region,FIXTURE_ONLY
I_Gamma/extended_contact_domain.csv,ExtendedContactDomain,quality_flag,PASS
I_Gamma/extended_contact_domain.csv,ExtendedContactDomain,metadata,"{""data_nature"":""SYNTHETIC_NUMERICAL_CONSISTENCY_CASE"",""engineering_claim_allowed"":false,""schema_version"":""V2.5"",""schema_revision"":""MULTI_PART_SERIAL_PARALLEL_2026-07""}"
I_Gamma/extended_gap_and_compliance.csv,ExtendedGapAndCompliance,ext_gap_compliance_id,EGC_S_LOCATE_01
I_Gamma/extended_gap_and_compliance.csv,ExtendedGapAndCompliance,sample_id,SAMPLE_001
I_Gamma/extended_gap_and_compliance.csv,ExtendedGapAndCompliance,stage_id,S_LOCATE_01
I_Gamma/extended_gap_and_compliance.csv,ExtendedGapAndCompliance,extended_domain_id,ECD_MULTIPART
I_Gamma/extended_gap_and_compliance.csv,ExtendedGapAndCompliance,g_ext0_vector_id,Q_LOCATE_01
I_Gamma/extended_gap_and_compliance.csv,ExtendedGapAndCompliance,B_ext_mapping_id,B_EXT_ALL
I_Gamma/extended_gap_and_compliance.csv,ExtendedGapAndCompliance,free_displacement_vector_id,U_FREE_LOCATE_01
I_Gamma/extended_gap_and_compliance.csv,ExtendedGapAndCompliance,command_displacement_vector_id,D_CMD_LOCATE_01
I_Gamma/extended_gap_and_compliance.csv,ExtendedGapAndCompliance,q_ext_vector_id,Q_LOCATE_01
I_Gamma/extended_gap_and_compliance.csv,ExtendedGapAndCompliance,W_struct_ext_id,W_STRUCT_LOCATE_01
I_Gamma/extended_gap_and_compliance.csv,ExtendedGapAndCompliance,C_interface_id,CN_ALL
I_Gamma/extended_gap_and_compliance.csv,ExtendedGapAndCompliance,C_locator_id,
I_Gamma/extended_gap_and_compliance.csv,ExtendedGapAndCompliance,C_joint_id,
I_Gamma/extended_gap_and_compliance.csv,ExtendedGapAndCompliance,W_ext_matrix_id,W_TOTAL_LOCATE_01
I_Gamma/extended_gap_and_compliance.csv,ExtendedGapAndCompliance,unit_check_result,PASS
I_Gamma/extended_gap_and_compliance.csv,ExtendedGapAndCompliance,dependency_hash,fbbe00eccad0fc30fc688b617b87f01ce30fc1f6cfa74ff2f4a48fd882a605df
I_Gamma/extended_gap_and_compliance.csv,ExtendedGapAndCompliance,quality_flag,PASS
I_Gamma/extended_gap_and_compliance.csv,ExtendedGapAndCompliance,metadata,"{""data_nature"":""SYNTHETIC_NUMERICAL_CONSISTENCY_CASE"",""engineering_claim_allowed"":false,""schema_version"":""V2.5"",""schema_revision"":""MULTI_PART_SERIAL_PARALLEL_2026-07""}"
I_Gamma/gap_field.csv,GapField,gap_field_id,GF_INITIAL_AB
I_Gamma/gap_field.csv,GapField,contact_domain_id,CD_PANEL_RIB
I_Gamma/gap_field.csv,GapField,sample_id,SAMPLE_001
I_Gamma/gap_field.csv,GapField,stage_id_or_initial,INITIAL
I_Gamma/gap_field.csv,GapField,values_g,"[0.08,0.04,0.06]"
I_Gamma/gap_field.csv,GapField,nominal_component,"[0.075,0.042,0.057]"
I_Gamma/gap_field.csv,GapField,sms_component,"[0.005,-0.002,0.003]"
I_Gamma/gap_field.csv,GapField,pose_bias_component_optional,"[0.0,0.0,0.0]"
I_Gamma/gap_field.csv,GapField,sign_convention,g>0 separation; g=0 contact; g<0 initial interference
I_Gamma/gap_field.csv,GapField,source_sms_update_result_ids,SMS_UPD_PANEL;SMS_UPD_RIB;SMS_UPD_SPAR;SMS_UPD_BRACKET
I_Gamma/gap_field.csv,GapField,source_sms_transfer_package_ids,SMS_TRANSFER_PANEL;SMS_TRANSFER_RIB;SMS_TRANSFER_SPAR;SMS_TRANSFER_BRACKET
I_Gamma/gap_field.csv,GapField,excluded_measurement_deformation_source_ids,GRAVITY_M;FIXTURE_M;LOCAL_CONTACT_M
I_Gamma/gap_field.csv,GapField,double_count_check_id,DCC_MULTIPART
I_Gamma/gap_field.csv,GapField,reference_state_id,REF_NOMINAL
I_Gamma/gap_field.csv,GapField,unit,mm
I_Gamma/gap_field.csv,GapField,metadata,"{""data_nature"":""SYNTHETIC_NUMERICAL_CONSISTENCY_CASE"",""engineering_claim_allowed"":false,""schema_version"":""V2.5"",""schema_revision"":""MULTI_PART_SERIAL_PARALLEL_2026-07""}"
I_key/feature_mapping.csv,FeatureMapping,feature_mapping_id,FM_PANEL_KCP_END_GAP
I_key/feature_mapping.csv,FeatureMapping,source_feature_id,KCM_PANEL_PROFILE
I_key/feature_mapping.csv,FeatureMapping,target_feature_id,KCP_END_GAP
I_key/feature_mapping.csv,FeatureMapping,mapping_type,MULTIPART_JT
I_key/feature_mapping.csv,FeatureMapping,matrix_id,J_PART_ALL
I_key/feature_mapping.csv,FeatureMapping,sign_convention,positive_normal
I_key/feature_mapping.csv,FeatureMapping,reference_state_id,REF_NOMINAL
I_key/feature_mapping.csv,FeatureMapping,quality_flag,PASS
I_key/feature_mapping.csv,FeatureMapping,metadata,"{""data_nature"":""SYNTHETIC_NUMERICAL_CONSISTENCY_CASE"",""engineering_claim_allowed"":false,""schema_version"":""V2.5"",""schema_revision"":""MULTI_PART_SERIAL_PARALLEL_2026-07""}"
I_key/kcm_definition.csv,KcmDefinition,kcm_id,KCM_PANEL_PROFILE
I_key/kcm_definition.csv,KcmDefinition,kcm_name,PANEL_FREE_PROFILE
I_key/kcm_definition.csv,KcmDefinition,feature_type,point_deviation
I_key/kcm_definition.csv,KcmDefinition,target_object_type,Part
I_key/kcm_definition.csv,KcmDefinition,target_object_id,P_PANEL_A
I_key/kcm_definition.csv,KcmDefinition,stage_id_optional,FREE
I_key/kcm_definition.csv,KcmDefinition,nominal_location,"[50,0,0]"
I_key/kcm_definition.csv,KcmDefinition,evaluation_direction,"[0,0,1]"
I_key/kcm_definition.csv,KcmDefinition,extraction_or_measurement_matrix_id,H_M_PANEL
I_key/kcm_definition.csv,KcmDefinition,nominal_value,0.0
I_key/kcm_definition.csv,KcmDefinition,expected_unit,mm
I_key/kcm_definition.csv,KcmDefinition,measurement_method,SYNTHETIC_FIXTURE
I_key/kcm_definition.csv,KcmDefinition,required_uncertainty,0.01
I_key/kcm_definition.csv,KcmDefinition,update_target,SMS
I_key/kcm_definition.csv,KcmDefinition,metadata,"{""data_nature"":""SYNTHETIC_NUMERICAL_CONSISTENCY_CASE"",""engineering_claim_allowed"":false,""schema_version"":""V2.5"",""schema_revision"":""MULTI_PART_SERIAL_PARALLEL_2026-07""}"
I_key/kcp_definition.csv,KcpDefinition,kcp_id,KCP_END_GAP
I_key/kcp_definition.csv,KcpDefinition,kcp_name,SERIAL_PATH_END_GAP_AT_SPAR
I_key/kcp_definition.csv,KcpDefinition,feature_type,gap
I_key/kcp_definition.csv,KcpDefinition,target_object_type,Subassembly
I_key/kcp_definition.csv,KcpDefinition,target_object_id,ASM_ABCD
I_key/kcp_definition.csv,KcpDefinition,stage_id_optional,S_RELEASE_04
I_key/kcp_definition.csv,KcpDefinition,nominal_location,"[50,50,0]"
I_key/kcp_definition.csv,KcpDefinition,evaluation_direction,"[0,0,1]"
I_key/kcp_definition.csv,KcpDefinition,extraction_matrix_id,J_INTERFACE_ALL
I_key/kcp_definition.csv,KcpDefinition,nominal_value,0.0
I_key/kcp_definition.csv,KcpDefinition,lower_tol,-0.10
I_key/kcp_definition.csv,KcpDefinition,upper_tol,0.10
I_key/kcp_definition.csv,KcpDefinition,expected_unit,mm
I_key/kcp_definition.csv,KcpDefinition,acceptance_rule,within_tolerance
I_key/kcp_definition.csv,KcpDefinition,metadata,"{""data_nature"":""SYNTHETIC_NUMERICAL_CONSISTENCY_CASE"",""engineering_claim_allowed"":false,""schema_version"":""V2.5"",""schema_revision"":""MULTI_PART_SERIAL_PARALLEL_2026-07""}"
I_meas/data_split.csv,DataSplit,data_split_id,DS_MULTIPART
I_meas/data_split.csv,DataSplit,identification_sample_ids,SAMPLE_001
I_meas/data_split.csv,DataSplit,calibration_sample_ids,
I_meas/data_split.csv,DataSplit,validation_sample_ids,SAMPLE_ORACLE
I_meas/data_split.csv,DataSplit,split_strategy,SYNTHETIC_SEPARATE_ORACLE
I_meas/data_split.csv,DataSplit,grouping_constraint,fixture_only
I_meas/data_split.csv,DataSplit,leakage_check_result,PASS
I_meas/data_split.csv,DataSplit,random_seed_optional,
I_meas/data_split.csv,DataSplit,metadata,"{""data_nature"":""SYNTHETIC_NUMERICAL_CONSISTENCY_CASE"",""engineering_claim_allowed"":false,""schema_version"":""V2.5"",""schema_revision"":""MULTI_PART_SERIAL_PARALLEL_2026-07""}"
I_meas/fixture_calibration.csv,FixtureCalibration,fixture_calibration_id,FIXCAL_SYNTH
I_meas/fixture_calibration.csv,FixtureCalibration,fixture_id,FIXTURE_SYNTH
I_meas/fixture_calibration.csv,FixtureCalibration,calibration_method,SYNTHETIC_EXACT
I_meas/fixture_calibration.csv,FixtureCalibration,load_range,"[0,100]"
I_meas/fixture_calibration.csv,FixtureCalibration,compliance_matrix_id,C_FIXTURE_SYNTH
I_meas/fixture_calibration.csv,FixtureCalibration,uncertainty,0.0
I_meas/fixture_calibration.csv,FixtureCalibration,validity_domain_id,VD_MULTIPART
I_meas/fixture_calibration.csv,FixtureCalibration,quality_flag,PASS
I_meas/fixture_calibration.csv,FixtureCalibration,metadata,"{""data_nature"":""SYNTHETIC_NUMERICAL_CONSISTENCY_CASE"",""engineering_claim_allowed"":false,""schema_version"":""V2.5"",""schema_revision"":""MULTI_PART_SERIAL_PARALLEL_2026-07""}"
I_meas/interface_test_setup.csv,InterfaceTestSetup,setup_id,SETUP_AB
I_meas/interface_test_setup.csv,InterfaceTestSetup,specimen_id,SPEC_AB
I_meas/interface_test_setup.csv,InterfaceTestSetup,fixture_id,FIXTURE_SYNTH
I_meas/interface_test_setup.csv,InterfaceTestSetup,loading_machine_id,MACHINE_SYNTH
I_meas/interface_test_setup.csv,InterfaceTestSetup,sensor_ids,SENSOR_SYNTH
I_meas/interface_test_setup.csv,InterfaceTestSetup,coordinate_system_id,CS_ASSEMBLY
I_meas/interface_test_setup.csv,InterfaceTestSetup,support_state,FIXTURED
I_meas/interface_test_setup.csv,InterfaceTestSetup,load_state,CLAMPED
I_meas/interface_test_setup.csv,InterfaceTestSetup,environmental_conditions,20C
I_meas/interface_test_setup.csv,InterfaceTestSetup,fixture_calibration_id,FIXCAL_SYNTH
I_meas/interface_test_setup.csv,InterfaceTestSetup,sensor_calibration_ids,SENCAL_SYNTH
I_meas/interface_test_setup.csv,InterfaceTestSetup,metadata,"{""data_nature"":""SYNTHETIC_NUMERICAL_CONSISTENCY_CASE"",""engineering_claim_allowed"":false,""schema_version"":""V2.5"",""schema_revision"":""MULTI_PART_SERIAL_PARALLEL_2026-07""}"
I_meas/interface_test_specimen.csv,InterfaceTestSpecimen,specimen_id,SPEC_AB
I_meas/interface_test_specimen.csv,InterfaceTestSpecimen,interface_id,G_PANEL_RIB
I_meas/interface_test_specimen.csv,InterfaceTestSpecimen,side_i_material_id,MAT_CFRP_DEFAULT
I_meas/interface_test_specimen.csv,InterfaceTestSpecimen,side_j_material_id,MAT_CFRP_DEFAULT
I_meas/interface_test_specimen.csv,InterfaceTestSpecimen,layup_ids_optional,LAYUP_PANEL;LAYUP_RIB
I_meas/interface_test_specimen.csv,InterfaceTestSpecimen,thickness_values,"[2.0,2.0]"
I_meas/interface_test_specimen.csv,InterfaceTestSpecimen,surface_treatment,SYNTHETIC_SMOOTH
I_meas/interface_test_specimen.csv,InterfaceTestSpecimen,coating_or_sealant_optional,
I_meas/interface_test_specimen.csv,InterfaceTestSpecimen,fastener_or_joint_description,JNT_PANEL_RIB
I_meas/interface_test_specimen.csv,InterfaceTestSpecimen,geometry_similarity_to_real_interface,SYNTHETIC_NOT_APPLICABLE
I_meas/interface_test_specimen.csv,InterfaceTestSpecimen,manufacturing_batch,SYNTHETIC
I_meas/interface_test_specimen.csv,InterfaceTestSpecimen,metadata,"{""data_nature"":""SYNTHETIC_NUMERICAL_CONSISTENCY_CASE"",""engineering_claim_allowed"":false,""schema_version"":""V2.5"",""schema_revision"":""MULTI_PART_SERIAL_PARALLEL_2026-07""}"
I_meas/loading_path.csv,LoadingPath,loading_path_id,LOADPATH_AB
I_meas/loading_path.csv,LoadingPath,stage_equivalent,S_CLAMP_02;S_JOIN_03;S_RELEASE_04
I_meas/loading_path.csv,LoadingPath,normal_load_sequence,"[0,25,40,15]"
I_meas/loading_path.csv,LoadingPath,tangential_load_sequence_optional,[]
I_meas/loading_path.csv,LoadingPath,preload_sequence_optional,"[0,0,15,15]"
I_meas/loading_path.csv,LoadingPath,hold_time_sequence_optional,"[0,1,1,1]"
I_meas/loading_path.csv,LoadingPath,unloading_sequence_optional,"[40,15]"
I_meas/loading_path.csv,LoadingPath,rate_information_optional,SYNTHETIC_QUASISTATIC
I_meas/loading_path.csv,LoadingPath,metadata,"{""data_nature"":""SYNTHETIC_NUMERICAL_CONSISTENCY_CASE"",""engineering_claim_allowed"":false,""schema_version"":""V2.5"",""schema_revision"":""MULTI_PART_SERIAL_PARALLEL_2026-07""}"
I_meas/measurement_package.csv,MeasurementPackage,measurement_package_id,MEAS_PKG_MULTIPART
I_meas/measurement_package.csv,MeasurementPackage,geometry_measurement_set_ids,MEAS_SET_PANEL;MEAS_SET_RIB;MEAS_SET_SPAR;MEAS_SET_BRACKET
I_meas/measurement_package.csv,MeasurementPackage,kcm_measurement_set_ids,MEAS_SET_PANEL;MEAS_SET_RIB;MEAS_SET_SPAR;MEAS_SET_BRACKET
I_meas/measurement_package.csv,MeasurementPackage,process_measurement_set_ids,
I_meas/measurement_package.csv,MeasurementPackage,interface_test_set_ids,TEST_SET_AB;TEST_SET_BC;TEST_SET_AD;TEST_SET_BD
I_meas/measurement_package.csv,MeasurementPackage,kcp_measurement_set_ids,SAMPLE_ORACLE
I_meas/measurement_package.csv,MeasurementPackage,data_split_id,DS_MULTIPART
I_meas/measurement_package.csv,MeasurementPackage,common_coordinate_system_id,CS_ASSEMBLY
I_meas/measurement_package.csv,MeasurementPackage,unit_system_id,MM_N
I_meas/measurement_package.csv,MeasurementPackage,preprocessing_pipeline_id,SYNTHETIC_NONE
I_meas/measurement_package.csv,MeasurementPackage,metadata,"{""data_nature"":""SYNTHETIC_NUMERICAL_CONSISTENCY_CASE"",""engineering_claim_allowed"":false,""schema_version"":""V2.5"",""schema_revision"":""MULTI_PART_SERIAL_PARALLEL_2026-07""}"
I_meas/measurement_record.csv,MeasurementRecord,measurement_id,MEAS_PANEL
I_meas/measurement_record.csv,MeasurementRecord,measurement_set_id,MEAS_SET_PANEL
I_meas/measurement_record.csv,MeasurementRecord,sample_id,SAMPLE_001
I_meas/measurement_record.csv,MeasurementRecord,object_type,Part
I_meas/measurement_record.csv,MeasurementRecord,object_id,P_PANEL_A
I_meas/measurement_record.csv,MeasurementRecord,feature_definition_id,KCM_PANEL_PROFILE
I_meas/measurement_record.csv,MeasurementRecord,interface_id_optional,
I_meas/measurement_record.csv,MeasurementRecord,part_id_optional,P_PANEL_A
I_meas/measurement_record.csv,MeasurementRecord,assembly_id_optional,
I_meas/measurement_record.csv,MeasurementRecord,stage_id,FREE
I_meas/measurement_record.csv,MeasurementRecord,support_state,KNOWN_SUPPORT
I_meas/measurement_record.csv,MeasurementRecord,load_state,FREE
I_meas/measurement_record.csv,MeasurementRecord,timestamp_optional,2026-07-14T00:00:00+09:00
I_meas/measurement_record.csv,MeasurementRecord,location,"[50,0,0]"
I_meas/measurement_record.csv,MeasurementRecord,direction,"[0,0,1]"
I_meas/measurement_record.csv,MeasurementRecord,coordinate_system_id,CS_ASSEMBLY
I_meas/measurement_record.csv,MeasurementRecord,value,0.005
I_meas/measurement_record.csv,MeasurementRecord,unit,mm
I_meas/measurement_record.csv,MeasurementRecord,standard_uncertainty,0.01
I_meas/measurement_record.csv,MeasurementRecord,covariance_block_id_optional,COV_MEAS_SYNTH
I_meas/measurement_record.csv,MeasurementRecord,sensor_or_device_id,SENSOR_SYNTH
I_meas/measurement_record.csv,MeasurementRecord,calibration_certificate_id_optional,SENCAL_SYNTH
I_meas/measurement_record.csv,MeasurementRecord,acquisition_method,SYNTHETIC_FIXTURE
I_meas/measurement_record.csv,MeasurementRecord,preprocessing_history,none
I_meas/measurement_record.csv,MeasurementRecord,update_target,SMS
I_meas/measurement_record.csv,MeasurementRecord,data_role,IDENTIFY
I_meas/measurement_record.csv,MeasurementRecord,quality_flag,PASS
I_meas/measurement_record.csv,MeasurementRecord,reference_state_id_optional,REF_NOMINAL
I_meas/measurement_record.csv,MeasurementRecord,increment_definition_id_optional,INC_ABS
I_meas/measurement_record.csv,MeasurementRecord,missing_reason_optional,
I_meas/measurement_record.csv,MeasurementRecord,metadata,"{""data_nature"":""SYNTHETIC_NUMERICAL_CONSISTENCY_CASE"",""engineering_claim_allowed"":false,""schema_version"":""V2.5"",""schema_revision"":""MULTI_PART_SERIAL_PARALLEL_2026-07""}"
I_meas/measurement_state_compensation_result.csv,MeasurementStateCompensationResult,compensation_result_id,COMP_PANEL
I_meas/measurement_state_compensation_result.csv,MeasurementStateCompensationResult,measurement_state_id,MEAS_STATE_PANEL
I_meas/measurement_state_compensation_result.csv,MeasurementStateCompensationResult,raw_kcm_values,[0.005]
I_meas/measurement_state_compensation_result.csv,MeasurementStateCompensationResult,raw_covariance_R,COV_MEAS_SYNTH
I_meas/measurement_state_compensation_result.csv,MeasurementStateCompensationResult,pose_component,[0.0]
I_meas/measurement_state_compensation_result.csv,MeasurementStateCompensationResult,structural_component,[0.0]
I_meas/measurement_state_compensation_result.csv,MeasurementStateCompensationResult,local_contact_component_optional,[0.0]
I_meas/measurement_state_compensation_result.csv,MeasurementStateCompensationResult,bias_component,[0.0]
I_meas/measurement_state_compensation_result.csv,MeasurementStateCompensationResult,equivalent_reference_kcm,[0.005]
I_meas/measurement_state_compensation_result.csv,MeasurementStateCompensationResult,equivalent_covariance_R_ref,COV_MEAS_SYNTH
I_meas/measurement_state_compensation_result.csv,MeasurementStateCompensationResult,compensation_method,FE_CORRECTION
I_meas/measurement_state_compensation_result.csv,MeasurementStateCompensationResult,target_reference_state_id,REF_NOMINAL
I_meas/measurement_state_compensation_result.csv,MeasurementStateCompensationResult,excluded_deformation_source_ids,GRAVITY_M;FIXTURE_M;LOCAL_CONTACT_M
I_meas/measurement_state_compensation_result.csv,MeasurementStateCompensationResult,identifiability_metrics,"{""rank"":1}"
I_meas/measurement_state_compensation_result.csv,MeasurementStateCompensationResult,quality_flag,PASS
I_meas/measurement_state_compensation_result.csv,MeasurementStateCompensationResult,metadata,"{""data_nature"":""SYNTHETIC_NUMERICAL_CONSISTENCY_CASE"",""engineering_claim_allowed"":false,""schema_version"":""V2.5"",""schema_revision"":""MULTI_PART_SERIAL_PARALLEL_2026-07""}"
I_meas/measurement_state_snapshot.csv,MeasurementStateSnapshot,measurement_state_id,MEAS_STATE_PANEL
I_meas/measurement_state_snapshot.csv,MeasurementStateSnapshot,measurement_set_id,MEAS_SET_PANEL
I_meas/measurement_state_snapshot.csv,MeasurementStateSnapshot,sample_id,SAMPLE_001
I_meas/measurement_state_snapshot.csv,MeasurementStateSnapshot,part_id,P_PANEL_A
I_meas/measurement_state_snapshot.csv,MeasurementStateSnapshot,support_state,KNOWN_SUPPORT
I_meas/measurement_state_snapshot.csv,MeasurementStateSnapshot,load_state,FREE
I_meas/measurement_state_snapshot.csv,MeasurementStateSnapshot,target_reference_state_id,REF_NOMINAL
I_meas/measurement_state_snapshot.csv,MeasurementStateSnapshot,boundary_condition_ids,BND_PANEL_BASE
I_meas/measurement_state_snapshot.csv,MeasurementStateSnapshot,measured_load_ids,
I_meas/measurement_state_snapshot.csv,MeasurementStateSnapshot,fixture_model_id,FIXTURE_SYNTH
I_meas/measurement_state_snapshot.csv,MeasurementStateSnapshot,gravity_vector,"[0,0,-9.81]"
I_meas/measurement_state_snapshot.csv,MeasurementStateSnapshot,temperature_optional,20
I_meas/measurement_state_snapshot.csv,MeasurementStateSnapshot,measurement_coordinate_system_id,CS_ASSEMBLY
I_meas/measurement_state_snapshot.csv,MeasurementStateSnapshot,model_coordinate_system_id,CS_ASSEMBLY
I_meas/measurement_state_snapshot.csv,MeasurementStateSnapshot,coordinate_transform_id,IDENTITY
I_meas/measurement_state_snapshot.csv,MeasurementStateSnapshot,transform_covariance_optional,
I_meas/measurement_state_snapshot.csv,MeasurementStateSnapshot,acquisition_timestamp,2026-07-14T00:00:00+09:00
I_meas/measurement_state_snapshot.csv,MeasurementStateSnapshot,state_quality_flag,PASS
I_meas/measurement_state_snapshot.csv,MeasurementStateSnapshot,metadata,"{""data_nature"":""SYNTHETIC_NUMERICAL_CONSISTENCY_CASE"",""engineering_claim_allowed"":false,""schema_version"":""V2.5"",""schema_revision"":""MULTI_PART_SERIAL_PARALLEL_2026-07""}"
I_meas/sensor_calibration.csv,SensorCalibration,sensor_calibration_id,SENCAL_SYNTH
I_meas/sensor_calibration.csv,SensorCalibration,sensor_id,SENSOR_SYNTH
I_meas/sensor_calibration.csv,SensorCalibration,sensor_type,DISPLACEMENT
I_meas/sensor_calibration.csv,SensorCalibration,calibration_method,SYNTHETIC_EXACT
I_meas/sensor_calibration.csv,SensorCalibration,bias,0.0
I_meas/sensor_calibration.csv,SensorCalibration,scale_factor,1.0
I_meas/sensor_calibration.csv,SensorCalibration,uncertainty,COV_SENSOR_SYNTH
I_meas/sensor_calibration.csv,SensorCalibration,validity_domain_id,VD_MULTIPART
I_meas/sensor_calibration.csv,SensorCalibration,quality_flag,PASS
I_meas/sensor_calibration.csv,SensorCalibration,metadata,"{""data_nature"":""SYNTHETIC_NUMERICAL_CONSISTENCY_CASE"",""engineering_claim_allowed"":false,""schema_version"":""V2.5"",""schema_revision"":""MULTI_PART_SERIAL_PARALLEL_2026-07""}"
I_red/boundary_inheritance_record.csv,BoundaryInheritanceRecord,boundary_inheritance_id,BIR_AB
I_red/boundary_inheritance_record.csv,BoundaryInheritanceRecord,local_model_id,LOCAL_MODEL_AB
I_red/boundary_inheritance_record.csv,BoundaryInheritanceRecord,stage_id,S_RELEASE_04
I_red/boundary_inheritance_record.csv,BoundaryInheritanceRecord,boundary_method,IMPEDANCE
I_red/boundary_inheritance_record.csv,BoundaryInheritanceRecord,source_global_case_id,COND_S_RELEASE_04
I_red/boundary_inheritance_record.csv,BoundaryInheritanceRecord,prescribed_cut_displacement_optional,[]
I_red/boundary_inheritance_record.csv,BoundaryInheritanceRecord,prescribed_cut_force_optional,[]
I_red/boundary_inheritance_record.csv,BoundaryInheritanceRecord,impedance_matrix_optional,W_STRUCT_RELEASE_04
I_red/boundary_inheritance_record.csv,BoundaryInheritanceRecord,coordinate_transform_id,IDENTITY
I_red/boundary_inheritance_record.csv,BoundaryInheritanceRecord,interpolation_error,0.0
I_red/boundary_inheritance_record.csv,BoundaryInheritanceRecord,boundary_reaction_check,PASS
I_red/boundary_inheritance_record.csv,BoundaryInheritanceRecord,valid_load_range,FIXTURE_ONLY
I_red/boundary_inheritance_record.csv,BoundaryInheritanceRecord,quality_flag,PASS
I_red/boundary_inheritance_record.csv,BoundaryInheritanceRecord,metadata,"{""data_nature"":""SYNTHETIC_NUMERICAL_CONSISTENCY_CASE"",""engineering_claim_allowed"":false,""schema_version"":""V2.5"",""schema_revision"":""MULTI_PART_SERIAL_PARALLEL_2026-07""}"
I_red/cache_invalidation_rule.csv,CacheInvalidationRule,rule_id,RULE_MULTIPART_COUPLING
I_red/cache_invalidation_rule.csv,CacheInvalidationRule,target_cache_type,I_RED
I_red/cache_invalidation_rule.csv,CacheInvalidationRule,dependency_fields,"topology,vector_layout,mesh,material,boundary,joint,contact_mapping"
I_red/cache_invalidation_rule.csv,CacheInvalidationRule,invalidation_condition,any dependency hash changed
I_red/cache_invalidation_rule.csv,CacheInvalidationRule,required_action,REBUILD_IRED
I_red/cache_invalidation_rule.csv,CacheInvalidationRule,severity,FAIL
I_red/condensed_operator.csv,CondensedOperator,condensed_operator_id,COND_S_LOCATE_01
I_red/condensed_operator.csv,CondensedOperator,stage_id,S_LOCATE_01
I_red/condensed_operator.csv,CondensedOperator,dof_partition_id,DOFP_S_LOCATE_01
I_red/condensed_operator.csv,CondensedOperator,K_II_id,
I_red/condensed_operator.csv,CondensedOperator,K_I_Gamma_id,
I_red/condensed_operator.csv,CondensedOperator,K_Gamma_I_id,
I_red/condensed_operator.csv,CondensedOperator,K_Gamma_Gamma_id,K_GAMMA_LOCATE_01
I_red/condensed_operator.csv,CondensedOperator,Kbar_Gamma,K_GAMMA_LOCATE_01
I_red/condensed_operator.csv,CondensedOperator,Fbar_Gamma,RFV_S_LOCATE_01
I_red/condensed_operator.csv,CondensedOperator,W_struct_id,W_STRUCT_LOCATE_01
I_red/condensed_operator.csv,CondensedOperator,factorization_id,FACT_S_LOCATE_01
I_red/condensed_operator.csv,CondensedOperator,symmetry_error,0.000e+00
I_red/condensed_operator.csv,CondensedOperator,positive_definiteness_check,PASS
I_red/condensed_operator.csv,CondensedOperator,condition_estimate,2.6493054
I_red/condensed_operator.csv,CondensedOperator,derivation_source_model_id,FE_SYNTHETIC_MULTIPART
I_red/condensed_operator.csv,CondensedOperator,included_physics_struct,four_part_global_flexibility_with_cross_interface_coupling
I_red/condensed_operator.csv,CondensedOperator,material_dependency_ids,MAT_CFRP_DEFAULT;MAT_METAL_DEFAULT
I_red/condensed_operator.csv,CondensedOperator,layup_dependency_ids_optional,LAYUP_PANEL;LAYUP_RIB
I_red/condensed_operator.csv,CondensedOperator,thickness_dependency_ids,THK_PANEL;THK_RIB;THK_SPAR;THK_BRACKET
I_red/condensed_operator.csv,CondensedOperator,joint_state_dependency_ids,
I_red/condensed_operator.csv,CondensedOperator,boundary_condition_dependency_ids,BND_PANEL_BASE;BND_RIB_PIN;BND_SPAR_SUPPORT;BND_BRACKET_PIN
I_red/condensed_operator.csv,CondensedOperator,load_reference_ids,LOAD_GRAVITY_ALL
I_red/condensed_operator.csv,CondensedOperator,valid_stage_load_range,SYNTHETIC_FIXTURE_ONLY
I_red/condensed_operator.csv,CondensedOperator,valid_geometry_deviation_range,"[-0.02,0.12] mm"
I_red/condensed_operator.csv,CondensedOperator,operator_rebuild_rule,REBUILD_IRED_ON_TOPOLOGY_BOUNDARY_JOINT_OR_MAPPING_CHANGE
I_red/condensed_operator.csv,CondensedOperator,metadata,"{""data_nature"":""SYNTHETIC_NUMERICAL_CONSISTENCY_CASE"",""engineering_claim_allowed"":false,""schema_version"":""V2.5"",""schema_revision"":""MULTI_PART_SERIAL_PARALLEL_2026-07""}"
I_red/dof_partition.csv,DofPartition,dof_partition_id,DOFP_S_LOCATE_01
I_red/dof_partition.csv,DofPartition,stage_id,S_LOCATE_01
I_red/dof_partition.csv,DofPartition,full_free_dof_ids,"[0,1,2,3,4,5,6,7,8,9,10,11]"
I_red/dof_partition.csv,DofPartition,internal_dof_ids,[]
I_red/dof_partition.csv,DofPartition,interface_dof_ids,"[0,1,2,3,4,5,6,7,8,9,10,11]"
I_red/dof_partition.csv,DofPartition,kcp_related_dof_ids,"[0,1,2,3,4,5,6,7,8,9,10,11]"
I_red/dof_partition.csv,DofPartition,prescribed_dof_ids,"[0,1,2,3]"
I_red/dof_partition.csv,DofPartition,permutation_vector,"[0,1,2,3,4,5,6,7,8,9,10,11]"
I_red/dof_partition.csv,DofPartition,rigid_body_mode_check,PASS
I_red/dof_partition.csv,DofPartition,metadata,"{""data_nature"":""SYNTHETIC_NUMERICAL_CONSISTENCY_CASE"",""engineering_claim_allowed"":false,""schema_version"":""V2.5"",""schema_revision"":""MULTI_PART_SERIAL_PARALLEL_2026-07""}"
I_red/factorization_cache.csv,FactorizationCache,factorization_id,FACT_S_LOCATE_01
I_red/factorization_cache.csv,FactorizationCache,matrix_id,K_GAMMA_LOCATE_01
I_red/factorization_cache.csv,FactorizationCache,factorization_type,CHOLESKY
I_red/factorization_cache.csv,FactorizationCache,permutation,"[0,1,2,3,4,5,6,7,8,9,10,11]"
I_red/factorization_cache.csv,FactorizationCache,factor_data_reference,NOT_PERSISTED_FOR_FIXTURE
I_red/factorization_cache.csv,FactorizationCache,matrix_checksum,33fb37f579556343d20e40c4dbe5e5bd00ffa3b819cb667ad3db6f2cf2e40938
I_red/factorization_cache.csv,FactorizationCache,software_version,numpy
I_red/factorization_cache.csv,FactorizationCache,reusable_conditions,"same topology, vector layout, boundary and joint activation"
I_red/factorization_cache.csv,FactorizationCache,invalidation_rules,RULE_MULTIPART_COUPLING
I_red/factorization_cache.csv,FactorizationCache,metadata,"{""data_nature"":""SYNTHETIC_NUMERICAL_CONSISTENCY_CASE"",""engineering_claim_allowed"":false,""schema_version"":""V2.5"",""schema_revision"":""MULTI_PART_SERIAL_PARALLEL_2026-07""}"
I_red/local_model_validation_result.csv,LocalModelValidationResult,validation_id,LMV_AB
I_red/local_model_validation_result.csv,LocalModelValidationResult,local_model_id,LOCAL_MODEL_AB
I_red/local_model_validation_result.csv,LocalModelValidationResult,compared_global_case_ids,COND_S_RELEASE_04
I_red/local_model_validation_result.csv,LocalModelValidationResult,compared_quantities,interface_displacement;contact_pressure
I_red/local_model_validation_result.csv,LocalModelValidationResult,error_metrics,"{""relative_error"":0.0}"
I_red/local_model_validation_result.csv,LocalModelValidationResult,acceptance_criteria,relative_error<=1e-8
I_red/local_model_validation_result.csv,LocalModelValidationResult,pass_fail,PASS
I_red/local_model_validation_result.csv,LocalModelValidationResult,metadata,"{""data_nature"":""SYNTHETIC_NUMERICAL_CONSISTENCY_CASE"",""engineering_claim_allowed"":false,""schema_version"":""V2.5"",""schema_revision"":""MULTI_PART_SERIAL_PARALLEL_2026-07""}"
I_red/local_submodel_extraction.csv,LocalSubmodelExtraction,local_model_id,LOCAL_MODEL_AB
I_red/local_submodel_extraction.csv,LocalSubmodelExtraction,global_model_id,NM_MULTIPART
I_red/local_submodel_extraction.csv,LocalSubmodelExtraction,interface_id,G_PANEL_RIB
I_red/local_submodel_extraction.csv,LocalSubmodelExtraction,local_region_id,LR_AB
I_red/local_submodel_extraction.csv,LocalSubmodelExtraction,extraction_method,synthetic_condensed_submodel
I_red/local_submodel_extraction.csv,LocalSubmodelExtraction,global_to_local_node_map,{}
I_red/local_submodel_extraction.csv,LocalSubmodelExtraction,global_to_local_surface_map,{}
I_red/local_submodel_extraction.csv,LocalSubmodelExtraction,retained_material_ids,MAT_CFRP_DEFAULT;MAT_METAL_DEFAULT
I_red/local_submodel_extraction.csv,LocalSubmodelExtraction,retained_layup_ids_optional,LAYUP_PANEL;LAYUP_RIB
I_red/local_submodel_extraction.csv,LocalSubmodelExtraction,retained_joint_ids,JNT_PANEL_RIB
I_red/local_submodel_extraction.csv,LocalSubmodelExtraction,cut_boundary_node_ids,[]
I_red/local_submodel_extraction.csv,LocalSubmodelExtraction,mesh_refinement_rule,three_point_fixture
I_red/local_submodel_extraction.csv,LocalSubmodelExtraction,source_stage_ids,S_LOCATE_01;S_CLAMP_02;S_JOIN_03;S_RELEASE_04
I_red/local_submodel_extraction.csv,LocalSubmodelExtraction,extraction_quality_metrics,"{""synthetic"":true}"
I_red/local_submodel_extraction.csv,LocalSubmodelExtraction,metadata,"{""data_nature"":""SYNTHETIC_NUMERICAL_CONSISTENCY_CASE"",""engineering_claim_allowed"":false,""schema_version"":""V2.5"",""schema_revision"":""MULTI_PART_SERIAL_PARALLEL_2026-07""}"
I_stage/boundary_item.csv,BoundaryItem,boundary_id,BND_PANEL_BASE
I_stage/boundary_item.csv,BoundaryItem,boundary_type,LOCATOR_SUPPORT
I_stage/boundary_item.csv,BoundaryItem,target_object_id,P_PANEL_A
I_stage/boundary_item.csv,BoundaryItem,target_dofs,"[0,1,2]"
I_stage/boundary_item.csv,BoundaryItem,direction,"[0,0,1]"
I_stage/boundary_item.csv,BoundaryItem,prescribed_value,0.0
I_stage/boundary_item.csv,BoundaryItem,stiffness_optional,1000000.0
I_stage/boundary_item.csv,BoundaryItem,stage_activation,S_LOCATE_01;S_CLAMP_02;S_JOIN_03
I_stage/boundary_item.csv,BoundaryItem,uncertainty_optional,0.001
I_stage/boundary_item.csv,BoundaryItem,measured_value_id_optional,
I_stage/boundary_item.csv,BoundaryItem,metadata,"{""data_nature"":""SYNTHETIC_NUMERICAL_CONSISTENCY_CASE"",""engineering_claim_allowed"":false,""schema_version"":""V2.5"",""schema_revision"":""MULTI_PART_SERIAL_PARALLEL_2026-07""}"
I_stage/connection_lock_history.csv,ConnectionLockHistory,lock_history_id,LOCK_HIST_MULTIPART
I_stage/connection_lock_history.csv,ConnectionLockHistory,sample_id,SAMPLE_001
I_stage/connection_lock_history.csv,ConnectionLockHistory,join_stage_id,S_JOIN_03
I_stage/connection_lock_history.csv,ConnectionLockHistory,joint_ids,JNT_PANEL_RIB;JNT_RIB_SPAR;JNT_PANEL_BRACKET;JNT_RIB_BRACKET
I_stage/connection_lock_history.csv,ConnectionLockHistory,locked_reference_dofs,"[0,1,2,3,4,5,6,7,8,9,10,11]"
I_stage/connection_lock_history.csv,ConnectionLockHistory,locked_reference_values,"[0.0,0.0,0.0124689102,0.0,0.0083611592,0.004246172,0.0,0.0140685211,0.0071175738,0.0,0.0004571547,0.0125399708]"
I_stage/connection_lock_history.csv,ConnectionLockHistory,preload_actual,"{""JNT_PANEL_RIB"":15.0,""JNT_RIB_SPAR"":15.0,""JNT_PANEL_BRACKET"":15.0,""JNT_RIB_BRACKET"":15.0}"
I_stage/connection_lock_history.csv,ConnectionLockHistory,joint_stiffness,"{""JNT_PANEL_RIB"":5000.0,""JNT_RIB_SPAR"":5000.0,""JNT_PANEL_BRACKET"":5000.0,""JNT_RIB_BRACKET"":5000.0}"
I_stage/connection_lock_history.csv,ConnectionLockHistory,locked_contact_mode_id,MODE_JOIN_03
I_stage/connection_lock_history.csv,ConnectionLockHistory,slip_history_ids_optional,
I_stage/connection_lock_history.csv,ConnectionLockHistory,source_ids,LOAD_PRELOAD_G_PANEL_RIB;LOAD_PRELOAD_G_RIB_SPAR;LOAD_PRELOAD_G_PANEL_BRACKET;LOAD_PRELOAD_G_RIB_BRACKET
I_stage/connection_lock_history.csv,ConnectionLockHistory,covariance_optional,
I_stage/connection_lock_history.csv,ConnectionLockHistory,metadata,"{""data_nature"":""SYNTHETIC_NUMERICAL_CONSISTENCY_CASE"",""engineering_claim_allowed"":false,""schema_version"":""V2.5"",""schema_revision"":""MULTI_PART_SERIAL_PARALLEL_2026-07""}"
I_stage/interface_stage_state.csv,InterfaceStageState,interface_stage_state_id,IF_STATE_1_LOCATE_01
I_stage/interface_stage_state.csv,InterfaceStageState,sample_id,SAMPLE_001
I_stage/interface_stage_state.csv,InterfaceStageState,stage_id,S_LOCATE_01
I_stage/interface_stage_state.csv,InterfaceStageState,subassembly_id,ASM_ABCD
I_stage/interface_stage_state.csv,InterfaceStageState,interface_id,G_PANEL_RIB
I_stage/interface_stage_state.csv,InterfaceStageState,contact_domain_id,CD_PANEL_RIB
I_stage/interface_stage_state.csv,InterfaceStageState,parent_interface_state_id_optional,
I_stage/interface_stage_state.csv,InterfaceStageState,vector_layout_id,VL_CONTACT_ALL_12
I_stage/interface_stage_state.csv,InterfaceStageState,gap_g,"[0.08,0.04,0.06]"
I_stage/interface_stage_state.csv,InterfaceStageState,lambda_n,"[0.0,0.0,0.0]"
I_stage/interface_stage_state.csv,InterfaceStageState,pressure_p_n,"[0.0,0.0,0.0]"
I_stage/interface_stage_state.csv,InterfaceStageState,local_compression_w_n,"[0.0,0.0,0.0]"
I_stage/interface_stage_state.csv,InterfaceStageState,contact_mode_local_indices,[]
I_stage/interface_stage_state.csv,InterfaceStageState,joint_lock_history_id_optional,
I_stage/interface_stage_state.csv,InterfaceStageState,reference_state_id,REF_NOMINAL
I_stage/interface_stage_state.csv,InterfaceStageState,quality_flag,PASS
I_stage/interface_stage_state.csv,InterfaceStageState,metadata,"{""data_nature"":""SYNTHETIC_NUMERICAL_CONSISTENCY_CASE"",""engineering_claim_allowed"":false,""schema_version"":""V2.5"",""schema_revision"":""MULTI_PART_SERIAL_PARALLEL_2026-07""}"
I_stage/load_item.csv,LoadItem,load_id,LOAD_GRAVITY_ALL
I_stage/load_item.csv,LoadItem,load_type,GRAVITY_EQUIVALENT
I_stage/load_item.csv,LoadItem,target_object_id,ASM_ABCD
I_stage/load_item.csv,LoadItem,direction,"[0,0,-1]"
I_stage/load_item.csv,LoadItem,magnitude,1.0
I_stage/load_item.csv,LoadItem,load_curve_optional,
I_stage/load_item.csv,LoadItem,distributed_area_optional,
I_stage/load_item.csv,LoadItem,stage_activation,S_LOCATE_01;S_CLAMP_02;S_JOIN_03;S_RELEASE_04
I_stage/load_item.csv,LoadItem,uncertainty_model_id_optional,UNC_GRAVITY
I_stage/load_item.csv,LoadItem,measured_value_id_optional,
I_stage/load_item.csv,LoadItem,metadata,"{""data_nature"":""SYNTHETIC_NUMERICAL_CONSISTENCY_CASE"",""engineering_claim_allowed"":false,""schema_version"":""V2.5"",""schema_revision"":""MULTI_PART_SERIAL_PARALLEL_2026-07""}"
I_stage/locator_compliance.csv,LocatorCompliance,compliance_id,
I_stage/locator_compliance.csv,LocatorCompliance,locator_element_id,
I_stage/locator_compliance.csv,LocatorCompliance,stiffness_or_compliance_type,
I_stage/locator_compliance.csv,LocatorCompliance,normal_compliance_Cn,
I_stage/locator_compliance.csv,LocatorCompliance,tangential_compliance_Ct_optional,
I_stage/locator_compliance.csv,LocatorCompliance,covariance_optional,
I_stage/locator_compliance.csv,LocatorCompliance,validity_domain_id,
I_stage/locator_compliance.csv,LocatorCompliance,source_calibration_ids,
I_stage/locator_compliance.csv,LocatorCompliance,quality_flag,
I_stage/locator_compliance.csv,LocatorCompliance,metadata,
I_stage/locator_element.csv,LocatorElement,locator_element_id,
I_stage/locator_element.csv,LocatorElement,locator_group_id,
I_stage/locator_element.csv,LocatorElement,element_type,
I_stage/locator_element.csv,LocatorElement,target_object_id,
I_stage/locator_element.csv,LocatorElement,location,
I_stage/locator_element.csv,LocatorElement,normal_n,
I_stage/locator_element.csv,LocatorElement,tangent_basis_T,
I_stage/locator_element.csv,LocatorElement,area_weight,
I_stage/locator_element.csv,LocatorElement,unilateral_or_bilateral,
I_stage/locator_element.csv,LocatorElement,initial_clearance_g0,
I_stage/locator_element.csv,LocatorElement,command_displacement,
I_stage/locator_element.csv,LocatorElement,preload_optional,
I_stage/locator_element.csv,LocatorElement,active_stage_ids,
I_stage/locator_element.csv,LocatorElement,source_ids,
I_stage/locator_element.csv,LocatorElement,metadata,
I_stage/overconstraint_locator_group.csv,OverconstraintLocatorGroup,locator_group_id,
I_stage/overconstraint_locator_group.csv,OverconstraintLocatorGroup,stage_ids,
I_stage/overconstraint_locator_group.csv,OverconstraintLocatorGroup,locator_element_ids,
I_stage/overconstraint_locator_group.csv,OverconstraintLocatorGroup,group_type,
I_stage/overconstraint_locator_group.csv,OverconstraintLocatorGroup,activation_rule,
I_stage/overconstraint_locator_group.csv,OverconstraintLocatorGroup,reference_state_id,
I_stage/overconstraint_locator_group.csv,OverconstraintLocatorGroup,uncertainty_model_id,
I_stage/overconstraint_locator_group.csv,OverconstraintLocatorGroup,quality_flag,
I_stage/overconstraint_locator_group.csv,OverconstraintLocatorGroup,metadata,
I_stage/part_stage_state.csv,PartStageState,part_stage_state_id,PART_STATE_PANEL_LOCATE_01
I_stage/part_stage_state.csv,PartStageState,sample_id,SAMPLE_001
I_stage/part_stage_state.csv,PartStageState,stage_id,S_LOCATE_01
I_stage/part_stage_state.csv,PartStageState,subassembly_id,ASM_ABCD
I_stage/part_stage_state.csv,PartStageState,part_id,P_PANEL_A
I_stage/part_stage_state.csv,PartStageState,parent_part_state_id_optional,
I_stage/part_stage_state.csv,PartStageState,pose_state,"[0.0,0.0,0.0,0.0,0.0,0.0]"
I_stage/part_stage_state.csv,PartStageState,structural_displacement_vector_id,U_PART_PANEL_LOCATE_01
I_stage/part_stage_state.csv,PartStageState,reference_state_id,REF_NOMINAL
I_stage/part_stage_state.csv,PartStageState,absolute_or_increment,absolute
I_stage/part_stage_state.csv,PartStageState,covariance_id_optional,
I_stage/part_stage_state.csv,PartStageState,quality_flag,PASS
I_stage/part_stage_state.csv,PartStageState,metadata,"{""data_nature"":""SYNTHETIC_NUMERICAL_CONSISTENCY_CASE"",""engineering_claim_allowed"":false,""schema_version"":""V2.5"",""schema_revision"":""MULTI_PART_SERIAL_PARALLEL_2026-07""}"
I_stage/reduced_force_vector.csv,ReducedForceVector,reduced_force_vector_id,RFV_S_LOCATE_01
I_stage/reduced_force_vector.csv,ReducedForceVector,stage_id,S_LOCATE_01
I_stage/reduced_force_vector.csv,ReducedForceVector,source_load_item_ids,LOAD_GRAVITY_ALL
I_stage/reduced_force_vector.csv,ReducedForceVector,gravity_component,"[0.0,0.0,0.0,0.0,0.0,0.0,0.0,0.0,0.0,0.0,0.0,0.0]"
I_stage/reduced_force_vector.csv,ReducedForceVector,clamp_component,"[0.0,0.0,0.0,0.0,0.0,0.0,0.0,0.0,0.0,0.0,0.0,0.0]"
I_stage/reduced_force_vector.csv,ReducedForceVector,preload_component,"[0.0,0.0,0.0,0.0,0.0,0.0,0.0,0.0,0.0,0.0,0.0,0.0]"
I_stage/reduced_force_vector.csv,ReducedForceVector,prescribed_displacement_equivalent_component_optional,"[0.0,0.0,0.0,0.0,0.0,0.0,0.0,0.0,0.0,0.0,0.0,0.0]"
I_stage/reduced_force_vector.csv,ReducedForceVector,force_covariance_optional,
I_stage/reduced_force_vector.csv,ReducedForceVector,unit,N_equivalent_and_mm_command_by_component
I_stage/reduced_force_vector.csv,ReducedForceVector,metadata,"{""data_nature"":""SYNTHETIC_NUMERICAL_CONSISTENCY_CASE"",""engineering_claim_allowed"":false,""schema_version"":""V2.5"",""schema_revision"":""MULTI_PART_SERIAL_PARALLEL_2026-07""}"
I_stage/release_history_record.csv,ReleaseHistoryRecord,release_history_id,REL_HIST_MULTIPART
I_stage/release_history_record.csv,ReleaseHistoryRecord,sample_id,SAMPLE_001
I_stage/release_history_record.csv,ReleaseHistoryRecord,release_stage_id,S_RELEASE_04
I_stage/release_history_record.csv,ReleaseHistoryRecord,lock_history_id,LOCK_HIST_MULTIPART
I_stage/release_history_record.csv,ReleaseHistoryRecord,removed_boundary_ids,BND_PANEL_BASE;BND_RIB_PIN;BND_SPAR_SUPPORT;BND_BRACKET_PIN
I_stage/release_history_record.csv,ReleaseHistoryRecord,removed_load_ids,LOAD_CLAMP_G_PANEL_RIB;LOAD_CLAMP_G_RIB_SPAR;LOAD_CLAMP_G_PANEL_BRACKET;LOAD_CLAMP_G_RIB_BRACKET
I_stage/release_history_record.csv,ReleaseHistoryRecord,retained_joint_ids,JNT_PANEL_RIB;JNT_RIB_SPAR;JNT_PANEL_BRACKET;JNT_RIB_BRACKET
I_stage/release_history_record.csv,ReleaseHistoryRecord,residual_force_before_release,"[26.8629608771,12.7567895036,0.0,19.9307382657,0.0,0.0,18.2611652074,0.0,0.0,21.5149534596,0.0,0.0]"
I_stage/release_history_record.csv,ReleaseHistoryRecord,rebound_displacement,"[0.0,0.0034898384,0.0029889227,0.0,0.0027588912,0.0038408576,0.0,0.0046289429,0.004595893,0.0,0.0044034739,0.004338691]"
I_stage/release_history_record.csv,ReleaseHistoryRecord,release_increment_id,STAGE_INC_S_RELEASE_04
I_stage/release_history_record.csv,ReleaseHistoryRecord,kcp_contribution_ids,CONTR_RELEASE_REBOUND
I_stage/release_history_record.csv,ReleaseHistoryRecord,quality_flag,PASS
I_stage/release_history_record.csv,ReleaseHistoryRecord,metadata,"{""data_nature"":""SYNTHETIC_NUMERICAL_CONSISTENCY_CASE"",""engineering_claim_allowed"":false,""schema_version"":""V2.5"",""schema_revision"":""MULTI_PART_SERIAL_PARALLEL_2026-07""}"
I_stage/stage_increment.csv,StageIncrement,stage_increment_id,STAGE_INC_S_LOCATE_01
I_stage/stage_increment.csv,StageIncrement,sample_id,SAMPLE_001
I_stage/stage_increment.csv,StageIncrement,stage_id,S_LOCATE_01
I_stage/stage_increment.csv,StageIncrement,from_reference_state_id,REF_NOMINAL
I_stage/stage_increment.csv,StageIncrement,to_reference_state_id,REF_NOMINAL
I_stage/stage_increment.csv,StageIncrement,source_state_id,
I_stage/stage_increment.csv,StageIncrement,target_state_id,STAGE_STATE_S_LOCATE_01
I_stage/stage_increment.csv,StageIncrement,increment_vector,"[0.0,0.0,0.0,0.0,0.0,0.0,0.0,0.0,0.0,0.0,0.0,0.0]"
I_stage/stage_increment.csv,StageIncrement,increment_components,"{""G_PANEL_RIB"":[0.0,0.0,0.0],""G_RIB_SPAR"":[0.0,0.0,0.0],""G_PANEL_BRACKET"":[0.0,0.0,0.0],""G_RIB_BRACKET"":[0.0,0.0,0.0]}"
I_stage/stage_increment.csv,StageIncrement,increment_definition_id,INC_STAGE_CONTACT_LAYOUT_12
I_stage/stage_increment.csv,StageIncrement,deformation_source_ids,SRC_S_LOCATE_01
I_stage/stage_increment.csv,StageIncrement,covariance_optional,
I_stage/stage_increment.csv,StageIncrement,consumed_by_ids,PRED_MULTIPART
I_stage/stage_increment.csv,StageIncrement,quality_flag,PASS
I_stage/stage_increment.csv,StageIncrement,metadata,"{""data_nature"":""SYNTHETIC_NUMERICAL_CONSISTENCY_CASE"",""engineering_claim_allowed"":false,""schema_version"":""V2.5"",""schema_revision"":""MULTI_PART_SERIAL_PARALLEL_2026-07""}"
I_stage/stage_input.csv,StageInput,stage_input_id,STAGE_INPUT_S_LOCATE_01
I_stage/stage_input.csv,StageInput,stage_id,S_LOCATE_01
I_stage/stage_input.csv,StageInput,boundary_item_ids,BND_PANEL_BASE;BND_RIB_PIN;BND_SPAR_SUPPORT;BND_BRACKET_PIN
I_stage/stage_input.csv,StageInput,load_item_ids,LOAD_GRAVITY_ALL
I_stage/stage_input.csv,StageInput,active_joint_ids,
I_stage/stage_input.csv,StageInput,constraint_activation_vector,"[1,1,1,1]"
I_stage/stage_input.csv,StageInput,load_activation_vector,[1]
I_stage/stage_input.csv,StageInput,joint_activation_vector,"[0,0,0,0]"
I_stage/stage_input.csv,StageInput,reduced_stiffness_id,K_GAMMA_LOCATE_01
I_stage/stage_input.csv,StageInput,reduced_force_vector_id,RFV_S_LOCATE_01
I_stage/stage_input.csv,StageInput,inherited_state_id,
I_stage/stage_input.csv,StageInput,expected_measurement_set_ids,
I_stage/stage_input.csv,StageInput,reference_state_id,REF_NOMINAL
I_stage/stage_input.csv,StageInput,metadata,"{""data_nature"":""SYNTHETIC_NUMERICAL_CONSISTENCY_CASE"",""engineering_claim_allowed"":false,""schema_version"":""V2.5"",""schema_revision"":""MULTI_PART_SERIAL_PARALLEL_2026-07""}"
I_stage/stage_parameter_snapshot.csv,StageParameterSnapshot,stage_parameter_snapshot_id,STAGE_PARAM_1_LOCATE_01
I_stage/stage_parameter_snapshot.csv,StageParameterSnapshot,stage_id,S_LOCATE_01
I_stage/stage_parameter_snapshot.csv,StageParameterSnapshot,interface_id_optional,G_PANEL_RIB
I_stage/stage_parameter_snapshot.csv,StageParameterSnapshot,parameter_names,Cn
I_stage/stage_parameter_snapshot.csv,StageParameterSnapshot,parameter_values,"[0.00012,0.00012,0.00012]"
I_stage/stage_parameter_snapshot.csv,StageParameterSnapshot,covariance,
I_stage/stage_parameter_snapshot.csv,StageParameterSnapshot,parameter_scope,INTERFACE_BLOCK
I_stage/stage_parameter_snapshot.csv,StageParameterSnapshot,persistence_policy,PERSIST_WITHIN_VALID_DOMAIN
I_stage/stage_parameter_snapshot.csv,StageParameterSnapshot,validity_domain_id,VD_MULTIPART
I_stage/stage_parameter_snapshot.csv,StageParameterSnapshot,source_prior_or_update_ids,IPAR_AB
I_stage/stage_parameter_snapshot.csv,StageParameterSnapshot,update_permission,FROZEN_SYNTHETIC_FIXTURE
I_stage/stage_parameter_snapshot.csv,StageParameterSnapshot,active_bounds,"[0,inf]"
I_stage/stage_parameter_snapshot.csv,StageParameterSnapshot,quality_flag,PASS
I_stage/stage_parameter_snapshot.csv,StageParameterSnapshot,metadata,"{""data_nature"":""SYNTHETIC_NUMERICAL_CONSISTENCY_CASE"",""engineering_claim_allowed"":false,""schema_version"":""V2.5"",""schema_revision"":""MULTI_PART_SERIAL_PARALLEL_2026-07""}"
I_stage/stage_posterior_package.csv,StagePosteriorPackage,stage_posterior_package_id,STAGE_PKG_S_LOCATE_01
I_stage/stage_posterior_package.csv,StagePosteriorPackage,sample_id,SAMPLE_001
I_stage/stage_posterior_package.csv,StagePosteriorPackage,stage_id,S_LOCATE_01
I_stage/stage_posterior_package.csv,StagePosteriorPackage,posterior_state_snapshot_id,STAGE_STATE_S_LOCATE_01
I_stage/stage_posterior_package.csv,StagePosteriorPackage,posterior_parameter_snapshot_ids,STAGE_PARAM_1_LOCATE_01;STAGE_PARAM_2_LOCATE_01;STAGE_PARAM_3_LOCATE_01;STAGE_PARAM_4_LOCATE_01
I_stage/stage_posterior_package.csv,StagePosteriorPackage,stage_increment_id,STAGE_INC_S_LOCATE_01
I_stage/stage_posterior_package.csv,StagePosteriorPackage,transition_record_id,
I_stage/stage_posterior_package.csv,StagePosteriorPackage,locked_history_ids,
I_stage/stage_posterior_package.csv,StagePosteriorPackage,source_ledger_id,LEDGER_MULTIPART
I_stage/stage_posterior_package.csv,StagePosteriorPackage,parent_package_id_optional,
I_stage/stage_posterior_package.csv,StagePosteriorPackage,package_hash,550a1f5e3c050779ea38229c89e837019d3ead51814f93c0f52d37e974ffc93f
I_stage/stage_posterior_package.csv,StagePosteriorPackage,quality_flag,PASS
I_stage/stage_posterior_package.csv,StagePosteriorPackage,metadata,"{""data_nature"":""SYNTHETIC_NUMERICAL_CONSISTENCY_CASE"",""engineering_claim_allowed"":false,""schema_version"":""V2.5"",""schema_revision"":""MULTI_PART_SERIAL_PARALLEL_2026-07""}"
I_stage/stage_state_snapshot.csv,StageStateSnapshot,stage_state_snapshot_id,STAGE_STATE_S_LOCATE_01
I_stage/stage_state_snapshot.csv,StageStateSnapshot,sample_id,SAMPLE_001
I_stage/stage_state_snapshot.csv,StageStateSnapshot,stage_id,S_LOCATE_01
I_stage/stage_state_snapshot.csv,StageStateSnapshot,state_role,PREDICTED
I_stage/stage_state_snapshot.csv,StageStateSnapshot,reference_state_id,REF_NOMINAL
I_stage/stage_state_snapshot.csv,StageStateSnapshot,parent_stage_state_id_optional,
I_stage/stage_state_snapshot.csv,StageStateSnapshot,pose_state,"[0.0,0.0,0.0,0.0,0.0,0.0,0.0,0.0,0.0,0.0,0.0,0.0,0.0,0.0,0.0,0.0,0.0,0.0,0.0,0.0,0.0,0.0,0.0,0.0]"
I_stage/stage_state_snapshot.csv,StageStateSnapshot,interface_displacement,"[0.0,0.0,0.0,0.0,0.0,0.0,0.0,0.0,0.0,0.0,0.0,0.0]"
I_stage/stage_state_snapshot.csv,StageStateSnapshot,gap_g,"[0.08,0.04,0.06,0.05,0.03,0.04,0.1,0.07,0.09,0.09,0.06,0.08]"
I_stage/stage_state_snapshot.csv,StageStateSnapshot,lambda_n,"[0.0,0.0,0.0,0.0,0.0,0.0,0.0,0.0,0.0,0.0,0.0,0.0]"
I_stage/stage_state_snapshot.csv,StageStateSnapshot,lambda_t_optional,[]
I_stage/stage_state_snapshot.csv,StageStateSnapshot,pressure_p_n,"[0.0,0.0,0.0,0.0,0.0,0.0,0.0,0.0,0.0,0.0,0.0,0.0]"
I_stage/stage_state_snapshot.csv,StageStateSnapshot,local_compression_w_n,"[0.0,0.0,0.0,0.0,0.0,0.0,0.0,0.0,0.0,0.0,0.0,0.0]"
I_stage/stage_state_snapshot.csv,StageStateSnapshot,tangential_slip_d_t_optional,[]
I_stage/stage_state_snapshot.csv,StageStateSnapshot,contact_mode_id,MODE_LOCATE_01
I_stage/stage_state_snapshot.csv,StageStateSnapshot,joint_lock_state_optional,
I_stage/stage_state_snapshot.csv,StageStateSnapshot,state_covariance_id_optional,
I_stage/stage_state_snapshot.csv,StageStateSnapshot,absolute_or_increment,absolute
I_stage/stage_state_snapshot.csv,StageStateSnapshot,source_ledger_id,LEDGER_MULTIPART
I_stage/stage_state_snapshot.csv,StageStateSnapshot,quality_flag,PASS
I_stage/stage_state_snapshot.csv,StageStateSnapshot,metadata,"{""data_nature"":""SYNTHETIC_NUMERICAL_CONSISTENCY_CASE"",""engineering_claim_allowed"":false,""schema_version"":""V2.5"",""schema_revision"":""MULTI_PART_SERIAL_PARALLEL_2026-07""}"
I_stage/stage_transition_record.csv,StageTransitionRecord,transition_id,TRANS_S_LOCATE_01_TO_S_CLAMP_02
I_stage/stage_transition_record.csv,StageTransitionRecord,from_stage_id,S_LOCATE_01
I_stage/stage_transition_record.csv,StageTransitionRecord,to_stage_id,S_CLAMP_02
I_stage/stage_transition_record.csv,StageTransitionRecord,from_state_id,STAGE_STATE_S_LOCATE_01
I_stage/stage_transition_record.csv,StageTransitionRecord,to_predicted_state_id,STAGE_STATE_S_CLAMP_02
I_stage/stage_transition_record.csv,StageTransitionRecord,state_transfer_matrix_or_function,GLOBAL_COUPLED_STATE_TRANSFER
I_stage/stage_transition_record.csv,StageTransitionRecord,parameter_transfer_rules,PERSIST_INTERFACE_PARAMETERS_WITHIN_VALID_DOMAIN
I_stage/stage_transition_record.csv,StageTransitionRecord,activated_boundary_ids,BND_PANEL_BASE;BND_RIB_PIN;BND_SPAR_SUPPORT;BND_BRACKET_PIN
I_stage/stage_transition_record.csv,StageTransitionRecord,deactivated_boundary_ids,
I_stage/stage_transition_record.csv,StageTransitionRecord,activated_load_ids,LOAD_GRAVITY_ALL;LOAD_CLAMP_G_PANEL_RIB;LOAD_CLAMP_G_RIB_SPAR;LOAD_CLAMP_G_PANEL_BRACKET;LOAD_CLAMP_G_RIB_BRACKET
I_stage/stage_transition_record.csv,StageTransitionRecord,removed_load_ids,
I_stage/stage_transition_record.csv,StageTransitionRecord,actual_load_increment,"[16.2133069516,4.4817864607,0.0,12.4034312477,0.0,0.0,6.87360881,0.0,0.0,10.4414003964,0.0,0.0]"
I_stage/stage_transition_record.csv,StageTransitionRecord,joint_activation_change,
I_stage/stage_transition_record.csv,StageTransitionRecord,locked_history_ids,
I_stage/stage_transition_record.csv,StageTransitionRecord,covariance_transfer_id,COV_TRANS_MULTIPART
I_stage/stage_transition_record.csv,StageTransitionRecord,dependency_hash,03f7b7a0ce3d95de9e0b353fa96b6c49a6f733c65c0bdf45ba6839aa25bf718a
I_stage/stage_transition_record.csv,StageTransitionRecord,quality_flag,PASS
I_stage/stage_transition_record.csv,StageTransitionRecord,metadata,"{""data_nature"":""SYNTHETIC_NUMERICAL_CONSISTENCY_CASE"",""engineering_claim_allowed"":false,""schema_version"":""V2.5"",""schema_revision"":""MULTI_PART_SERIAL_PARALLEL_2026-07""}"
I_stat/monte_carlo_config.csv,MonteCarloConfig,mc_config_id,MC_DEFAULT
I_stat/monte_carlo_config.csv,MonteCarloConfig,random_variable_ids,alpha_sms;theta;e_proc
I_stat/monte_carlo_config.csv,MonteCarloConfig,joint_distribution_id,JD_DEFAULT
I_stat/monte_carlo_config.csv,MonteCarloConfig,sample_count,1
I_stat/monte_carlo_config.csv,MonteCarloConfig,random_seed,202607
I_stat/monte_carlo_config.csv,MonteCarloConfig,sampling_method,deterministic_placeholder
I_stat/monte_carlo_config.csv,MonteCarloConfig,batch_size,1
I_stat/monte_carlo_config.csv,MonteCarloConfig,parallel_settings,none
I_stat/monte_carlo_config.csv,MonteCarloConfig,mode_library_usage,none
I_stat/monte_carlo_config.csv,MonteCarloConfig,high_fidelity_fallback_budget,0
I_stat/monte_carlo_config.csv,MonteCarloConfig,stopping_rule_optional,
I_stat/monte_carlo_config.csv,MonteCarloConfig,metadata,"{""note"":""默认占位值；请替换为真实工程数据。"",""schema_version"":""V2.5""}"
I_stat/random_sample.csv,RandomSample,random_sample_id,RSAMPLE_DEFAULT
I_stat/random_sample.csv,RandomSample,mc_config_id,MC_DEFAULT
I_stat/random_sample.csv,RandomSample,sample_index,0
I_stat/random_sample.csv,RandomSample,alpha_sms,[0.0]
I_stat/random_sample.csv,RandomSample,interface_parameter_sample,[0.0001]
I_stat/random_sample.csv,RandomSample,process_error_sample,[0.0]
I_stat/random_sample.csv,RandomSample,measurement_error_sample_optional,[0.0]
I_stat/random_sample.csv,RandomSample,locator_compliance_sample_optional,[0.0001]
I_stat/random_sample.csv,RandomSample,preload_or_command_displacement_sample_optional,[0.0]
I_stat/random_sample.csv,RandomSample,correlation_preserved,FALSE
I_stat/random_sample.csv,RandomSample,source_distribution_ids,JD_DEFAULT
I_stat/random_sample.csv,RandomSample,metadata,"{""note"":""默认占位值；请替换为真实工程数据。"",""schema_version"":""V2.5""}"
I_stat/sensitivity_result.csv,SensitivityResult,sensitivity_result_id,SENS_DEFAULT
I_stat/sensitivity_result.csv,SensitivityResult,target_kcp_ids,KCP_END_GAP
I_stat/sensitivity_result.csv,SensitivityResult,input_variable_groups,SMS;INTERFACE;PROCESS
I_stat/sensitivity_result.csv,SensitivityResult,method,placeholder
I_stat/sensitivity_result.csv,SensitivityResult,local_mode_sensitivities_optional,{}
I_stat/sensitivity_result.csv,SensitivityResult,first_order_indices,{}
I_stat/sensitivity_result.csv,SensitivityResult,total_order_indices_optional,{}
I_stat/sensitivity_result.csv,SensitivityResult,ranking,[]
I_stat/sensitivity_result.csv,SensitivityResult,confidence_intervals,{}
I_stat/sensitivity_result.csv,SensitivityResult,sample_ids,SAMPLE_001
I_stat/sensitivity_result.csv,SensitivityResult,metadata,"{""note"":""默认占位值；请替换为真实工程数据。"",""schema_version"":""V2.5""}"
I_stat/statistical_prediction_result.csv,StatisticalPredictionResult,statistical_result_id,STAT_DEFAULT
I_stat/statistical_prediction_result.csv,StatisticalPredictionResult,mc_config_id,MC_DEFAULT
I_stat/statistical_prediction_result.csv,StatisticalPredictionResult,kcp_ids,KCP_END_GAP
I_stat/statistical_prediction_result.csv,StatisticalPredictionResult,mean_vector,[0.0]
I_stat/statistical_prediction_result.csv,StatisticalPredictionResult,covariance_matrix,[[0.0]]
I_stat/statistical_prediction_result.csv,StatisticalPredictionResult,quantiles,{}
I_stat/statistical_prediction_result.csv,StatisticalPredictionResult,failure_probabilities,{}
I_stat/statistical_prediction_result.csv,StatisticalPredictionResult,confidence_intervals,{}
I_stat/statistical_prediction_result.csv,StatisticalPredictionResult,mode_frequency_statistics,{}
I_stat/statistical_prediction_result.csv,StatisticalPredictionResult,out_of_domain_rate,0.0
I_stat/statistical_prediction_result.csv,StatisticalPredictionResult,nonconvergence_rate,0.0
I_stat/statistical_prediction_result.csv,StatisticalPredictionResult,overconstraint_mode_frequency_optional,{}
I_stat/statistical_prediction_result.csv,StatisticalPredictionResult,runtime_statistics,{}
I_stat/statistical_prediction_result.csv,StatisticalPredictionResult,metadata,"{""note"":""默认占位值；请替换为真实工程数据。"",""schema_version"":""V2.5""}"
matrices/matrix_manifest.csv,MatrixManifest,matrix_id,BN_AB
matrices/matrix_manifest.csv,MatrixManifest,npz_file,multi_part_matrices.npz
matrices/matrix_manifest.csv,MatrixManifest,npz_key,BN_AB
matrices/matrix_manifest.csv,MatrixManifest,shape,"[3,12]"
matrices/matrix_manifest.csv,MatrixManifest,unit,mixed_by_object_definition
matrices/matrix_manifest.csv,MatrixManifest,row_layout_id_optional,
matrices/matrix_manifest.csv,MatrixManifest,column_layout_id_optional,
matrices/matrix_manifest.csv,MatrixManifest,derivation_source,SYNTHETIC_COUPLED_SPD_FIXTURE
matrices/matrix_manifest.csv,MatrixManifest,description,多零件串并联数值一致性测试矩阵；不得作为工程实测结论
matrices/matrix_manifest.csv,MatrixManifest,quality_flag,PASS
matrices/vector_layout.csv,VectorLayout,vector_layout_id,VL_CONTACT_ALL_12
matrices/vector_layout.csv,VectorLayout,block_order,0
matrices/vector_layout.csv,VectorLayout,object_type,Interface
matrices/vector_layout.csv,VectorLayout,object_id,G_PANEL_RIB
matrices/vector_layout.csv,VectorLayout,contact_domain_id,CD_PANEL_RIB
matrices/vector_layout.csv,VectorLayout,start_index,0
matrices/vector_layout.csv,VectorLayout,end_index,2
matrices/vector_layout.csv,VectorLayout,component,normal_contact_point_order
matrices/vector_layout.csv,VectorLayout,unit,mm_or_N_by_vector
matrices/vector_layout.csv,VectorLayout,metadata,"{""data_nature"":""SYNTHETIC_NUMERICAL_CONSISTENCY_CASE"",""engineering_claim_allowed"":false,""schema_version"":""V2.5"",""schema_revision"":""MULTI_PART_SERIAL_PARALLEL_2026-07""}"
parameter_library/compliance_separation_report.csv,ComplianceSeparationReport,separation_report_id,CSR_AB
parameter_library/compliance_separation_report.csv,ComplianceSeparationReport,W_struct_id,W_STRUCT_RELEASE_04
parameter_library/compliance_separation_report.csv,ComplianceSeparationReport,Cn_local_id,CN_ALL
parameter_library/compliance_separation_report.csv,ComplianceSeparationReport,included_physics_struct,four_part_global_structure
parameter_library/compliance_separation_report.csv,ComplianceSeparationReport,included_physics_local,local_interface_AB
parameter_library/compliance_separation_report.csv,ComplianceSeparationReport,removed_fixture_compliance,TRUE
parameter_library/compliance_separation_report.csv,ComplianceSeparationReport,removed_sensor_compliance,TRUE
parameter_library/compliance_separation_report.csv,ComplianceSeparationReport,removed_substrate_compliance,TRUE
parameter_library/compliance_separation_report.csv,ComplianceSeparationReport,overlap_source_ids,
parameter_library/compliance_separation_report.csv,ComplianceSeparationReport,overlap_assessment,PASS
parameter_library/compliance_separation_report.csv,ComplianceSeparationReport,unit_consistency_check,PASS
parameter_library/compliance_separation_report.csv,ComplianceSeparationReport,area_weight_conversion_check,PASS
parameter_library/compliance_separation_report.csv,ComplianceSeparationReport,recommended_action,USE_SYNTHETIC_FIXTURE_ONLY
parameter_library/compliance_separation_report.csv,ComplianceSeparationReport,metadata,"{""data_nature"":""SYNTHETIC_NUMERICAL_CONSISTENCY_CASE"",""engineering_claim_allowed"":false,""schema_version"":""V2.5"",""schema_revision"":""MULTI_PART_SERIAL_PARALLEL_2026-07""}"
parameter_library/deformation_decomposition_result.csv,DeformationDecompositionResult,decomposition_id,DDR_AB
parameter_library/deformation_decomposition_result.csv,DeformationDecompositionResult,response_id,LRD_AB
parameter_library/deformation_decomposition_result.csv,DeformationDecompositionResult,fixture_component,"[0.0,0.0,0.0]"
parameter_library/deformation_decomposition_result.csv,DeformationDecompositionResult,sensor_component,"[0.0,0.0,0.0]"
parameter_library/deformation_decomposition_result.csv,DeformationDecompositionResult,substrate_component,"[0.0,0.0,0.0]"
parameter_library/deformation_decomposition_result.csv,DeformationDecompositionResult,interface_component,"[0.0010911862,0.0,0.0]"
parameter_library/deformation_decomposition_result.csv,DeformationDecompositionResult,removed_deformation_source_ids,FIXTURE;SENSOR;SUBSTRATE
parameter_library/deformation_decomposition_result.csv,DeformationDecompositionResult,remaining_deformation_source_ids,INTERFACE
parameter_library/deformation_decomposition_result.csv,DeformationDecompositionResult,decomposition_method,synthetic_exact_separation
parameter_library/deformation_decomposition_result.csv,DeformationDecompositionResult,component_covariances,{}
parameter_library/deformation_decomposition_result.csv,DeformationDecompositionResult,identifiability_metrics,"{""rank"":3}"
parameter_library/deformation_decomposition_result.csv,DeformationDecompositionResult,quality_flag,PASS
parameter_library/deformation_decomposition_result.csv,DeformationDecompositionResult,metadata,"{""data_nature"":""SYNTHETIC_NUMERICAL_CONSISTENCY_CASE"",""engineering_claim_allowed"":false,""schema_version"":""V2.5"",""schema_revision"":""MULTI_PART_SERIAL_PARALLEL_2026-07""}"
parameter_library/interface_parameter.csv,InterfaceParameter,interface_parameter_id,IPAR_AB
parameter_library/interface_parameter.csv,InterfaceParameter,interface_id,G_PANEL_RIB
parameter_library/interface_parameter.csv,InterfaceParameter,stage_id,ALL
parameter_library/interface_parameter.csv,InterfaceParameter,contact_mode_id,MODE_RELEASE_04
parameter_library/interface_parameter.csv,InterfaceParameter,contact_area,3000.0
parameter_library/interface_parameter.csv,InterfaceParameter,mean_pressure,0.002525893993
parameter_library/interface_parameter.csv,InterfaceParameter,pressure_nonuniformity,0.003572153542
parameter_library/interface_parameter.csv,InterfaceParameter,normal_compression_rms,0.0006299966491
parameter_library/interface_parameter.csv,InterfaceParameter,tangential_slip_rms_optional,
parameter_library/interface_parameter.csv,InterfaceParameter,normal_compliance_local,"[0.00012,0.00012,0.00012]"
parameter_library/interface_parameter.csv,InterfaceParameter,tangential_compliance_optional,
parameter_library/interface_parameter.csv,InterfaceParameter,equivalent_error_vector,"[0.0010911862,0.0,0.0]"
parameter_library/interface_parameter.csv,InterfaceParameter,rebound_term,"[0.0,0.0,0.0]"
parameter_library/interface_parameter.csv,InterfaceParameter,parameter_covariance,
parameter_library/interface_parameter.csv,InterfaceParameter,validity_range,VD_MULTIPART
parameter_library/interface_parameter.csv,InterfaceParameter,calibration_quality,PASS
parameter_library/interface_parameter.csv,InterfaceParameter,source_state_ids,IF_STATE_1_RELEASE_04
parameter_library/interface_parameter.csv,InterfaceParameter,reference_state_id,REF_NOMINAL
parameter_library/interface_parameter.csv,InterfaceParameter,increment_definition_id,INC_INTERFACE_RELEASE
parameter_library/interface_parameter.csv,InterfaceParameter,metadata,"{""data_nature"":""SYNTHETIC_NUMERICAL_CONSISTENCY_CASE"",""engineering_claim_allowed"":false,""schema_version"":""V2.5"",""schema_revision"":""MULTI_PART_SERIAL_PARALLEL_2026-07""}"
parameter_library/local_response_data.csv,LocalResponseData,response_id,LRD_AB
parameter_library/local_response_data.csv,LocalResponseData,source_type,LOCAL_FE
parameter_library/local_response_data.csv,LocalResponseData,local_model_id_optional,LOCAL_MODEL_AB
parameter_library/local_response_data.csv,LocalResponseData,specimen_id_optional,SPEC_AB
parameter_library/local_response_data.csv,LocalResponseData,boundary_inheritance_id_optional,BIR_AB
parameter_library/local_response_data.csv,LocalResponseData,loading_path_id,LOADPATH_AB
parameter_library/local_response_data.csv,LocalResponseData,lambda_n,"[9.0932183743,0.0,0.0]"
parameter_library/local_response_data.csv,LocalResponseData,pressure_p_n,"[0.007577682,0.0,0.0]"
parameter_library/local_response_data.csv,LocalResponseData,w_total,"[0.0010911862,0.0,0.0]"
parameter_library/local_response_data.csv,LocalResponseData,w_substrate_optional,"[0.0,0.0,0.0]"
parameter_library/local_response_data.csv,LocalResponseData,w_interface_optional,"[0.0010911862,0.0,0.0]"
parameter_library/local_response_data.csv,LocalResponseData,tangential_slip_d_t_optional,[]
parameter_library/local_response_data.csv,LocalResponseData,rebound_delta_r_optional,[]
parameter_library/local_response_data.csv,LocalResponseData,strain_or_DIC_fields_optional,
parameter_library/local_response_data.csv,LocalResponseData,covariance_or_uncertainty,
parameter_library/local_response_data.csv,LocalResponseData,raw_data_reference,SYNTHETIC_ORACLE
parameter_library/local_response_data.csv,LocalResponseData,quality_flag,PASS
parameter_library/local_response_data.csv,LocalResponseData,metadata,"{""data_nature"":""SYNTHETIC_NUMERICAL_CONSISTENCY_CASE"",""engineering_claim_allowed"":false,""schema_version"":""V2.5"",""schema_revision"":""MULTI_PART_SERIAL_PARALLEL_2026-07""}"
parameter_library/parameter_estimate.csv,ParameterEstimate,parameter_estimate_id,PEST_AB
parameter_library/parameter_estimate.csv,ParameterEstimate,parameter_names,Cn
parameter_library/parameter_estimate.csv,ParameterEstimate,estimated_values,"[0.00012,0.00012,0.00012]"
parameter_library/parameter_estimate.csv,ParameterEstimate,covariance_or_confidence_intervals,
parameter_library/parameter_estimate.csv,ParameterEstimate,correlation_matrix_optional,
parameter_library/parameter_estimate.csv,ParameterEstimate,objective_value,0.0
parameter_library/parameter_estimate.csv,ParameterEstimate,residual_statistics,"{""rmse"":0.0}"
parameter_library/parameter_estimate.csv,ParameterEstimate,identifiability_metrics,"{""rank"":3}"
parameter_library/parameter_estimate.csv,ParameterEstimate,active_bounds,[]
parameter_library/parameter_estimate.csv,ParameterEstimate,validity_range,VD_MULTIPART
parameter_library/parameter_estimate.csv,ParameterEstimate,used_sample_ids,SAMPLE_001
parameter_library/parameter_estimate.csv,ParameterEstimate,source_local_response_data_ids,LRD_AB
parameter_library/parameter_estimate.csv,ParameterEstimate,source_boundary_inheritance_ids,BIR_AB
parameter_library/parameter_estimate.csv,ParameterEstimate,decomposition_result_ids,DDR_AB
parameter_library/parameter_estimate.csv,ParameterEstimate,estimated_Cn_local,"[0.00012,0.00012,0.00012]"
parameter_library/parameter_estimate.csv,ParameterEstimate,estimated_Ct_optional,[]
parameter_library/parameter_estimate.csv,ParameterEstimate,estimated_mu_optional,[]
parameter_library/parameter_estimate.csv,ParameterEstimate,estimated_beta_r_optional,[]
parameter_library/parameter_estimate.csv,ParameterEstimate,load_segment_breakpoints_optional,[]
parameter_library/parameter_estimate.csv,ParameterEstimate,posterior_covariance,
parameter_library/parameter_estimate.csv,ParameterEstimate,parameter_correlation_matrix,
parameter_library/parameter_estimate.csv,ParameterEstimate,validity_domain_id,VD_MULTIPART
parameter_library/parameter_estimate.csv,ParameterEstimate,quality_flag,PASS
parameter_library/parameter_estimate.csv,ParameterEstimate,metadata,"{""data_nature"":""SYNTHETIC_NUMERICAL_CONSISTENCY_CASE"",""engineering_claim_allowed"":false,""schema_version"":""V2.5"",""schema_revision"":""MULTI_PART_SERIAL_PARALLEL_2026-07""}"
parameter_library/parameter_library.csv,ParameterLibrary,parameter_library_id,PLIB_MULTIPART
parameter_library/parameter_library.csv,ParameterLibrary,interface_parameter_ids,IPAR_AB;IPAR_BC;IPAR_AD;IPAR_BD
parameter_library/parameter_library.csv,ParameterLibrary,contact_mode_library_id,MODE_LOCATE_01;MODE_CLAMP_02;MODE_JOIN_03;MODE_RELEASE_04
parameter_library/parameter_library.csv,ParameterLibrary,local_model_ids,LOCAL_MODEL_AB;LOCAL_MODEL_BC;LOCAL_MODEL_AD;LOCAL_MODEL_BD
parameter_library/parameter_library.csv,ParameterLibrary,local_region_ids,LR_AB;LR_BC;LR_AD;LR_BD
parameter_library/parameter_library.csv,ParameterLibrary,boundary_inheritance_ids,BIR_AB;BIR_BC;BIR_AD;BIR_BD
parameter_library/parameter_library.csv,ParameterLibrary,specimen_ids,SPEC_AB;SPEC_BC;SPEC_AD;SPEC_BD
parameter_library/parameter_library.csv,ParameterLibrary,loading_path_ids,LOADPATH_AB;LOADPATH_BC;LOADPATH_AD;LOADPATH_BD
parameter_library/parameter_library.csv,ParameterLibrary,compliance_separation_report_ids,CSR_AB;CSR_BC;CSR_AD;CSR_BD
parameter_library/parameter_library.csv,ParameterLibrary,indexing_variables,interface;stage;contact_mode
parameter_library/parameter_library.csv,ParameterLibrary,interpolation_rules,none_for_fixture
parameter_library/parameter_library.csv,ParameterLibrary,validity_domains,VD_MULTIPART
parameter_library/parameter_library.csv,ParameterLibrary,out_of_domain_rule,reject_prediction
parameter_library/parameter_library.csv,ParameterLibrary,source_high_fidelity_case_ids,SYNTHETIC_ORACLE
parameter_library/parameter_library.csv,ParameterLibrary,source_experiment_ids,
parameter_library/parameter_library.csv,ParameterLibrary,library_quality_summary,PASS_SYNTHETIC
parameter_library/parameter_library.csv,ParameterLibrary,metadata,"{""data_nature"":""SYNTHETIC_NUMERICAL_CONSISTENCY_CASE"",""engineering_claim_allowed"":false,""schema_version"":""V2.5"",""schema_revision"":""MULTI_PART_SERIAL_PARALLEL_2026-07""}"
parameter_library/validity_domain.csv,ValidityDomain,validity_domain_id,VD_MULTIPART
parameter_library/validity_domain.csv,ValidityDomain,material_range,synthetic CFRP/Metal
parameter_library/validity_domain.csv,ValidityDomain,layup_or_thickness_range,fixture definitions only
parameter_library/validity_domain.csv,ValidityDomain,surface_state_range,synthetic smooth
parameter_library/validity_domain.csv,ValidityDomain,normal_pressure_range,"[0,0.05] N/mm2"
parameter_library/validity_domain.csv,ValidityDomain,tangential_load_range_optional,none
parameter_library/validity_domain.csv,ValidityDomain,preload_range_optional,"[0,15] N"
parameter_library/validity_domain.csv,ValidityDomain,temperature_range_optional,"[20,20] C"
parameter_library/validity_domain.csv,ValidityDomain,contact_mode_range,modes in this package
parameter_library/validity_domain.csv,ValidityDomain,boundary_method_range,global condensed/impedance
parameter_library/validity_domain.csv,ValidityDomain,loading_path_range,LOCATE-CLAMP-JOIN-RELEASE
parameter_library/validity_domain.csv,ValidityDomain,geometry_scale_range,12 contact points
parameter_library/validity_domain.csv,ValidityDomain,metadata,"{""data_nature"":""SYNTHETIC_NUMERICAL_CONSISTENCY_CASE"",""engineering_claim_allowed"":false,""schema_version"":""V2.5"",""schema_revision"":""MULTI_PART_SERIAL_PARALLEL_2026-07""}"
prediction/contribution_record.csv,ContributionRecord,contribution_id,CONTR_SMS_PANEL
prediction/contribution_record.csv,ContributionRecord,sample_id,SAMPLE_001
prediction/contribution_record.csv,ContributionRecord,target_kcp_id,KCP_END_GAP;KCP_STEP_AB;KCP_PARALLEL_BALANCE
prediction/contribution_record.csv,ContributionRecord,source_class,SMS
prediction/contribution_record.csv,ContributionRecord,source_id,SMS_TRANSFER_PANEL
prediction/contribution_record.csv,ContributionRecord,origin_stage_id_optional,
prediction/contribution_record.csv,ContributionRecord,reference_state_id,REF_NOMINAL
prediction/contribution_record.csv,ContributionRecord,increment_definition_id,INC_SMS_ABSOLUTE
prediction/contribution_record.csv,ContributionRecord,absolute_or_increment,absolute
prediction/contribution_record.csv,ContributionRecord,included_deformation_source_ids,SYNTHETIC_PANEL_SMS
prediction/contribution_record.csv,ContributionRecord,excluded_deformation_source_ids,GRAVITY_M;FIXTURE_M;LOCAL_CONTACT_M
prediction/contribution_record.csv,ContributionRecord,contribution_vector,"[0.002,-0.003,0.001]"
prediction/contribution_record.csv,ContributionRecord,covariance_optional,
prediction/contribution_record.csv,ContributionRecord,consumed_by_prediction_id,PRED_MULTIPART
prediction/contribution_record.csv,ContributionRecord,quality_flag,PASS
prediction/contribution_record.csv,ContributionRecord,metadata,"{""data_nature"":""SYNTHETIC_NUMERICAL_CONSISTENCY_CASE"",""engineering_claim_allowed"":false,""schema_version"":""V2.5"",""schema_revision"":""MULTI_PART_SERIAL_PARALLEL_2026-07""}"
prediction/deformation_contribution_ledger.csv,DeformationContributionLedger,contribution_ledger_id,LEDGER_MULTIPART
prediction/deformation_contribution_ledger.csv,DeformationContributionLedger,sample_id,SAMPLE_001
prediction/deformation_contribution_ledger.csv,DeformationContributionLedger,contribution_record_ids,CONTR_SMS_PANEL;CONTR_SMS_RIB;CONTR_SMS_SPAR;CONTR_SMS_BRACKET;CONTR_CLAMP_02_1;CONTR_CLAMP_02_2;CONTR_CLAMP_02_3;CONTR_CLAMP_02_4;CONTR_JOIN_03_1;CONTR_JOIN_03_2;CONTR_JOIN_03_3;CONTR_JOIN_03_4;CONTR_RELEASE_04_1;CONTR_RELEASE_04_2;CONTR_RELEASE_04_3;CONTR_RELEASE_04_4
prediction/deformation_contribution_ledger.csv,DeformationContributionLedger,allowed_source_classes,SMS;STAGE_INCREMENT;PROCESS_ERROR;REBOUND;MEASUREMENT_UNCERTAINTY;OVERCONSTRAINT_REACTION
prediction/deformation_contribution_ledger.csv,DeformationContributionLedger,aggregation_policy,ONE_SMS_PER_PART_PLUS_ONE_INCREMENT_PER_INTERFACE_STAGE
prediction/deformation_contribution_ledger.csv,DeformationContributionLedger,unique_source_key_rule,sample_id+source_class+source_id+origin_stage_id+increment_definition_id
prediction/deformation_contribution_ledger.csv,DeformationContributionLedger,parent_ledger_id_optional,
prediction/deformation_contribution_ledger.csv,DeformationContributionLedger,ledger_hash,208dbf555caca87454870f95543e8d8dbe0a051eb4917673f18dde2b31045acd
prediction/deformation_contribution_ledger.csv,DeformationContributionLedger,quality_flag,PASS
prediction/deformation_contribution_ledger.csv,DeformationContributionLedger,metadata,"{""data_nature"":""SYNTHETIC_NUMERICAL_CONSISTENCY_CASE"",""engineering_claim_allowed"":false,""schema_version"":""V2.5"",""schema_revision"":""MULTI_PART_SERIAL_PARALLEL_2026-07""}"
prediction/double_count_check_result.csv,DoubleCountCheckResult,double_count_check_id,DCC_MULTIPART
prediction/double_count_check_result.csv,DoubleCountCheckResult,contribution_ledger_id,LEDGER_MULTIPART
prediction/double_count_check_result.csv,DoubleCountCheckResult,duplicate_source_ids,
prediction/double_count_check_result.csv,DoubleCountCheckResult,reference_state_conflicts,
prediction/double_count_check_result.csv,DoubleCountCheckResult,absolute_increment_conflicts,
prediction/double_count_check_result.csv,DoubleCountCheckResult,included_excluded_overlap,
prediction/double_count_check_result.csv,DoubleCountCheckResult,check_rules_version,V2.5_MULTIPART
prediction/double_count_check_result.csv,DoubleCountCheckResult,pass_warn_fail,PASS
prediction/double_count_check_result.csv,DoubleCountCheckResult,required_action,NONE
prediction/double_count_check_result.csv,DoubleCountCheckResult,metadata,"{""data_nature"":""SYNTHETIC_NUMERICAL_CONSISTENCY_CASE"",""engineering_claim_allowed"":false,""schema_version"":""V2.5"",""schema_revision"":""MULTI_PART_SERIAL_PARALLEL_2026-07""}"
prediction/equivalent_error_item.csv,EquivalentErrorItem,equivalent_error_id,EEI_1_RELEASE
prediction/equivalent_error_item.csv,EquivalentErrorItem,interface_id,G_PANEL_RIB
prediction/equivalent_error_item.csv,EquivalentErrorItem,stage_id,S_RELEASE_04
prediction/equivalent_error_item.csv,EquivalentErrorItem,contact_mode_id,MODE_RELEASE_04
prediction/equivalent_error_item.csv,EquivalentErrorItem,error_vector,"[0.0010911862,0.0034898384,0.0029889227]"
prediction/equivalent_error_item.csv,EquivalentErrorItem,normal_compression_contribution,"[0.0010911862,0.0,0.0]"
prediction/equivalent_error_item.csv,EquivalentErrorItem,tangential_slip_contribution_optional,[]
prediction/equivalent_error_item.csv,EquivalentErrorItem,rebound_contribution_optional,"[0.0,0.0034898384,0.0029889227]"
prediction/equivalent_error_item.csv,EquivalentErrorItem,Rn_id,RN_1
prediction/equivalent_error_item.csv,EquivalentErrorItem,Rt_id_optional,
prediction/equivalent_error_item.csv,EquivalentErrorItem,Rr_id_optional,RR_1
prediction/equivalent_error_item.csv,EquivalentErrorItem,covariance_optional,
prediction/equivalent_error_item.csv,EquivalentErrorItem,reference_state_id,REF_NOMINAL
prediction/equivalent_error_item.csv,EquivalentErrorItem,increment_definition_id,INC_INTERFACE_RELEASE
prediction/equivalent_error_item.csv,EquivalentErrorItem,source_state_ids,IF_STATE_1_RELEASE_04
prediction/equivalent_error_item.csv,EquivalentErrorItem,quality_flag,PASS
prediction/equivalent_error_item.csv,EquivalentErrorItem,metadata,"{""data_nature"":""SYNTHETIC_NUMERICAL_CONSISTENCY_CASE"",""engineering_claim_allowed"":false,""schema_version"":""V2.5"",""schema_revision"":""MULTI_PART_SERIAL_PARALLEL_2026-07""}"
prediction/jt_transfer_model.csv,JtTransferModel,jt_model_id,JT_MULTIPART
prediction/jt_transfer_model.csv,JtTransferModel,kcp_ids,KCP_END_GAP;KCP_STEP_AB;KCP_PARALLEL_BALANCE
prediction/jt_transfer_model.csv,JtTransferModel,part_pose_source_ids,PART_STATE_PANEL_RELEASE_04;PART_STATE_RIB_RELEASE_04;PART_STATE_SPAR_RELEASE_04;PART_STATE_BRACKET_RELEASE_04
prediction/jt_transfer_model.csv,JtTransferModel,interface_error_source_ids,EEI_1_RELEASE;EEI_2_RELEASE;EEI_3_RELEASE;EEI_4_RELEASE
prediction/jt_transfer_model.csv,JtTransferModel,J_part_matrices,J_PART_ALL
prediction/jt_transfer_model.csv,JtTransferModel,J_interface_matrices,J_INTERFACE_ALL
prediction/jt_transfer_model.csv,JtTransferModel,J_process_matrix,J_PROCESS_ALL
prediction/jt_transfer_model.csv,JtTransferModel,linearization_state,REF_NOMINAL
prediction/jt_transfer_model.csv,JtTransferModel,validity_range,VD_MULTIPART
prediction/jt_transfer_model.csv,JtTransferModel,metadata,"{""data_nature"":""SYNTHETIC_NUMERICAL_CONSISTENCY_CASE"",""engineering_claim_allowed"":false,""schema_version"":""V2.5"",""schema_revision"":""MULTI_PART_SERIAL_PARALLEL_2026-07""}"
prediction/kcp_prediction_result.csv,KcpPredictionResult,prediction_result_id,PRED_MULTIPART
prediction/kcp_prediction_result.csv,KcpPredictionResult,prediction_input_id,INPUT_MULTIPART
prediction/kcp_prediction_result.csv,KcpPredictionResult,kcp_ids,KCP_END_GAP;KCP_STEP_AB;KCP_PARALLEL_BALANCE
prediction/kcp_prediction_result.csv,KcpPredictionResult,predicted_values,"[0.0092070493,0.000454407,0.0018970489]"
prediction/kcp_prediction_result.csv,KcpPredictionResult,nominal_values,"[0.0,0.0,0.0]"
prediction/kcp_prediction_result.csv,KcpPredictionResult,tolerance_status,PASS
prediction/kcp_prediction_result.csv,KcpPredictionResult,sms_contribution,"[0.009,0.001,0.002]"
prediction/kcp_prediction_result.csv,KcpPredictionResult,contact_contribution,"[0.0002070493,-0.000545593,-0.0001029511]"
prediction/kcp_prediction_result.csv,KcpPredictionResult,slip_contribution_optional,[]
prediction/kcp_prediction_result.csv,KcpPredictionResult,rebound_contribution,"[0.0,0.0,0.0]"
prediction/kcp_prediction_result.csv,KcpPredictionResult,process_contribution,"[0.0,0.0,0.0]"
prediction/kcp_prediction_result.csv,KcpPredictionResult,measurement_uncertainty_contribution_optional,[]
prediction/kcp_prediction_result.csv,KcpPredictionResult,contribution_reference_state_ids,REF_NOMINAL
prediction/kcp_prediction_result.csv,KcpPredictionResult,contact_mode_ids,MODE_LOCATE_01;MODE_CLAMP_02;MODE_JOIN_03;MODE_RELEASE_04
prediction/kcp_prediction_result.csv,KcpPredictionResult,out_of_domain_flags,[]
prediction/kcp_prediction_result.csv,KcpPredictionResult,runtime_breakdown,"{""case"":""synthetic_fixture""}"
prediction/kcp_prediction_result.csv,KcpPredictionResult,convergence_summary,ALL_4_STAGES_CONVERGED
prediction/kcp_prediction_result.csv,KcpPredictionResult,contribution_ledger_id,LEDGER_MULTIPART
prediction/kcp_prediction_result.csv,KcpPredictionResult,double_count_check_result_id,DCC_MULTIPART
prediction/kcp_prediction_result.csv,KcpPredictionResult,aggregation_policy,ONE_SMS_PER_PART_PLUS_ONE_INCREMENT_PER_INTERFACE_STAGE
prediction/kcp_prediction_result.csv,KcpPredictionResult,source_consumption_summary,"{""sms_records"":4,""interface_stage_increment_records"":12}"
prediction/kcp_prediction_result.csv,KcpPredictionResult,reference_state_consistency_flag,PASS
prediction/kcp_prediction_result.csv,KcpPredictionResult,quality_flag,PASS
prediction/kcp_prediction_result.csv,KcpPredictionResult,metadata,"{""data_nature"":""SYNTHETIC_NUMERICAL_CONSISTENCY_CASE"",""engineering_claim_allowed"":false,""schema_version"":""V2.5"",""schema_revision"":""MULTI_PART_SERIAL_PARALLEL_2026-07""}"
sms_update/sms_basis.csv,SmsBasis,basis_id,SMS_BASIS_PANEL
sms_update/sms_basis.csv,SmsBasis,part_id,P_PANEL_A
sms_update/sms_basis.csv,SmsBasis,basis_type,synthetic_single_normal_mode
sms_update/sms_basis.csv,SmsBasis,N_matrix_id,SMS_BASIS_PANEL
sms_update/sms_basis.csv,SmsBasis,mode_names,MODE_NORMAL_1
sms_update/sms_basis.csv,SmsBasis,mode_units,mm
sms_update/sms_basis.csv,SmsBasis,orthogonality_info,single_mode
sms_update/sms_basis.csv,SmsBasis,training_sample_ids,SYNTHETIC_SEED
sms_update/sms_basis.csv,SmsBasis,retained_energy_ratio_optional,1.0
sms_update/sms_basis.csv,SmsBasis,boundary_constraints,FREE_REFERENCE
sms_update/sms_basis.csv,SmsBasis,observable_kcm_ids,KCM_PANEL_PROFILE
sms_update/sms_basis.csv,SmsBasis,metadata,"{""data_nature"":""SYNTHETIC_NUMERICAL_CONSISTENCY_CASE"",""engineering_claim_allowed"":false,""schema_version"":""V2.5"",""schema_revision"":""MULTI_PART_SERIAL_PARALLEL_2026-07""}"
sms_update/sms_field.csv,SmsField,sms_field_id,SMS_FIELD_PANEL
sms_update/sms_field.csv,SmsField,part_id,P_PANEL_A
sms_update/sms_field.csv,SmsField,representation_type,modal
sms_update/sms_field.csv,SmsField,reference_nominal_model_id,NM_MULTIPART
sms_update/sms_field.csv,SmsField,coordinate_system_id,CS_ASSEMBLY
sms_update/sms_field.csv,SmsField,value_location_type,contact_support_points
sms_update/sms_field.csv,SmsField,values,"[0.005,-0.002,0.003]"
sms_update/sms_field.csv,SmsField,direction_type,surface_normal
sms_update/sms_field.csv,SmsField,basis_id_optional,SMS_BASIS_PANEL
sms_update/sms_field.csv,SmsField,alpha_optional,[0.005]
sms_update/sms_field.csv,SmsField,covariance_optional,COV_SMS_PANEL
sms_update/sms_field.csv,SmsField,support_state,FREE
sms_update/sms_field.csv,SmsField,gravity_compensation_state,COMPENSATED
sms_update/sms_field.csv,SmsField,source_measurement_set_id_optional,SYNTHETIC_SEED
sms_update/sms_field.csv,SmsField,reconstruction_error,0.0
sms_update/sms_field.csv,SmsField,valid_region,FIXTURE_ONLY
sms_update/sms_field.csv,SmsField,metadata,"{""data_nature"":""SYNTHETIC_NUMERICAL_CONSISTENCY_CASE"",""engineering_claim_allowed"":false,""schema_version"":""V2.5"",""schema_revision"":""MULTI_PART_SERIAL_PARALLEL_2026-07""}"
sms_update/sms_pointcloud_mapping.csv,SmsPointcloudMapping,mapping_id,SMS_MAP_PANEL_AB
sms_update/sms_pointcloud_mapping.csv,SmsPointcloudMapping,part_id,P_PANEL_A
sms_update/sms_pointcloud_mapping.csv,SmsPointcloudMapping,sms_field_id,SMS_FIELD_PANEL
sms_update/sms_pointcloud_mapping.csv,SmsPointcloudMapping,contact_domain_id,CD_PANEL_RIB
sms_update/sms_pointcloud_mapping.csv,SmsPointcloudMapping,sms_representation_type,modal
sms_update/sms_pointcloud_mapping.csv,SmsPointcloudMapping,source_point_ids_or_mode_ids,MODE_NORMAL_1
sms_update/sms_pointcloud_mapping.csv,SmsPointcloudMapping,target_contact_point_ids,CP_AB_01;CP_AB_02;CP_AB_03
sms_update/sms_pointcloud_mapping.csv,SmsPointcloudMapping,interpolation_method,direct_synthetic_mode
sms_update/sms_pointcloud_mapping.csv,SmsPointcloudMapping,projection_direction_rule,contact_normal
sms_update/sms_pointcloud_mapping.csv,SmsPointcloudMapping,G_gap_mapping_id,G_GAP_AB
sms_update/sms_pointcloud_mapping.csv,SmsPointcloudMapping,mapping_residual_statistics,"{""rmse"":0.0}"
sms_update/sms_pointcloud_mapping.csv,SmsPointcloudMapping,validity_region,FIXTURE_ONLY
sms_update/sms_pointcloud_mapping.csv,SmsPointcloudMapping,metadata,"{""data_nature"":""SYNTHETIC_NUMERICAL_CONSISTENCY_CASE"",""engineering_claim_allowed"":false,""schema_version"":""V2.5"",""schema_revision"":""MULTI_PART_SERIAL_PARALLEL_2026-07""}"
sms_update/sms_update_config.csv,SmsUpdateConfig,update_config_id,SMS_CFG_PANEL
sms_update/sms_update_config.csv,SmsUpdateConfig,sms_prior_id,SMS_PRIOR_PANEL
sms_update/sms_update_config.csv,SmsUpdateConfig,sms_basis_id,SMS_BASIS_PANEL
sms_update/sms_update_config.csv,SmsUpdateConfig,kcm_measurement_set_ids,MEAS_SET_PANEL
sms_update/sms_update_config.csv,SmsUpdateConfig,H_m_id,H_M_PANEL
sms_update/sms_update_config.csv,SmsUpdateConfig,R_m_id,COV_SMS_PANEL
sms_update/sms_update_config.csv,SmsUpdateConfig,regularization_type,TIKHONOV
sms_update/sms_update_config.csv,SmsUpdateConfig,regularization_matrix_L,IDENTITY
sms_update/sms_update_config.csv,SmsUpdateConfig,lambda_value,0.0
sms_update/sms_update_config.csv,SmsUpdateConfig,lambda_selection_method,FIXED_SYNTHETIC
sms_update/sms_update_config.csv,SmsUpdateConfig,constraints_optional,
sms_update/sms_update_config.csv,SmsUpdateConfig,solver_name,DIRECT
sms_update/sms_update_config.csv,SmsUpdateConfig,convergence_tolerance,1e-10
sms_update/sms_update_config.csv,SmsUpdateConfig,data_role_allowed,IDENTIFY
sms_update/sms_update_config.csv,SmsUpdateConfig,measurement_state_snapshot_id,MEAS_STATE_PANEL
sms_update/sms_update_config.csv,SmsUpdateConfig,compensation_result_id,COMP_PANEL
sms_update/sms_update_config.csv,SmsUpdateConfig,target_reference_state_id,REF_NOMINAL
sms_update/sms_update_config.csv,SmsUpdateConfig,allowed_compensation_methods,FE_CORRECTION
sms_update/sms_update_config.csv,SmsUpdateConfig,forbidden_deformation_source_ids,GRAVITY_M;FIXTURE_M;LOCAL_CONTACT_M
sms_update/sms_update_config.csv,SmsUpdateConfig,metadata,"{""data_nature"":""SYNTHETIC_NUMERICAL_CONSISTENCY_CASE"",""engineering_claim_allowed"":false,""schema_version"":""V2.5"",""schema_revision"":""MULTI_PART_SERIAL_PARALLEL_2026-07""}"
sms_update/sms_update_result.csv,SmsUpdateResult,update_result_id,SMS_UPD_PANEL
sms_update/sms_update_result.csv,SmsUpdateResult,update_config_id,SMS_CFG_PANEL
sms_update/sms_update_result.csv,SmsUpdateResult,alpha_prior,[0.0]
sms_update/sms_update_result.csv,SmsUpdateResult,covariance_prior,COV_SMS_PANEL
sms_update/sms_update_result.csv,SmsUpdateResult,alpha_posterior,[0.005]
sms_update/sms_update_result.csv,SmsUpdateResult,covariance_posterior,COV_SMS_PANEL
sms_update/sms_update_result.csv,SmsUpdateResult,reconstructed_sms_field_id,SMS_FIELD_PANEL
sms_update/sms_update_result.csv,SmsUpdateResult,predicted_kcm,[0.005]
sms_update/sms_update_result.csv,SmsUpdateResult,residual_kcm,[0.0]
sms_update/sms_update_result.csv,SmsUpdateResult,weighted_residual_norm,0.0
sms_update/sms_update_result.csv,SmsUpdateResult,regularization_norm,0.0
sms_update/sms_update_result.csv,SmsUpdateResult,condition_number,1.0
sms_update/sms_update_result.csv,SmsUpdateResult,observability_rank,1
sms_update/sms_update_result.csv,SmsUpdateResult,posterior_variance_reduction,0.0
sms_update/sms_update_result.csv,SmsUpdateResult,active_constraints,[]
sms_update/sms_update_result.csv,SmsUpdateResult,reference_state_id,REF_NOMINAL
sms_update/sms_update_result.csv,SmsUpdateResult,compensation_trace_ids,COMP_PANEL
sms_update/sms_update_result.csv,SmsUpdateResult,included_source_ids,SYNTHETIC_PANEL_SMS
sms_update/sms_update_result.csv,SmsUpdateResult,excluded_source_ids,GRAVITY_M;FIXTURE_M;LOCAL_CONTACT_M
sms_update/sms_update_result.csv,SmsUpdateResult,transfer_package_id,SMS_TRANSFER_PANEL
sms_update/sms_update_result.csv,SmsUpdateResult,posterior_cross_covariance_optional,
sms_update/sms_update_result.csv,SmsUpdateResult,quality_flag,PASS
sms_update/sms_update_result.csv,SmsUpdateResult,metadata,"{""data_nature"":""SYNTHETIC_NUMERICAL_CONSISTENCY_CASE"",""engineering_claim_allowed"":false,""schema_version"":""V2.5"",""schema_revision"":""MULTI_PART_SERIAL_PARALLEL_2026-07""}"
sms_update/sms_update_transfer_package.csv,SmsUpdateTransferPackage,sms_transfer_package_id,SMS_TRANSFER_PANEL
sms_update/sms_update_transfer_package.csv,SmsUpdateTransferPackage,part_id,P_PANEL_A
sms_update/sms_update_transfer_package.csv,SmsUpdateTransferPackage,sample_id,SAMPLE_001
sms_update/sms_update_transfer_package.csv,SmsUpdateTransferPackage,sms_update_result_id,SMS_UPD_PANEL
sms_update/sms_update_transfer_package.csv,SmsUpdateTransferPackage,reconstructed_sms_field_id,SMS_FIELD_PANEL
sms_update/sms_update_transfer_package.csv,SmsUpdateTransferPackage,alpha_posterior,[0.005]
sms_update/sms_update_transfer_package.csv,SmsUpdateTransferPackage,covariance_posterior,COV_SMS_PANEL
sms_update/sms_update_transfer_package.csv,SmsUpdateTransferPackage,target_reference_state_id,REF_NOMINAL
sms_update/sms_update_transfer_package.csv,SmsUpdateTransferPackage,compensation_result_id,COMP_PANEL
sms_update/sms_update_transfer_package.csv,SmsUpdateTransferPackage,included_source_ids,SYNTHETIC_PANEL_SMS
sms_update/sms_update_transfer_package.csv,SmsUpdateTransferPackage,excluded_source_ids,GRAVITY_M;FIXTURE_M;LOCAL_CONTACT_M
sms_update/sms_update_transfer_package.csv,SmsUpdateTransferPackage,valid_for_stage_ids,S_LOCATE_01;S_CLAMP_02;S_JOIN_03;S_RELEASE_04
sms_update/sms_update_transfer_package.csv,SmsUpdateTransferPackage,gap_mapping_version,MULTIPART_LAYOUT_12
sms_update/sms_update_transfer_package.csv,SmsUpdateTransferPackage,package_hash,5eba0926cedd36cf19a5fca691c27065414183bcbaf815c3008b6508a9687d3c
sms_update/sms_update_transfer_package.csv,SmsUpdateTransferPackage,quality_flag,PASS
sms_update/sms_update_transfer_package.csv,SmsUpdateTransferPackage,metadata,"{""data_nature"":""SYNTHETIC_NUMERICAL_CONSISTENCY_CASE"",""engineering_claim_allowed"":false,""schema_version"":""V2.5"",""schema_revision"":""MULTI_PART_SERIAL_PARALLEL_2026-07""}"
solver/active_set_stability_trace.csv,ActiveSetStabilityTrace,trace_id,AST_S_LOCATE_01
solver/active_set_stability_trace.csv,ActiveSetStabilityTrace,solution_id,ELCP_SOL_S_LOCATE_01
solver/active_set_stability_trace.csv,ActiveSetStabilityTrace,iteration_contact_sets,[[]]
solver/active_set_stability_trace.csv,ActiveSetStabilityTrace,mode_switch_count,0
solver/active_set_stability_trace.csv,ActiveSetStabilityTrace,rho_chi_history,[1.0]
solver/active_set_stability_trace.csv,ActiveSetStabilityTrace,final_rho_chi,1.0
solver/active_set_stability_trace.csv,ActiveSetStabilityTrace,oscillation_flag,FALSE
solver/active_set_stability_trace.csv,ActiveSetStabilityTrace,stabilization_action,NONE
solver/active_set_stability_trace.csv,ActiveSetStabilityTrace,quality_flag,PASS
solver/active_set_stability_trace.csv,ActiveSetStabilityTrace,metadata,"{""data_nature"":""SYNTHETIC_NUMERICAL_CONSISTENCY_CASE"",""engineering_claim_allowed"":false,""schema_version"":""V2.5"",""schema_revision"":""MULTI_PART_SERIAL_PARALLEL_2026-07""}"
solver/complementarity_solver_config.csv,ComplementaritySolverConfig,solver_config_id,SOLVER_CFG_MULTIPART
solver/complementarity_solver_config.csv,ComplementaritySolverConfig,solver_type,ACTIVE_SET_ENUMERATION_FIXTURE
solver/complementarity_solver_config.csv,ComplementaritySolverConfig,active_set_initialization,WARM_START_PREVIOUS_STAGE
solver/complementarity_solver_config.csv,ComplementaritySolverConfig,gap_tolerance,1e-8
solver/complementarity_solver_config.csv,ComplementaritySolverConfig,force_tolerance,1e-8
solver/complementarity_solver_config.csv,ComplementaritySolverConfig,complementarity_tolerance,1e-8
solver/complementarity_solver_config.csv,ComplementaritySolverConfig,maximum_iterations,4096
solver/complementarity_solver_config.csv,ComplementaritySolverConfig,scaling_rule,none
solver/complementarity_solver_config.csv,ComplementaritySolverConfig,line_search_or_regularization_optional,
solver/complementarity_solver_config.csv,ComplementaritySolverConfig,warm_start_enabled,TRUE
solver/complementarity_solver_config.csv,ComplementaritySolverConfig,fallback_solver_optional,
solver/complementarity_solver_config.csv,ComplementaritySolverConfig,metadata,"{""data_nature"":""SYNTHETIC_NUMERICAL_CONSISTENCY_CASE"",""engineering_claim_allowed"":false,""schema_version"":""V2.5"",""schema_revision"":""MULTI_PART_SERIAL_PARALLEL_2026-07""}"
solver/contact_computation_trace.csv,ContactComputationTrace,trace_id,TRACE_1_S_LOCATE_01
solver/contact_computation_trace.csv,ContactComputationTrace,sample_id,SAMPLE_001
solver/contact_computation_trace.csv,ContactComputationTrace,stage_id,S_LOCATE_01
solver/contact_computation_trace.csv,ContactComputationTrace,contact_domain_id,CD_PANEL_RIB
solver/contact_computation_trace.csv,ContactComputationTrace,sms_transfer_package_ids,SMS_TRANSFER_PANEL;SMS_TRANSFER_RIB;SMS_TRANSFER_SPAR;SMS_TRANSFER_BRACKET
solver/contact_computation_trace.csv,ContactComputationTrace,gap_field_id,GF_INITIAL_AB
solver/contact_computation_trace.csv,ContactComputationTrace,stage_input_id,STAGE_INPUT_S_LOCATE_01
solver/contact_computation_trace.csv,ContactComputationTrace,condensed_operator_id,COND_S_LOCATE_01
solver/contact_computation_trace.csv,ContactComputationTrace,q_vector_id,Q_LOCATE_01
solver/contact_computation_trace.csv,ContactComputationTrace,W_struct_id,W_STRUCT_LOCATE_01
solver/contact_computation_trace.csv,ContactComputationTrace,Cn_local_id,CN_ALL
solver/contact_computation_trace.csv,ContactComputationTrace,W_total_id,W_TOTAL_LOCATE_01
solver/contact_computation_trace.csv,ContactComputationTrace,lcp_solution_id,LCP_SOL_S_LOCATE_01
solver/contact_computation_trace.csv,ContactComputationTrace,pressure_field_id,PRESSURE_LOCATE_01
solver/contact_computation_trace.csv,ContactComputationTrace,local_compression_field_id,LOCAL_COMPRESSION_LOCATE_01
solver/contact_computation_trace.csv,ContactComputationTrace,cache_ids_used,FACT_S_LOCATE_01
solver/contact_computation_trace.csv,ContactComputationTrace,double_count_check_id,DCC_MULTIPART
solver/contact_computation_trace.csv,ContactComputationTrace,quality_flag,PASS
solver/contact_computation_trace.csv,ContactComputationTrace,metadata,"{""data_nature"":""SYNTHETIC_NUMERICAL_CONSISTENCY_CASE"",""engineering_claim_allowed"":false,""schema_version"":""V2.5"",""schema_revision"":""MULTI_PART_SERIAL_PARALLEL_2026-07""}"
solver/contact_mode.csv,ContactMode,contact_mode_id,MODE_LOCATE_01
solver/contact_mode.csv,ContactMode,stage_id,S_LOCATE_01
solver/contact_mode.csv,ContactMode,active_contact_indices,[]
solver/contact_mode.csv,ContactMode,stick_indices,[]
solver/contact_mode.csv,ContactMode,slip_indices,[]
solver/contact_mode.csv,ContactMode,mode_hash,4f53cda18c2baa0c0354bb5f9a3ecbe5ed12ab4d8e11ba873c2f11161202b945
solver/contact_mode.csv,ContactMode,feasible_region_description,global 12-point active set
solver/contact_mode.csv,ContactMode,representative_sample_ids,SAMPLE_001
solver/contact_mode.csv,ContactMode,occurrence_count,1
solver/contact_mode.csv,ContactMode,metadata,"{""data_nature"":""SYNTHETIC_NUMERICAL_CONSISTENCY_CASE"",""engineering_claim_allowed"":false,""schema_version"":""V2.5"",""schema_revision"":""MULTI_PART_SERIAL_PARALLEL_2026-07""}"
solver/extended_lcp_solution.csv,ExtendedLcpSolution,solution_id,ELCP_SOL_S_LOCATE_01
solver/extended_lcp_solution.csv,ExtendedLcpSolution,overconstraint_model_id,OCM_S_LOCATE_01
solver/extended_lcp_solution.csv,ExtendedLcpSolution,lambda_ext,"[0.0,0.0,0.0,0.0,0.0,0.0,0.0,0.0,0.0,0.0,0.0,0.0]"
solver/extended_lcp_solution.csv,ExtendedLcpSolution,gap_ext,"[0.08,0.04,0.06,0.05,0.03,0.04,0.1,0.07,0.09,0.09,0.06,0.08]"
solver/extended_lcp_solution.csv,ExtendedLcpSolution,active_ext_indices,[]
solver/extended_lcp_solution.csv,ExtendedLcpSolution,inactive_ext_indices,"[0,1,2,3,4,5,6,7,8,9,10,11]"
solver/extended_lcp_solution.csv,ExtendedLcpSolution,bilateral_reaction_optional,[]
solver/extended_lcp_solution.csv,ExtendedLcpSolution,locator_reaction_components,[]
solver/extended_lcp_solution.csv,ExtendedLcpSolution,clamp_reaction_components,[]
solver/extended_lcp_solution.csv,ExtendedLcpSolution,joint_reaction_components,[]
solver/extended_lcp_solution.csv,ExtendedLcpSolution,pressure_field_id_optional,PRESSURE_LOCATE_01
solver/extended_lcp_solution.csv,ExtendedLcpSolution,local_compression_field_id_optional,LOCAL_COMPRESSION_LOCATE_01
solver/extended_lcp_solution.csv,ExtendedLcpSolution,equilibrium_residual,0.0
solver/extended_lcp_solution.csv,ExtendedLcpSolution,gap_violation,0.0
solver/extended_lcp_solution.csv,ExtendedLcpSolution,force_violation,0.0
solver/extended_lcp_solution.csv,ExtendedLcpSolution,complementarity_residual,0.000e+00
solver/extended_lcp_solution.csv,ExtendedLcpSolution,active_set_stability_trace_id,AST_S_LOCATE_01
solver/extended_lcp_solution.csv,ExtendedLcpSolution,force_nonuniqueness_report_id_optional,FNR_S_LOCATE_01
solver/extended_lcp_solution.csv,ExtendedLcpSolution,convergence_status,CONVERGED_SYNTHETIC_ORACLE
solver/extended_lcp_solution.csv,ExtendedLcpSolution,quality_flag,PASS
solver/extended_lcp_solution.csv,ExtendedLcpSolution,metadata,"{""data_nature"":""SYNTHETIC_NUMERICAL_CONSISTENCY_CASE"",""engineering_claim_allowed"":false,""schema_version"":""V2.5"",""schema_revision"":""MULTI_PART_SERIAL_PARALLEL_2026-07""}"
solver/force_nonuniqueness_report.csv,ForceNonuniquenessReport,report_id,FNR_S_LOCATE_01
solver/force_nonuniqueness_report.csv,ForceNonuniquenessReport,solution_id,ELCP_SOL_S_LOCATE_01
solver/force_nonuniqueness_report.csv,ForceNonuniquenessReport,active_submatrix_id,W_TOTAL_LOCATE_01
solver/force_nonuniqueness_report.csv,ForceNonuniquenessReport,nullspace_dimension,0
solver/force_nonuniqueness_report.csv,ForceNonuniquenessReport,nullspace_basis_id_optional,
solver/force_nonuniqueness_report.csv,ForceNonuniquenessReport,alternative_force_solution_summary,unique SPD solution
solver/force_nonuniqueness_report.csv,ForceNonuniquenessReport,output_variation_bounds,"[0.0,0.0]"
solver/force_nonuniqueness_report.csv,ForceNonuniquenessReport,eta_y_values,[0.0]
solver/force_nonuniqueness_report.csv,ForceNonuniquenessReport,selected_regularization_rule,NONE
solver/force_nonuniqueness_report.csv,ForceNonuniquenessReport,kcp_output_stability,STABLE
solver/force_nonuniqueness_report.csv,ForceNonuniquenessReport,required_action,NONE
solver/force_nonuniqueness_report.csv,ForceNonuniquenessReport,quality_flag,PASS
solver/force_nonuniqueness_report.csv,ForceNonuniquenessReport,metadata,"{""data_nature"":""SYNTHETIC_NUMERICAL_CONSISTENCY_CASE"",""engineering_claim_allowed"":false,""schema_version"":""V2.5"",""schema_revision"":""MULTI_PART_SERIAL_PARALLEL_2026-07""}"
solver/interface_lcp_model.csv,InterfaceLcpModel,lcp_model_id,LCP_MODEL_S_LOCATE_01
solver/interface_lcp_model.csv,InterfaceLcpModel,sample_id,SAMPLE_001
solver/interface_lcp_model.csv,InterfaceLcpModel,stage_id,S_LOCATE_01
solver/interface_lcp_model.csv,InterfaceLcpModel,contact_domain_ids,CD_PANEL_RIB;CD_RIB_SPAR;CD_PANEL_BRACKET;CD_RIB_BRACKET
solver/interface_lcp_model.csv,InterfaceLcpModel,q_mapping_components,Q_LOCATE_01
solver/interface_lcp_model.csv,InterfaceLcpModel,W_struct,W_STRUCT_LOCATE_01
solver/interface_lcp_model.csv,InterfaceLcpModel,Cn_local,CN_ALL
solver/interface_lcp_model.csv,InterfaceLcpModel,W_total,W_TOTAL_LOCATE_01
solver/interface_lcp_model.csv,InterfaceLcpModel,area_weight_matrix_id,QA_ALL
solver/interface_lcp_model.csv,InterfaceLcpModel,unknown_type,generalized_contact_force_global_layout
solver/interface_lcp_model.csv,InterfaceLcpModel,gap_sign_convention,g>0 separation
solver/interface_lcp_model.csv,InterfaceLcpModel,complementarity_tolerances,"{""gap"":1e-8,""force"":1e-8,""comp"":1e-8}"
solver/interface_lcp_model.csv,InterfaceLcpModel,solver_config_id,SOLVER_CFG_MULTIPART
solver/interface_lcp_model.csv,InterfaceLcpModel,validity_region,FIXTURE_ONLY
solver/interface_lcp_model.csv,InterfaceLcpModel,metadata,"{""data_nature"":""SYNTHETIC_NUMERICAL_CONSISTENCY_CASE"",""engineering_claim_allowed"":false,""schema_version"":""V2.5"",""schema_revision"":""MULTI_PART_SERIAL_PARALLEL_2026-07""}"
solver/lcp_regularization_config.csv,LcpRegularizationConfig,regularization_config_id,REG_MULTIPART
solver/lcp_regularization_config.csv,LcpRegularizationConfig,method,NONE_REQUIRED_SPD
solver/lcp_regularization_config.csv,LcpRegularizationConfig,epsilon_value_optional,0.0
solver/lcp_regularization_config.csv,LcpRegularizationConfig,trigger_reason,none
solver/lcp_regularization_config.csv,LcpRegularizationConfig,affected_matrix_ids,
solver/lcp_regularization_config.csv,LcpRegularizationConfig,output_impact_check,PASS
solver/lcp_regularization_config.csv,LcpRegularizationConfig,metadata,"{""data_nature"":""SYNTHETIC_NUMERICAL_CONSISTENCY_CASE"",""engineering_claim_allowed"":false,""schema_version"":""V2.5"",""schema_revision"":""MULTI_PART_SERIAL_PARALLEL_2026-07""}"
solver/lcp_solution.csv,LcpSolution,solution_id,LCP_SOL_S_LOCATE_01
solver/lcp_solution.csv,LcpSolution,lcp_model_id,LCP_MODEL_S_LOCATE_01
solver/lcp_solution.csv,LcpSolution,sample_id,SAMPLE_001
solver/lcp_solution.csv,LcpSolution,stage_id,S_LOCATE_01
solver/lcp_solution.csv,LcpSolution,lambda_n,"[0.0,0.0,0.0,0.0,0.0,0.0,0.0,0.0,0.0,0.0,0.0,0.0]"
solver/lcp_solution.csv,LcpSolution,pressure_p_n,"[0.0,0.0,0.0,0.0,0.0,0.0,0.0,0.0,0.0,0.0,0.0,0.0]"
solver/lcp_solution.csv,LcpSolution,gap_g,"[0.08,0.04,0.06,0.05,0.03,0.04,0.1,0.07,0.09,0.09,0.06,0.08]"
solver/lcp_solution.csv,LcpSolution,active_contact_indices,[]
solver/lcp_solution.csv,LcpSolution,inactive_indices,"[0,1,2,3,4,5,6,7,8,9,10,11]"
solver/lcp_solution.csv,LcpSolution,equilibrium_residual,0.000e+00
solver/lcp_solution.csv,LcpSolution,gap_violation,0.000e+00
solver/lcp_solution.csv,LcpSolution,force_violation,0.000e+00
solver/lcp_solution.csv,LcpSolution,complementarity_residual,0.000e+00
solver/lcp_solution.csv,LcpSolution,iteration_count,1
solver/lcp_solution.csv,LcpSolution,convergence_status,CONVERGED_SYNTHETIC_ORACLE
solver/lcp_solution.csv,LcpSolution,warm_start_source_id_optional,
solver/lcp_solution.csv,LcpSolution,metadata,"{""data_nature"":""SYNTHETIC_NUMERICAL_CONSISTENCY_CASE"",""engineering_claim_allowed"":false,""schema_version"":""V2.5"",""schema_revision"":""MULTI_PART_SERIAL_PARALLEL_2026-07""}"
solver/overconstraint_contact_model.csv,OverconstraintContactModel,overconstraint_model_id,OCM_S_LOCATE_01
solver/overconstraint_contact_model.csv,OverconstraintContactModel,sample_id,SAMPLE_001
solver/overconstraint_contact_model.csv,OverconstraintContactModel,stage_id,S_LOCATE_01
solver/overconstraint_contact_model.csv,OverconstraintContactModel,extended_domain_id,ECD_MULTIPART
solver/overconstraint_contact_model.csv,OverconstraintContactModel,q_ext_vector_id,Q_LOCATE_01
solver/overconstraint_contact_model.csv,OverconstraintContactModel,W_ext_matrix_id,W_TOTAL_LOCATE_01
solver/overconstraint_contact_model.csv,OverconstraintContactModel,unilateral_indices,"[0,1,2,3,4,5,6,7,8,9,10,11]"
solver/overconstraint_contact_model.csv,OverconstraintContactModel,bilateral_indices_optional,[]
solver/overconstraint_contact_model.csv,OverconstraintContactModel,lambda_ext_unknown_definition,global_12_contact_force
solver/overconstraint_contact_model.csv,OverconstraintContactModel,gap_sign_convention,g_ext>0 separation
solver/overconstraint_contact_model.csv,OverconstraintContactModel,solver_config_id,SOLVER_CFG_MULTIPART
solver/overconstraint_contact_model.csv,OverconstraintContactModel,regularization_config_id_optional,REG_MULTIPART
solver/overconstraint_contact_model.csv,OverconstraintContactModel,fallback_policy,NONE_REQUIRED
solver/overconstraint_contact_model.csv,OverconstraintContactModel,validity_region,FIXTURE_ONLY
solver/overconstraint_contact_model.csv,OverconstraintContactModel,metadata,"{""data_nature"":""SYNTHETIC_NUMERICAL_CONSISTENCY_CASE"",""engineering_claim_allowed"":false,""schema_version"":""V2.5"",""schema_revision"":""MULTI_PART_SERIAL_PARALLEL_2026-07""}"
validation/check_item.csv,CheckItem,check_name,CHECK_TOPOLOGY
validation/check_item.csv,CheckItem,metric_name,serial_parallel_paths
validation/check_item.csv,CheckItem,metric_value,1
validation/check_item.csv,CheckItem,unit_optional,boolean
validation/check_item.csv,CheckItem,threshold_rule,==1
validation/check_item.csv,CheckItem,result,PASS
validation/check_item.csv,CheckItem,action_required_optional,
validation/model_version_release.csv,ModelVersionRelease,model_version,MODEL_V2_5_TEMPLATE
validation/model_version_release.csv,ModelVersionRelease,released_at,
validation/model_version_release.csv,ModelVersionRelease,released_by,template_generator
validation/model_version_release.csv,ModelVersionRelease,valid_domain,template_only
validation/model_version_release.csv,ModelVersionRelease,frozen_object_ids,[]
validation/model_version_release.csv,ModelVersionRelease,training_identification_data_summary,none
validation/model_version_release.csv,ModelVersionRelease,calibration_data_summary,none
validation/model_version_release.csv,ModelVersionRelease,validation_result_ids,VAL_DEFAULT
validation/model_version_release.csv,ModelVersionRelease,known_limitations,No real engineering data.
validation/model_version_release.csv,ModelVersionRelease,required_revalidation_conditions,Any real use requires data replacement and validation.
validation/model_version_release.csv,ModelVersionRelease,metadata,"{""note"":""默认占位值；请替换为真实工程数据。"",""schema_version"":""V2.5""}"
validation/quality_gate.csv,QualityGate,quality_gate_id,QG_MULTIPART
validation/quality_gate.csv,QualityGate,gate_name,Multi-part serial-parallel fixture gate
validation/quality_gate.csv,QualityGate,target_object_type,Package
validation/quality_gate.csv,QualityGate,target_object_ids,01_DEFAULT_MIN_CASE
validation/quality_gate.csv,QualityGate,check_items,CHECK_TOPOLOGY;CHECK_COUPLING;CHECK_LCP;CHECK_AUTHENTICITY
validation/quality_gate.csv,QualityGate,thresholds,see check_item.csv
validation/quality_gate.csv,QualityGate,pass_fail,PASS
validation/quality_gate.csv,QualityGate,warn_items,synthetic_data_not_engineering_evidence
validation/quality_gate.csv,QualityGate,fail_items,
validation/quality_gate.csv,QualityGate,reviewer_optional,AUTO
validation/quality_gate.csv,QualityGate,timestamp,2026-07-14T00:00:00+09:00
validation/quality_gate.csv,QualityGate,metadata,"{""data_nature"":""SYNTHETIC_NUMERICAL_CONSISTENCY_CASE"",""engineering_claim_allowed"":false,""schema_version"":""V2.5"",""schema_revision"":""MULTI_PART_SERIAL_PARALLEL_2026-07""}"
validation/run_log.csv,RunLog,run_id,RUN_MULTIPART_BUILD
validation/run_log.csv,RunLog,model_version,V2.5_MULTIPART_FIXTURE
validation/run_log.csv,RunLog,input_package_id,01_DEFAULT_MIN_CASE
validation/run_log.csv,RunLog,started_at,2026-07-14T00:00:00+09:00
validation/run_log.csv,RunLog,finished_at,2026-07-14T00:00:01+09:00
validation/run_log.csv,RunLog,operator_or_script,build_multi_part_case.py
validation/run_log.csv,RunLog,software_versions,numpy
validation/run_log.csv,RunLog,object_ids_used,TOPO_MULTIPART;VL_CONTACT_ALL_12
validation/run_log.csv,RunLog,cache_ids_used,FACT_S_LOCATE_01;FACT_S_CLAMP_02;FACT_S_JOIN_03;FACT_S_RELEASE_04
validation/run_log.csv,RunLog,quality_gate_ids,QG_MULTIPART
validation/run_log.csv,RunLog,warnings,synthetic fixture only
validation/run_log.csv,RunLog,errors,
validation/run_log.csv,RunLog,runtime_summary,deterministic build
validation/run_log.csv,RunLog,output_object_ids,PRED_MULTIPART;VAL_MULTIPART_ORACLE
validation/run_log.csv,RunLog,metadata,"{""data_nature"":""SYNTHETIC_NUMERICAL_CONSISTENCY_CASE"",""engineering_claim_allowed"":false,""schema_version"":""V2.5"",""schema_revision"":""MULTI_PART_SERIAL_PARALLEL_2026-07""}"
validation/validation_result.csv,ValidationResult,validation_result_id,VAL_MULTIPART_ORACLE
validation/validation_result.csv,ValidationResult,model_version,V2.5_MULTIPART_FIXTURE
validation/validation_result.csv,ValidationResult,validation_sample_ids,SAMPLE_ORACLE
validation/validation_result.csv,ValidationResult,reference_type,SYNTHETIC_ORACLE
validation/validation_result.csv,ValidationResult,kcp_ids,KCP_END_GAP;KCP_STEP_AB;KCP_PARALLEL_BALANCE
validation/validation_result.csv,ValidationResult,predicted_values,"[0.0092070493,0.000454407,0.0018970489]"
validation/validation_result.csv,ValidationResult,reference_values,"[0.0092070493,0.000454407,0.0018970489]"
validation/validation_result.csv,ValidationResult,residuals,"[0.0,0.0,0.0]"
validation/validation_result.csv,ValidationResult,MAE,0.0
validation/validation_result.csv,ValidationResult,RMSE,0.0
validation/validation_result.csv,ValidationResult,maximum_absolute_error,0.0
validation/validation_result.csv,ValidationResult,correlation_optional,
validation/validation_result.csv,ValidationResult,failure_probability_error_optional,0.0
validation/validation_result.csv,ValidationResult,contact_mode_agreement_optional,1.0
validation/validation_result.csv,ValidationResult,overconstraint_reaction_agreement_optional,
validation/validation_result.csv,ValidationResult,acceleration_ratio_optional,
validation/validation_result.csv,ValidationResult,acceptance_criteria,exact synthetic oracle consistency
validation/validation_result.csv,ValidationResult,pass_fail,PASS
validation/validation_result.csv,ValidationResult,metadata,"{""data_nature"":""SYNTHETIC_NUMERICAL_CONSISTENCY_CASE"",""engineering_claim_allowed"":false,""schema_version"":""V2.5"",""schema_revision"":""MULTI_PART_SERIAL_PARALLEL_2026-07""}"
