file_path,object_name,field_name,data_type,required,cardinality,unit,enum_or_format,key_semantics,missing_handling,description,example_value
I0/assembly_topology.csv,TopologyStepSpec,topology_id,string,True,0..1,dimensionless,,object identifier or foreign key per schema,blank allowed unless required,TopologyStepSpec.topology_id,TOPOLOGY_STEP_MIN_CASE
I0/assembly_topology.csv,TopologyStepSpec,measurement_checkpoint_id,string,False,0..1,dimensionless,,object identifier or foreign key per schema,blank allowed unless required,TopologyStepSpec.measurement_checkpoint_id,
I0/assembly_topology.csv,TopologyStepSpec,reference_state_id,string,False,0..1,dimensionless,,object identifier or foreign key per schema,blank allowed unless required,TopologyStepSpec.reference_state_id,PARENT_RUNTIME_STATE
I0/assembly_topology.csv,TopologyStepSpec,topology_step_id,string,True,0..1,dimensionless,,PK TopologyStepSpec,blank allowed unless required,TopologyStepSpec.topology_step_id,TS000
I0/assembly_topology.csv,TopologyStepSpec,step_order,integer,True,0..1,dimensionless,,,blank allowed unless required,TopologyStepSpec.step_order,0
I0/assembly_topology.csv,TopologyStepSpec,parent_topology_step_id,string,False,0..1,dimensionless,,self FK -> topology_step_id,blank allowed unless required,TopologyStepSpec.parent_topology_step_id,TS000
I0/assembly_topology.csv,TopologyStepSpec,assembly_cycle_id,string,True,0..1,dimensionless,,object identifier or foreign key per schema,blank allowed unless required,TopologyStepSpec.assembly_cycle_id,CYCLE_INIT
I0/assembly_topology.csv,TopologyStepSpec,operation_type,string,True,0..1,dimensionless,INIT|LOCATE|CLAMP|JOIN|RELEASE|MEASURE|INSPECT|other configured ID,,blank allowed unless required,TopologyStepSpec.operation_type,INIT
I0/assembly_topology.csv,TopologyStepSpec,stage_id,string,True,0..1,dimensionless,,object identifier or foreign key per schema,blank allowed unless required,TopologyStepSpec.stage_id,S_LOCATE_01
I0/assembly_topology.csv,TopologyStepSpec,input_subassembly_id,string,False,0..1,dimensionless,,object identifier or foreign key per schema,blank allowed unless required,TopologyStepSpec.input_subassembly_id,ASM_A
I0/assembly_topology.csv,TopologyStepSpec,result_subassembly_id,string,False,0..1,dimensionless,,object identifier or foreign key per schema,blank allowed unless required,TopologyStepSpec.result_subassembly_id,ASM_A
I0/assembly_topology.csv,TopologyStepSpec,added_part_ids,string,False,0..*,dimensionless,semicolon-separated IDs,semicolon-separated FK list to the named object table,empty list,TopologyStepSpec.added_part_ids,P_A
I0/assembly_topology.csv,TopologyStepSpec,removed_part_ids,string,False,0..*,dimensionless,semicolon-separated IDs,semicolon-separated FK list to the named object table,empty list,TopologyStepSpec.removed_part_ids,
I0/assembly_topology.csv,TopologyStepSpec,activated_interface_ids,string,False,0..*,dimensionless,semicolon-separated IDs,semicolon-separated FK list to the named object table,empty list,TopologyStepSpec.activated_interface_ids,G_AB
I0/assembly_topology.csv,TopologyStepSpec,deactivated_interface_ids,string,False,0..*,dimensionless,semicolon-separated IDs,semicolon-separated FK list to the named object table,empty list,TopologyStepSpec.deactivated_interface_ids,
I0/assembly_topology.csv,TopologyStepSpec,activated_boundary_ids,string,False,0..*,dimensionless,semicolon-separated IDs,semicolon-separated FK list to the named object table,empty list,TopologyStepSpec.activated_boundary_ids,BND_PANEL_BASE;BND_RIB_PIN
I0/assembly_topology.csv,TopologyStepSpec,deactivated_boundary_ids,string,False,0..*,dimensionless,semicolon-separated IDs,semicolon-separated FK list to the named object table,empty list,TopologyStepSpec.deactivated_boundary_ids,BND_PANEL_BASE;BND_RIB_PIN
I0/assembly_topology.csv,TopologyStepSpec,activated_load_ids,string,False,0..*,dimensionless,semicolon-separated IDs,semicolon-separated FK list to the named object table,empty list,TopologyStepSpec.activated_load_ids,LOAD_GRAVITY_ALL
I0/assembly_topology.csv,TopologyStepSpec,removed_load_ids,string,False,0..*,dimensionless,semicolon-separated IDs,semicolon-separated FK list to the named object table,empty list,TopologyStepSpec.removed_load_ids,LOAD_CLAMP_G_AB
I0/assembly_topology.csv,TopologyStepSpec,activated_joint_ids,string,False,0..*,dimensionless,semicolon-separated IDs,semicolon-separated FK list to the named object table,empty list,TopologyStepSpec.activated_joint_ids,JNT_AB
I0/assembly_topology.csv,TopologyStepSpec,deactivated_joint_ids,string,False,0..*,dimensionless,semicolon-separated IDs,semicolon-separated FK list to the named object table,empty list,TopologyStepSpec.deactivated_joint_ids,
I0/assembly_topology.csv,TopologyStepSpec,operator_set_id,string,False,0..1,dimensionless,,object identifier or foreign key per schema,blank allowed unless required,TopologyStepSpec.operator_set_id,OP_TS101
I0/assembly_topology.csv,TopologyStepSpec,solve_required,boolean,True,0..1,dimensionless,true|false,,blank allowed unless required,TopologyStepSpec.solve_required,False
I0/assembly_topology.csv,TopologyStepSpec,notes,string,False,0..1,dimensionless,,,blank allowed unless required,TopologyStepSpec.notes,Initialize the first part without solving.
I0/assembly_topology.csv,TopologyStepSpec,assembly_step,integer,False,0..1,dimensionless,,,blank allowed unless required,TopologyStepSpec.assembly_step,0
I0/assembly_topology.csv,TopologyStepSpec,part_in,string,False,0..1,dimensionless,,,blank allowed unless required,TopologyStepSpec.part_in,P_A
I0/assembly_topology.csv,TopologyStepSpec,existing_subassembly,string,False,0..1,dimensionless,,,blank allowed unless required,TopologyStepSpec.existing_subassembly,ASM_A
I0/assembly_topology.csv,TopologyStepSpec,result_subassembly,string,False,0..1,dimensionless,,,blank allowed unless required,TopologyStepSpec.result_subassembly,ASM_A
I0/assembly_topology.csv,TopologyStepSpec,predecessor_step_id,string,False,0..1,dimensionless,,object identifier or foreign key per schema,blank allowed unless required,TopologyStepSpec.predecessor_step_id,TS000
I0/assembly_topology.csv,TopologyStepSpec,successor_step_id,string,False,0..1,dimensionless,,object identifier or foreign key per schema,blank allowed unless required,TopologyStepSpec.successor_step_id,TS101
I0/interface.csv,Interface,interface_id,string,False,0..1,dimensionless,,object identifier or foreign key per schema,blank allowed unless required,Schema field interface_id in I0/interface.csv,G_AB
I0/interface.csv,Interface,interface_name,string,False,0..1,dimensionless,,,blank allowed unless required,Schema field interface_name in I0/interface.csv,PANEL_A_TO_RIB_B
I0/interface.csv,Interface,part_i,string,False,0..1,dimensionless,,,blank allowed unless required,Schema field part_i in I0/interface.csv,P_A
I0/interface.csv,Interface,part_j,string,False,0..1,dimensionless,,,blank allowed unless required,Schema field part_j in I0/interface.csv,P_B
I0/interface.csv,Interface,side_i_region_id,string,False,0..1,dimensionless,,object identifier or foreign key per schema,blank allowed unless required,Schema field side_i_region_id in I0/interface.csv,REG_PANEL_AB
I0/interface.csv,Interface,side_j_region_id,string,False,0..1,dimensionless,,object identifier or foreign key per schema,blank allowed unless required,Schema field side_j_region_id in I0/interface.csv,REG_RIB_AB
I0/interface.csv,Interface,material_pair,string,False,0..1,dimensionless,,,blank allowed unless required,Schema field material_pair in I0/interface.csv,CFRP-CFRP
I0/interface.csv,Interface,nominal_gap,number,False,0..1,dimensionless,,,blank allowed unless required,Schema field nominal_gap in I0/interface.csv,0.06
I0/interface.csv,Interface,contact_candidate_flag,boolean,False,0..1,dimensionless,,,blank allowed unless required,Schema field contact_candidate_flag in I0/interface.csv,TRUE
I0/interface.csv,Interface,key_contact_flag,boolean,False,0..1,dimensionless,,,blank allowed unless required,Schema field key_contact_flag in I0/interface.csv,TRUE
I0/interface.csv,Interface,coordinate_system_id,string,False,0..1,dimensionless,,object identifier or foreign key per schema,blank allowed unless required,Schema field coordinate_system_id in I0/interface.csv,CS_ASSEMBLY
I0/interface.csv,Interface,metadata,string,False,0..1,dimensionless,,,blank allowed unless required,Schema field metadata in I0/interface.csv,"{""connection_pattern"":""SERIAL_SEED_AND_DIRECT_PARALLEL_PATH"",""data_nature"":""SYNTHETIC""}"
I0/joint_definition.csv,JointDefinition,joint_id,string,False,0..1,dimensionless,,object identifier or foreign key per schema,blank allowed unless required,Schema field joint_id in I0/joint_definition.csv,JNT_AB
I0/joint_definition.csv,JointDefinition,interface_id,string,False,0..1,dimensionless,,object identifier or foreign key per schema,blank allowed unless required,Schema field interface_id in I0/joint_definition.csv,G_AB
I0/joint_definition.csv,JointDefinition,part_i,string,False,0..1,dimensionless,,,blank allowed unless required,Schema field part_i in I0/joint_definition.csv,P_A
I0/joint_definition.csv,JointDefinition,part_j,string,False,0..1,dimensionless,,,blank allowed unless required,Schema field part_j in I0/joint_definition.csv,P_B
I0/joint_definition.csv,JointDefinition,joint_type,string,False,0..1,dimensionless,,,blank allowed unless required,Schema field joint_type in I0/joint_definition.csv,FINITE_STIFFNESS_LOCK
I0/joint_definition.csv,JointDefinition,constrained_dofs,string,False,0..1,dimensionless,,,blank allowed unless required,Schema field constrained_dofs in I0/joint_definition.csv,NORMAL
I0/joint_definition.csv,JointDefinition,stiffness_matrix_id,string,False,0..1,dimensionless,,object identifier or foreign key per schema,blank allowed unless required,Schema field stiffness_matrix_id in I0/joint_definition.csv,KJ_JNT_AB
I0/joint_definition.csv,JointDefinition,preload_definition_id,string,False,0..1,dimensionless,,object identifier or foreign key per schema,blank allowed unless required,Schema field preload_definition_id in I0/joint_definition.csv,PRELOAD_JNT_AB
I0/joint_definition.csv,JointDefinition,activation_stage_id,string,False,0..1,dimensionless,,object identifier or foreign key per schema,blank allowed unless required,Schema field activation_stage_id in I0/joint_definition.csv,S_JOIN_03
I0/joint_definition.csv,JointDefinition,retention_rule,string,False,0..1,dimensionless,RETAIN_THROUGH_RELEASE|REMOVE_AT_RELEASE,,blank allowed unless required,Schema field retention_rule in I0/joint_definition.csv,RETAIN_THROUGH_RELEASE
I0/joint_definition.csv,JointDefinition,metadata,string,False,0..1,dimensionless,,,blank allowed unless required,Schema field metadata in I0/joint_definition.csv,"{""data_nature"":""SYNTHETIC_NUMERICAL_CONSISTENCY_CASE"",""engineering_claim_allowed"":false,""schema_version"":""V2.5"",""schema_revision"":""MULTI_PART_SERIAL_PARALLEL_2026-07""}"
I0/local_region_definition.csv,LocalRegionDefinition,local_region_id,string,False,0..1,dimensionless,,object identifier or foreign key per schema,blank allowed unless required,Schema field local_region_id in I0/local_region_definition.csv,LR_AB
I0/local_region_definition.csv,LocalRegionDefinition,interface_id,string,False,0..1,dimensionless,,object identifier or foreign key per schema,blank allowed unless required,Schema field interface_id in I0/local_region_definition.csv,G_AB
I0/local_region_definition.csv,LocalRegionDefinition,included_geometry_regions,string,False,0..1,dimensionless,,,blank allowed unless required,Schema field included_geometry_regions in I0/local_region_definition.csv,REG_AB_I;REG_AB_J
I0/local_region_definition.csv,LocalRegionDefinition,candidate_contact_region_ids,string,False,0..1,dimensionless,,,blank allowed unless required,Schema field candidate_contact_region_ids in I0/local_region_definition.csv,CD_AB
I0/local_region_definition.csv,LocalRegionDefinition,kcp_sensitive_region_ids,string,False,0..1,dimensionless,,,blank allowed unless required,Schema field kcp_sensitive_region_ids in I0/local_region_definition.csv,KCP_ZONE_MULTIPART
I0/local_region_definition.csv,LocalRegionDefinition,margin_rule,string,False,0..1,dimensionless,,,blank allowed unless required,Schema field margin_rule in I0/local_region_definition.csv,fixed_synthetic_margin
I0/local_region_definition.csv,LocalRegionDefinition,margin_distance,number,False,0..1,dimensionless,,,blank allowed unless required,Schema field margin_distance in I0/local_region_definition.csv,10.0
I0/local_region_definition.csv,LocalRegionDefinition,cut_boundary_definition,string,False,0..1,dimensionless,,,blank allowed unless required,Schema field cut_boundary_definition in I0/local_region_definition.csv,CUT_AB
I0/local_region_definition.csv,LocalRegionDefinition,selection_rationale,string,False,0..1,dimensionless,,,blank allowed unless required,Schema field selection_rationale in I0/local_region_definition.csv,cover three-point contact block and KCP transfer support
I0/local_region_definition.csv,LocalRegionDefinition,metadata,string,False,0..1,dimensionless,,,blank allowed unless required,Schema field metadata in I0/local_region_definition.csv,"{""data_nature"":""SYNTHETIC_NUMERICAL_CONSISTENCY_CASE"",""engineering_claim_allowed"":false,""schema_version"":""V2.5"",""schema_revision"":""MULTI_PART_SERIAL_PARALLEL_2026-07""}"
I0/material.csv,Material,material_id,string,False,0..1,dimensionless,,object identifier or foreign key per schema,blank allowed unless required,Schema field material_id in I0/material.csv,MAT_CFRP_DEFAULT
I0/material.csv,Material,material_name,string,False,0..1,dimensionless,,,blank allowed unless required,Schema field material_name in I0/material.csv,SYNTHETIC_CFRP
I0/material.csv,Material,material_type,string,False,0..1,dimensionless,,,blank allowed unless required,Schema field material_type in I0/material.csv,CFRP
I0/material.csv,Material,E,integer,False,0..1,dimensionless,,,blank allowed unless required,Schema field E in I0/material.csv,70000
I0/material.csv,Material,nu,number,False,0..1,dimensionless,,,blank allowed unless required,Schema field nu in I0/material.csv,0.30
I0/material.csv,Material,G,integer,False,0..1,dimensionless,,,blank allowed unless required,Schema field G in I0/material.csv,27000
I0/material.csv,Material,density,number,False,0..1,dimensionless,,,blank allowed unless required,Schema field density in I0/material.csv,1.60e-9
I0/material.csv,Material,orthotropic_constants,string,False,0..1,dimensionless,,,blank allowed unless required,Schema field orthotropic_constants in I0/material.csv,{}
I0/material.csv,Material,temperature_range,string,False,0..1,dimensionless,,,blank allowed unless required,Schema field temperature_range in I0/material.csv,"[20,20]"
I0/material.csv,Material,source,string,False,0..1,dimensionless,,,blank allowed unless required,Schema field source in I0/material.csv,SYNTHETIC_FIXTURE
I0/material.csv,Material,quality_flag,string,False,0..1,dimensionless,,,blank allowed unless required,Schema field quality_flag in I0/material.csv,PASS
I0/material.csv,Material,metadata,string,False,0..1,dimensionless,,,blank allowed unless required,Schema field metadata in I0/material.csv,"{""data_nature"":""SYNTHETIC_NUMERICAL_CONSISTENCY_CASE"",""engineering_claim_allowed"":false,""schema_version"":""V2.5"",""schema_revision"":""MULTI_PART_SERIAL_PARALLEL_2026-07""}"
I0/nominal_model.csv,NominalModel,nominal_model_id,string,False,0..1,dimensionless,,object identifier or foreign key per schema,blank allowed unless required,Schema field nominal_model_id in I0/nominal_model.csv,NM_MULTIPART
I0/nominal_model.csv,NominalModel,model_name,string,False,0..1,dimensionless,,,blank allowed unless required,Schema field model_name in I0/nominal_model.csv,SYNTHETIC_FOUR_PART_ASSEMBLY
I0/nominal_model.csv,NominalModel,cad_reference,string,False,0..1,dimensionless,,,blank allowed unless required,Schema field cad_reference in I0/nominal_model.csv,SYNTHETIC_NOT_PROVIDED
I0/nominal_model.csv,NominalModel,mesh_reference,string,False,0..1,dimensionless,,,blank allowed unless required,Schema field mesh_reference in I0/nominal_model.csv,SYNTHETIC_REDUCED_MODEL
I0/nominal_model.csv,NominalModel,coordinate_system_id,string,False,0..1,dimensionless,,object identifier or foreign key per schema,blank allowed unless required,Schema field coordinate_system_id in I0/nominal_model.csv,CS_ASSEMBLY
I0/nominal_model.csv,NominalModel,revision_id,string,False,0..1,dimensionless,,object identifier or foreign key per schema,blank allowed unless required,Schema field revision_id in I0/nominal_model.csv,MULTIPART_2026_07
I0/nominal_model.csv,NominalModel,definition_source,string,False,0..1,dimensionless,,,blank allowed unless required,Schema field definition_source in I0/nominal_model.csv,SYNTHETIC_NUMERICAL_FIXTURE
I0/nominal_model.csv,NominalModel,quality_flag,string,False,0..1,dimensionless,,,blank allowed unless required,Schema field quality_flag in I0/nominal_model.csv,PASS
I0/nominal_model.csv,NominalModel,metadata,string,False,0..1,dimensionless,,,blank allowed unless required,Schema field metadata in I0/nominal_model.csv,"{""data_nature"":""SYNTHETIC_NUMERICAL_CONSISTENCY_CASE"",""engineering_claim_allowed"":false,""schema_version"":""V2.5"",""schema_revision"":""MULTI_PART_SERIAL_PARALLEL_2026-07""}"
I0/part.csv,Part,part_id,string,False,0..1,dimensionless,,object identifier or foreign key per schema,blank allowed unless required,Schema field part_id in I0/part.csv,P_A
I0/part.csv,Part,part_name,string,False,0..1,dimensionless,,,blank allowed unless required,Schema field part_name in I0/part.csv,FLEXIBLE_PANEL_A
I0/part.csv,Part,material_type,string,False,0..1,dimensionless,,,blank allowed unless required,Schema field material_type in I0/part.csv,CFRP
I0/part.csv,Part,role_in_assembly,string,False,0..1,dimensionless,,,blank allowed unless required,Schema field role_in_assembly in I0/part.csv,shared_flexible_base
I0/part.csv,Part,nominal_model_id,string,False,0..1,dimensionless,,object identifier or foreign key per schema,blank allowed unless required,Schema field nominal_model_id in I0/part.csv,NM_MULTIPART
I0/part.csv,Part,sms_prior_id,string,False,0..1,dimensionless,,object identifier or foreign key per schema,blank allowed unless required,Schema field sms_prior_id in I0/part.csv,SMS_PRIOR_PANEL
I0/part.csv,Part,material_id,string,False,0..1,dimensionless,,object identifier or foreign key per schema,blank allowed unless required,Schema field material_id in I0/part.csv,MAT_CFRP_DEFAULT
I0/part.csv,Part,thickness_definition_id,string,False,0..1,dimensionless,,object identifier or foreign key per schema,blank allowed unless required,Schema field thickness_definition_id in I0/part.csv,THK_PANEL
I0/part.csv,Part,layup_id_optional,string,False,0..1,dimensionless,,,blank allowed unless required,Schema field layup_id_optional in I0/part.csv,LAYUP_PANEL
I0/part.csv,Part,local_coordinate_system_id,string,False,0..1,dimensionless,,object identifier or foreign key per schema,blank allowed unless required,Schema field local_coordinate_system_id in I0/part.csv,CS_ASSEMBLY
I0/part.csv,Part,mesh_or_point_set_id,string,False,0..1,dimensionless,,object identifier or foreign key per schema,blank allowed unless required,Schema field mesh_or_point_set_id in I0/part.csv,MESH_PANEL
I0/part.csv,Part,key_interface_ids,string,False,0..1,dimensionless,,,blank allowed unless required,Schema field key_interface_ids in I0/part.csv,G_AB;G_AD
I0/part.csv,Part,related_kcm_ids,string,False,0..1,dimensionless,,,blank allowed unless required,Schema field related_kcm_ids in I0/part.csv,KCM_PANEL_PROFILE
I0/part.csv,Part,related_kcp_ids,string,False,0..1,dimensionless,,,blank allowed unless required,Schema field related_kcp_ids in I0/part.csv,KCP_END_GAP;KCP_STEP_AB;KCP_PARALLEL_BALANCE
I0/part.csv,Part,metadata,string,False,0..1,dimensionless,,,blank allowed unless required,Schema field metadata in I0/part.csv,"{""data_nature"":""SYNTHETIC_NUMERICAL_CONSISTENCY_CASE"",""engineering_claim_allowed"":false,""schema_version"":""V2.5"",""schema_revision"":""MULTI_PART_SERIAL_PARALLEL_2026-07""}"
I0/sms_prior.csv,SmsPrior,sms_prior_id,string,False,0..1,dimensionless,,object identifier or foreign key per schema,blank allowed unless required,Schema field sms_prior_id in I0/sms_prior.csv,SMS_PRIOR_PANEL
I0/sms_prior.csv,SmsPrior,part_id,string,False,0..1,dimensionless,,object identifier or foreign key per schema,blank allowed unless required,Schema field part_id in I0/sms_prior.csv,P_A
I0/sms_prior.csv,SmsPrior,prior_type,string,False,0..1,dimensionless,,,blank allowed unless required,Schema field prior_type in I0/sms_prior.csv,synthetic_zero_mean
I0/sms_prior.csv,SmsPrior,basis_id,string,False,0..1,dimensionless,,object identifier or foreign key per schema,blank allowed unless required,Schema field basis_id in I0/sms_prior.csv,SMS_BASIS_PANEL
I0/sms_prior.csv,SmsPrior,alpha_mean,string,False,0..1,dimensionless,,,blank allowed unless required,Schema field alpha_mean in I0/sms_prior.csv,[0.0]
I0/sms_prior.csv,SmsPrior,alpha_covariance_id,string,False,0..1,dimensionless,,object identifier or foreign key per schema,blank allowed unless required,Schema field alpha_covariance_id in I0/sms_prior.csv,COV_SMS_PANEL
I0/sms_prior.csv,SmsPrior,source_sample_ids,string,False,0..1,dimensionless,,,blank allowed unless required,Schema field source_sample_ids in I0/sms_prior.csv,SYNTHETIC_SEED
I0/sms_prior.csv,SmsPrior,valid_region,string,False,0..1,dimensionless,,,blank allowed unless required,Schema field valid_region in I0/sms_prior.csv,FIXTURE_ONLY
I0/sms_prior.csv,SmsPrior,quality_flag,string,False,0..1,dimensionless,,,blank allowed unless required,Schema field quality_flag in I0/sms_prior.csv,PASS
I0/sms_prior.csv,SmsPrior,metadata,string,False,0..1,dimensionless,,,blank allowed unless required,Schema field metadata in I0/sms_prior.csv,"{""data_nature"":""SYNTHETIC_NUMERICAL_CONSISTENCY_CASE"",""engineering_claim_allowed"":false,""schema_version"":""V2.5"",""schema_revision"":""MULTI_PART_SERIAL_PARALLEL_2026-07""}"
I0/stage_definition.csv,StageDefinition,stage_id,string,False,0..1,dimensionless,,object identifier or foreign key per schema,blank allowed unless required,Schema field stage_id in I0/stage_definition.csv,S_LOCATE_01
I0/stage_definition.csv,StageDefinition,stage_order,integer,False,0..1,dimensionless,,,blank allowed unless required,Schema field stage_order in I0/stage_definition.csv,1
I0/stage_definition.csv,StageDefinition,stage_type,string,False,0..1,dimensionless,,,blank allowed unless required,Schema field stage_type in I0/stage_definition.csv,LOCATE
I0/stage_definition.csv,StageDefinition,subassembly_id,string,False,0..1,dimensionless,,object identifier or foreign key per schema,blank allowed unless required,Schema field subassembly_id in I0/stage_definition.csv,ASM_ABCD
I0/stage_definition.csv,StageDefinition,active_part_ids,string,False,0..1,dimensionless,,,blank allowed unless required,Schema field active_part_ids in I0/stage_definition.csv,P_A;P_B;P_C;P_D
I0/stage_definition.csv,StageDefinition,active_interface_ids,string,False,0..1,dimensionless,,,blank allowed unless required,Schema field active_interface_ids in I0/stage_definition.csv,G_AB;G_BC;G_AD;G_DB
I0/stage_definition.csv,StageDefinition,predecessor_stage_id,string,False,0..1,dimensionless,,object identifier or foreign key per schema,blank allowed unless required,Schema field predecessor_stage_id in I0/stage_definition.csv,S_LOCATE_01
I0/stage_definition.csv,StageDefinition,successor_stage_id,string,False,0..1,dimensionless,,object identifier or foreign key per schema,blank allowed unless required,Schema field successor_stage_id in I0/stage_definition.csv,S_CLAMP_02
I0/stage_definition.csv,StageDefinition,metadata,string,False,0..1,dimensionless,,,blank allowed unless required,Schema field metadata in I0/stage_definition.csv,"{""data_nature"":""SYNTHETIC_NUMERICAL_CONSISTENCY_CASE"",""engineering_claim_allowed"":false,""schema_version"":""V2.5"",""schema_revision"":""MULTI_PART_SERIAL_PARALLEL_2026-07""}"
I0/subassembly.csv,Subassembly,subassembly_id,string,False,0..1,dimensionless,,object identifier or foreign key per schema,blank allowed unless required,Schema field subassembly_id in I0/subassembly.csv,ASM_A
I0/subassembly.csv,Subassembly,parent_subassembly_id,string,False,0..1,dimensionless,,object identifier or foreign key per schema,blank allowed unless required,Schema field parent_subassembly_id in I0/subassembly.csv,ASM_A
I0/subassembly.csv,Subassembly,assembly_step,integer,False,0..1,dimensionless,,,blank allowed unless required,Schema field assembly_step in I0/subassembly.csv,1
I0/subassembly.csv,Subassembly,member_part_ids,string,False,0..1,dimensionless,,,blank allowed unless required,Schema field member_part_ids in I0/subassembly.csv,P_A
I0/subassembly.csv,Subassembly,active_interface_ids,string,False,0..1,dimensionless,,,blank allowed unless required,Schema field active_interface_ids in I0/subassembly.csv,G_AB
I0/subassembly.csv,Subassembly,active_joint_ids,string,False,0..1,dimensionless,,,blank allowed unless required,Schema field active_joint_ids in I0/subassembly.csv,JNT_AB;JNT_BC;JNT_AD;JNT_DB
I0/subassembly.csv,Subassembly,reference_state_id,string,False,0..1,dimensionless,,object identifier or foreign key per schema,blank allowed unless required,Schema field reference_state_id in I0/subassembly.csv,REF_NOMINAL
I0/subassembly.csv,Subassembly,metadata,string,False,0..1,dimensionless,,,blank allowed unless required,Schema field metadata in I0/subassembly.csv,"{""data_nature"":""SYNTHETIC_NUMERICAL_CONSISTENCY_CASE"",""engineering_claim_allowed"":false,""schema_version"":""V2.5"",""schema_revision"":""MULTI_PART_SERIAL_PARALLEL_2026-07""}"
I0/subassembly_membership.csv,SubassemblyMembership,membership_id,string,False,0..1,dimensionless,,object identifier or foreign key per schema,blank allowed unless required,Schema field membership_id in I0/subassembly_membership.csv,MEM_ASM_A_P_A
I0/subassembly_membership.csv,SubassemblyMembership,subassembly_id,string,False,0..1,dimensionless,,object identifier or foreign key per schema,blank allowed unless required,Schema field subassembly_id in I0/subassembly_membership.csv,ASM_A
I0/subassembly_membership.csv,SubassemblyMembership,part_id,string,False,0..1,dimensionless,,object identifier or foreign key per schema,blank allowed unless required,Schema field part_id in I0/subassembly_membership.csv,P_A
I0/subassembly_membership.csv,SubassemblyMembership,added_at_step,integer,False,0..1,dimensionless,,,blank allowed unless required,Schema field added_at_step in I0/subassembly_membership.csv,1
I0/subassembly_membership.csv,SubassemblyMembership,removed_at_step_optional,string,False,0..1,dimensionless,,,blank allowed unless required,Schema field removed_at_step_optional in I0/subassembly_membership.csv,
I0/subassembly_membership.csv,SubassemblyMembership,membership_role,string,False,0..1,dimensionless,,,blank allowed unless required,Schema field membership_role in I0/subassembly_membership.csv,MEMBER
I0/subassembly_membership.csv,SubassemblyMembership,metadata,string,False,0..1,dimensionless,,,blank allowed unless required,Schema field metadata in I0/subassembly_membership.csv,"{""data_nature"":""SYNTHETIC_NUMERICAL_CONSISTENCY_CASE"",""engineering_claim_allowed"":false,""schema_version"":""V2.5"",""schema_revision"":""MULTI_PART_SERIAL_PARALLEL_2026-07""}"
I_Gamma/area_weight_matrix.csv,AreaWeightMatrix,area_weight_matrix_id,string,False,0..1,dimensionless,,object identifier or foreign key per schema,blank allowed unless required,Schema field area_weight_matrix_id in I_Gamma/area_weight_matrix.csv,QA_AB
I_Gamma/area_weight_matrix.csv,AreaWeightMatrix,contact_domain_id,string,False,0..1,dimensionless,,object identifier or foreign key per schema,blank allowed unless required,Schema field contact_domain_id in I_Gamma/area_weight_matrix.csv,CD_AB
I_Gamma/area_weight_matrix.csv,AreaWeightMatrix,matrix_id,string,False,0..1,dimensionless,,object identifier or foreign key per schema,blank allowed unless required,Schema field matrix_id in I_Gamma/area_weight_matrix.csv,QA_AB_MATRIX
I_Gamma/area_weight_matrix.csv,AreaWeightMatrix,candidate_point_ids,string,False,0..1,dimensionless,,,blank allowed unless required,Schema field candidate_point_ids in I_Gamma/area_weight_matrix.csv,CP_AB_01;CP_AB_02;CP_AB_03
I_Gamma/area_weight_matrix.csv,AreaWeightMatrix,area_values,string,False,0..1,dimensionless,,,blank allowed unless required,Schema field area_values in I_Gamma/area_weight_matrix.csv,"[1200.0,1000.0,800.0]"
I_Gamma/area_weight_matrix.csv,AreaWeightMatrix,unit,string,False,0..1,dimensionless,,,blank allowed unless required,Schema field unit in I_Gamma/area_weight_matrix.csv,mm^2
I_Gamma/area_weight_matrix.csv,AreaWeightMatrix,area_sum,number,False,0..1,dimensionless,,,blank allowed unless required,Schema field area_sum in I_Gamma/area_weight_matrix.csv,3000.0
I_Gamma/area_weight_matrix.csv,AreaWeightMatrix,quality_flag,string,False,0..1,dimensionless,,,blank allowed unless required,Schema field quality_flag in I_Gamma/area_weight_matrix.csv,PASS
I_Gamma/area_weight_matrix.csv,AreaWeightMatrix,metadata,string,False,0..1,dimensionless,,,blank allowed unless required,Schema field metadata in I_Gamma/area_weight_matrix.csv,"{""data_nature"":""SYNTHETIC_NUMERICAL_CONSISTENCY_CASE"",""engineering_claim_allowed"":false,""schema_version"":""V2.5"",""schema_revision"":""MULTI_PART_SERIAL_PARALLEL_2026-07""}"
I_Gamma/contact_domain.csv,ContactDomain,contact_domain_id,string,False,0..1,dimensionless,,object identifier or foreign key per schema,blank allowed unless required,Schema field contact_domain_id in I_Gamma/contact_domain.csv,CD_AB
I_Gamma/contact_domain.csv,ContactDomain,interface_id,string,False,0..1,dimensionless,,object identifier or foreign key per schema,blank allowed unless required,Schema field interface_id in I_Gamma/contact_domain.csv,G_AB
I_Gamma/contact_domain.csv,ContactDomain,side_i_region_id,string,False,0..1,dimensionless,,object identifier or foreign key per schema,blank allowed unless required,Schema field side_i_region_id in I_Gamma/contact_domain.csv,REG_PANEL_AB
I_Gamma/contact_domain.csv,ContactDomain,side_j_region_id,string,False,0..1,dimensionless,,object identifier or foreign key per schema,blank allowed unless required,Schema field side_j_region_id in I_Gamma/contact_domain.csv,REG_RIB_AB
I_Gamma/contact_domain.csv,ContactDomain,contact_point_ids,string,False,0..1,dimensionless,,,blank allowed unless required,Schema field contact_point_ids in I_Gamma/contact_domain.csv,CP_AB_01;CP_AB_02;CP_AB_03
I_Gamma/contact_domain.csv,ContactDomain,correspondence_method,string,False,0..1,dimensionless,,,blank allowed unless required,Schema field correspondence_method in I_Gamma/contact_domain.csv,nominal_fixed_synthetic
I_Gamma/contact_domain.csv,ContactDomain,normal_definition_method,string,False,0..1,dimensionless,,,blank allowed unless required,Schema field normal_definition_method in I_Gamma/contact_domain.csv,side_i_nominal_normal
I_Gamma/contact_domain.csv,ContactDomain,tangent_definition_method,string,False,0..1,dimensionless,,,blank allowed unless required,Schema field tangent_definition_method in I_Gamma/contact_domain.csv,orthonormal_from_normal
I_Gamma/contact_domain.csv,ContactDomain,area_weight_matrix_id,string,False,0..1,dimensionless,,object identifier or foreign key per schema,blank allowed unless required,Schema field area_weight_matrix_id in I_Gamma/contact_domain.csv,QA_AB
I_Gamma/contact_domain.csv,ContactDomain,G_gap_mapping_id,string,False,0..1,dimensionless,,object identifier or foreign key per schema,blank allowed unless required,Schema field G_gap_mapping_id in I_Gamma/contact_domain.csv,G_GAP_AB
I_Gamma/contact_domain.csv,ContactDomain,Bn_mapping_id,string,False,0..1,dimensionless,,object identifier or foreign key per schema,blank allowed unless required,Schema field Bn_mapping_id in I_Gamma/contact_domain.csv,BN_AB
I_Gamma/contact_domain.csv,ContactDomain,Bt_mapping_id_optional,string,False,0..1,dimensionless,,,blank allowed unless required,Schema field Bt_mapping_id_optional in I_Gamma/contact_domain.csv,
I_Gamma/contact_domain.csv,ContactDomain,nominal_gap_field_id,string,False,0..1,dimensionless,,object identifier or foreign key per schema,blank allowed unless required,Schema field nominal_gap_field_id in I_Gamma/contact_domain.csv,GF_INITIAL_AB
I_Gamma/contact_domain.csv,ContactDomain,initial_contact_parameter_id,string,False,0..1,dimensionless,,object identifier or foreign key per schema,blank allowed unless required,Schema field initial_contact_parameter_id in I_Gamma/contact_domain.csv,IPAR_AB
I_Gamma/contact_domain.csv,ContactDomain,candidate_region_margin,number,False,0..1,dimensionless,,,blank allowed unless required,Schema field candidate_region_margin in I_Gamma/contact_domain.csv,5.0
I_Gamma/contact_domain.csv,ContactDomain,density_level,string,False,0..1,dimensionless,,,blank allowed unless required,Schema field density_level in I_Gamma/contact_domain.csv,minimal_3pt
I_Gamma/contact_domain.csv,ContactDomain,validity_region,string,False,0..1,dimensionless,,,blank allowed unless required,Schema field validity_region in I_Gamma/contact_domain.csv,FIXTURE_ONLY
I_Gamma/contact_domain.csv,ContactDomain,metadata,string,False,0..1,dimensionless,,,blank allowed unless required,Schema field metadata in I_Gamma/contact_domain.csv,"{""data_nature"":""SYNTHETIC_NUMERICAL_CONSISTENCY_CASE"",""engineering_claim_allowed"":false,""schema_version"":""V2.5"",""schema_revision"":""MULTI_PART_SERIAL_PARALLEL_2026-07""}"
I_Gamma/contact_point.csv,ContactPoint,point_id,string,False,0..1,dimensionless,,object identifier or foreign key per schema,blank allowed unless required,Schema field point_id in I_Gamma/contact_point.csv,CP_AB_01
I_Gamma/contact_point.csv,ContactPoint,contact_domain_id,string,False,0..1,dimensionless,,object identifier or foreign key per schema,blank allowed unless required,Schema field contact_domain_id in I_Gamma/contact_point.csv,CD_AB
I_Gamma/contact_point.csv,ContactPoint,local_index,integer,False,0..1,dimensionless,,,blank allowed unless required,Schema field local_index in I_Gamma/contact_point.csv,0
I_Gamma/contact_point.csv,ContactPoint,x_i0,string,False,0..1,dimensionless,,,blank allowed unless required,Schema field x_i0 in I_Gamma/contact_point.csv,"[0.0,0.0,0.0]"
I_Gamma/contact_point.csv,ContactPoint,x_j0,string,False,0..1,dimensionless,,,blank allowed unless required,Schema field x_j0 in I_Gamma/contact_point.csv,"[0.0,0.0,0.08]"
I_Gamma/contact_point.csv,ContactPoint,normal_n,string,False,0..1,dimensionless,,,blank allowed unless required,Schema field normal_n in I_Gamma/contact_point.csv,"[0.0,0.0,1.0]"
I_Gamma/contact_point.csv,ContactPoint,tangent_basis_T,string,False,0..1,dimensionless,,,blank allowed unless required,Schema field tangent_basis_T in I_Gamma/contact_point.csv,"[[1,0,0],[0,1,0]]"
I_Gamma/contact_point.csv,ContactPoint,area_weight,number,False,0..1,dimensionless,,,blank allowed unless required,Schema field area_weight in I_Gamma/contact_point.csv,1200.0
I_Gamma/contact_point.csv,ContactPoint,local_coordinate_system_id,string,False,0..1,dimensionless,,object identifier or foreign key per schema,blank allowed unless required,Schema field local_coordinate_system_id in I_Gamma/contact_point.csv,CS_ASSEMBLY
I_Gamma/contact_point.csv,ContactPoint,candidate_flag,boolean,False,0..1,dimensionless,,,blank allowed unless required,Schema field candidate_flag in I_Gamma/contact_point.csv,TRUE
I_Gamma/contact_point.csv,ContactPoint,edge_or_interior_flag,string,False,0..1,dimensionless,,,blank allowed unless required,Schema field edge_or_interior_flag in I_Gamma/contact_point.csv,EDGE
I_Gamma/contact_point.csv,ContactPoint,correspondence_quality,string,False,0..1,dimensionless,,,blank allowed unless required,Schema field correspondence_quality in I_Gamma/contact_point.csv,PASS
I_Gamma/contact_point.csv,ContactPoint,metadata,string,False,0..1,dimensionless,,,blank allowed unless required,Schema field metadata in I_Gamma/contact_point.csv,"{""data_nature"":""SYNTHETIC_NUMERICAL_CONSISTENCY_CASE"",""engineering_claim_allowed"":false,""schema_version"":""V2.5"",""schema_revision"":""MULTI_PART_SERIAL_PARALLEL_2026-07""}"
I_Gamma/extended_contact_domain.csv,ExtendedContactDomain,extended_domain_id,string,False,0..1,dimensionless,,object identifier or foreign key per schema,blank allowed unless required,Schema field extended_domain_id in I_Gamma/extended_contact_domain.csv,ECD_MULTIPART
I_Gamma/extended_contact_domain.csv,ExtendedContactDomain,stage_id,string,False,0..1,dimensionless,,object identifier or foreign key per schema,blank allowed unless required,Schema field stage_id in I_Gamma/extended_contact_domain.csv,S_LOCATE_01;S_CLAMP_02;S_JOIN_03;S_RELEASE_04
I_Gamma/extended_contact_domain.csv,ExtendedContactDomain,part_contact_domain_ids,string,False,0..1,dimensionless,,,blank allowed unless required,Schema field part_contact_domain_ids in I_Gamma/extended_contact_domain.csv,CD_AB;CD_BC;CD_AD;CD_DB
I_Gamma/extended_contact_domain.csv,ExtendedContactDomain,locator_domain_ids,string,False,0..1,dimensionless,,,blank allowed unless required,Schema field locator_domain_ids in I_Gamma/extended_contact_domain.csv,LOCGRP_MULTIPART
I_Gamma/extended_contact_domain.csv,ExtendedContactDomain,clamp_domain_ids,string,False,0..1,dimensionless,,,blank allowed unless required,Schema field clamp_domain_ids in I_Gamma/extended_contact_domain.csv,CLAMP_ALL
I_Gamma/extended_contact_domain.csv,ExtendedContactDomain,joint_domain_ids,string,False,0..1,dimensionless,,,blank allowed unless required,Schema field joint_domain_ids in I_Gamma/extended_contact_domain.csv,JNT_AB;JNT_BC;JNT_AD;JNT_DB
I_Gamma/extended_contact_domain.csv,ExtendedContactDomain,extended_contact_point_ids,string,False,0..1,dimensionless,,,blank allowed unless required,Schema field extended_contact_point_ids in I_Gamma/extended_contact_domain.csv,CP_AB_01;CP_AB_02;CP_AB_03;CP_BC_01;CP_BC_02;CP_BC_03;CP_AD_01;CP_AD_02;CP_AD_03;CP_BD_01;CP_BD_02;CP_BD_03
I_Gamma/extended_contact_domain.csv,ExtendedContactDomain,extended_gap_mapping_id,string,False,0..1,dimensionless,,object identifier or foreign key per schema,blank allowed unless required,Schema field extended_gap_mapping_id in I_Gamma/extended_contact_domain.csv,G_EXT_ALL
I_Gamma/extended_contact_domain.csv,ExtendedContactDomain,extended_B_mapping_id,string,False,0..1,dimensionless,,object identifier or foreign key per schema,blank allowed unless required,Schema field extended_B_mapping_id in I_Gamma/extended_contact_domain.csv,B_EXT_ALL
I_Gamma/extended_contact_domain.csv,ExtendedContactDomain,locator_group_ids,string,False,0..1,dimensionless,,,blank allowed unless required,Schema field locator_group_ids in I_Gamma/extended_contact_domain.csv,LOCGRP_MULTIPART
I_Gamma/extended_contact_domain.csv,ExtendedContactDomain,validity_region,string,False,0..1,dimensionless,,,blank allowed unless required,Schema field validity_region in I_Gamma/extended_contact_domain.csv,FIXTURE_ONLY
I_Gamma/extended_contact_domain.csv,ExtendedContactDomain,quality_flag,string,False,0..1,dimensionless,,,blank allowed unless required,Schema field quality_flag in I_Gamma/extended_contact_domain.csv,PASS
I_Gamma/extended_contact_domain.csv,ExtendedContactDomain,metadata,string,False,0..1,dimensionless,,,blank allowed unless required,Schema field metadata in I_Gamma/extended_contact_domain.csv,"{""data_nature"":""SYNTHETIC_NUMERICAL_CONSISTENCY_CASE"",""engineering_claim_allowed"":false,""schema_version"":""V2.5"",""schema_revision"":""MULTI_PART_SERIAL_PARALLEL_2026-07""}"
I_Gamma/extended_gap_and_compliance.csv,ExtendedGapAndCompliance,ext_gap_compliance_id,string,False,0..1,dimensionless,,object identifier or foreign key per schema,blank allowed unless required,Schema field ext_gap_compliance_id in I_Gamma/extended_gap_and_compliance.csv,EGC_S_LOCATE_01
I_Gamma/extended_gap_and_compliance.csv,ExtendedGapAndCompliance,sample_id,string,False,0..1,dimensionless,,object identifier or foreign key per schema,blank allowed unless required,Schema field sample_id in I_Gamma/extended_gap_and_compliance.csv,SAMPLE_001
I_Gamma/extended_gap_and_compliance.csv,ExtendedGapAndCompliance,stage_id,string,False,0..1,dimensionless,,object identifier or foreign key per schema,blank allowed unless required,Schema field stage_id in I_Gamma/extended_gap_and_compliance.csv,S_LOCATE_01
I_Gamma/extended_gap_and_compliance.csv,ExtendedGapAndCompliance,extended_domain_id,string,False,0..1,dimensionless,,object identifier or foreign key per schema,blank allowed unless required,Schema field extended_domain_id in I_Gamma/extended_gap_and_compliance.csv,ECD_MULTIPART
I_Gamma/extended_gap_and_compliance.csv,ExtendedGapAndCompliance,g_ext0_vector_id,string,False,0..1,dimensionless,,object identifier or foreign key per schema,blank allowed unless required,Schema field g_ext0_vector_id in I_Gamma/extended_gap_and_compliance.csv,Q_LOCATE_01
I_Gamma/extended_gap_and_compliance.csv,ExtendedGapAndCompliance,B_ext_mapping_id,string,False,0..1,dimensionless,,object identifier or foreign key per schema,blank allowed unless required,Schema field B_ext_mapping_id in I_Gamma/extended_gap_and_compliance.csv,B_EXT_ALL
I_Gamma/extended_gap_and_compliance.csv,ExtendedGapAndCompliance,free_displacement_vector_id,string,False,0..1,dimensionless,,object identifier or foreign key per schema,blank allowed unless required,Schema field free_displacement_vector_id in I_Gamma/extended_gap_and_compliance.csv,U_FREE_LOCATE_01
I_Gamma/extended_gap_and_compliance.csv,ExtendedGapAndCompliance,command_displacement_vector_id,string,False,0..1,dimensionless,,object identifier or foreign key per schema,blank allowed unless required,Schema field command_displacement_vector_id in I_Gamma/extended_gap_and_compliance.csv,D_CMD_LOCATE_01
I_Gamma/extended_gap_and_compliance.csv,ExtendedGapAndCompliance,q_ext_vector_id,string,False,0..1,dimensionless,,object identifier or foreign key per schema,blank allowed unless required,Schema field q_ext_vector_id in I_Gamma/extended_gap_and_compliance.csv,Q_LOCATE_01
I_Gamma/extended_gap_and_compliance.csv,ExtendedGapAndCompliance,W_struct_ext_id,string,False,0..1,dimensionless,,object identifier or foreign key per schema,blank allowed unless required,Schema field W_struct_ext_id in I_Gamma/extended_gap_and_compliance.csv,W_STRUCT_LOCATE_01
I_Gamma/extended_gap_and_compliance.csv,ExtendedGapAndCompliance,C_interface_id,string,False,0..1,dimensionless,,object identifier or foreign key per schema,blank allowed unless required,Schema field C_interface_id in I_Gamma/extended_gap_and_compliance.csv,CN_ALL
I_Gamma/extended_gap_and_compliance.csv,ExtendedGapAndCompliance,C_locator_id,string,False,0..1,dimensionless,,object identifier or foreign key per schema,blank allowed unless required,Schema field C_locator_id in I_Gamma/extended_gap_and_compliance.csv,
I_Gamma/extended_gap_and_compliance.csv,ExtendedGapAndCompliance,C_joint_id,string,False,0..1,dimensionless,,object identifier or foreign key per schema,blank allowed unless required,Schema field C_joint_id in I_Gamma/extended_gap_and_compliance.csv,KJ_ALL
I_Gamma/extended_gap_and_compliance.csv,ExtendedGapAndCompliance,W_ext_matrix_id,string,False,0..1,dimensionless,,object identifier or foreign key per schema,blank allowed unless required,Schema field W_ext_matrix_id in I_Gamma/extended_gap_and_compliance.csv,W_TOTAL_LOCATE_01
I_Gamma/extended_gap_and_compliance.csv,ExtendedGapAndCompliance,unit_check_result,string,False,0..1,dimensionless,,,blank allowed unless required,Schema field unit_check_result in I_Gamma/extended_gap_and_compliance.csv,PASS
I_Gamma/extended_gap_and_compliance.csv,ExtendedGapAndCompliance,dependency_hash,string,False,0..1,dimensionless,,,blank allowed unless required,Schema field dependency_hash in I_Gamma/extended_gap_and_compliance.csv,fbbe00eccad0fc30fc688b617b87f01ce30fc1f6cfa74ff2f4a48fd882a605df
I_Gamma/extended_gap_and_compliance.csv,ExtendedGapAndCompliance,quality_flag,string,False,0..1,dimensionless,,,blank allowed unless required,Schema field quality_flag in I_Gamma/extended_gap_and_compliance.csv,PASS
I_Gamma/extended_gap_and_compliance.csv,ExtendedGapAndCompliance,metadata,string,False,0..1,dimensionless,,,blank allowed unless required,Schema field metadata in I_Gamma/extended_gap_and_compliance.csv,"{""data_nature"":""SYNTHETIC_NUMERICAL_CONSISTENCY_CASE"",""engineering_claim_allowed"":false,""schema_version"":""V2.5"",""schema_revision"":""MULTI_PART_SERIAL_PARALLEL_2026-07""}"
I_Gamma/gap_field.csv,GapField,gap_field_id,string,False,0..1,dimensionless,,object identifier or foreign key per schema,blank allowed unless required,Schema field gap_field_id in I_Gamma/gap_field.csv,GF_INITIAL_AB
I_Gamma/gap_field.csv,GapField,contact_domain_id,string,False,0..1,dimensionless,,object identifier or foreign key per schema,blank allowed unless required,Schema field contact_domain_id in I_Gamma/gap_field.csv,CD_AB
I_Gamma/gap_field.csv,GapField,sample_id,string,False,0..1,dimensionless,,object identifier or foreign key per schema,blank allowed unless required,Schema field sample_id in I_Gamma/gap_field.csv,SAMPLE_001
I_Gamma/gap_field.csv,GapField,stage_id_or_initial,string,False,0..1,dimensionless,,,blank allowed unless required,Schema field stage_id_or_initial in I_Gamma/gap_field.csv,INITIAL
I_Gamma/gap_field.csv,GapField,values_g,string,False,0..1,dimensionless,,,blank allowed unless required,Schema field values_g in I_Gamma/gap_field.csv,"[0.08,0.04,0.06]"
I_Gamma/gap_field.csv,GapField,nominal_component,string,False,0..1,dimensionless,,,blank allowed unless required,Schema field nominal_component in I_Gamma/gap_field.csv,"[0.075,0.042,0.057]"
I_Gamma/gap_field.csv,GapField,sms_component,string,False,0..1,dimensionless,,,blank allowed unless required,Schema field sms_component in I_Gamma/gap_field.csv,"[0.005,-0.002,0.003]"
I_Gamma/gap_field.csv,GapField,pose_bias_component_optional,string,False,0..1,dimensionless,,,blank allowed unless required,Schema field pose_bias_component_optional in I_Gamma/gap_field.csv,"[0.0,0.0,0.0]"
I_Gamma/gap_field.csv,GapField,sign_convention,string,False,0..1,dimensionless,,,blank allowed unless required,Schema field sign_convention in I_Gamma/gap_field.csv,g>0 separation; g=0 contact; g<0 initial interference
I_Gamma/gap_field.csv,GapField,source_sms_update_result_ids,string,False,0..1,dimensionless,,,blank allowed unless required,Schema field source_sms_update_result_ids in I_Gamma/gap_field.csv,SMS_UPD_PANEL;SMS_UPD_RIB;SMS_UPD_SPAR;SMS_UPD_BRACKET
I_Gamma/gap_field.csv,GapField,source_sms_transfer_package_ids,string,False,0..1,dimensionless,,,blank allowed unless required,Schema field source_sms_transfer_package_ids in I_Gamma/gap_field.csv,SMS_TRANSFER_PANEL;SMS_TRANSFER_RIB;SMS_TRANSFER_SPAR;SMS_TRANSFER_BRACKET
I_Gamma/gap_field.csv,GapField,excluded_measurement_deformation_source_ids,string,False,0..1,dimensionless,,,blank allowed unless required,Schema field excluded_measurement_deformation_source_ids in I_Gamma/gap_field.csv,GRAVITY_M;FIXTURE_M;LOCAL_CONTACT_M
I_Gamma/gap_field.csv,GapField,double_count_check_id,string,False,0..1,dimensionless,,object identifier or foreign key per schema,blank allowed unless required,Schema field double_count_check_id in I_Gamma/gap_field.csv,DCC_MULTIPART
I_Gamma/gap_field.csv,GapField,reference_state_id,string,False,0..1,dimensionless,,object identifier or foreign key per schema,blank allowed unless required,Schema field reference_state_id in I_Gamma/gap_field.csv,REF_NOMINAL
I_Gamma/gap_field.csv,GapField,unit,string,False,0..1,dimensionless,,,blank allowed unless required,Schema field unit in I_Gamma/gap_field.csv,mm
I_Gamma/gap_field.csv,GapField,metadata,string,False,0..1,dimensionless,,,blank allowed unless required,Schema field metadata in I_Gamma/gap_field.csv,"{""data_nature"":""SYNTHETIC_NUMERICAL_CONSISTENCY_CASE"",""engineering_claim_allowed"":false,""schema_version"":""V2.5"",""schema_revision"":""MULTI_PART_SERIAL_PARALLEL_2026-07""}"
I_key/feature_mapping.csv,FeatureMapping,feature_mapping_id,string,False,0..1,dimensionless,,object identifier or foreign key per schema,blank allowed unless required,Schema field feature_mapping_id in I_key/feature_mapping.csv,FM_PANEL_KCP_END_GAP
I_key/feature_mapping.csv,FeatureMapping,source_feature_id,string,False,0..1,dimensionless,,object identifier or foreign key per schema,blank allowed unless required,Schema field source_feature_id in I_key/feature_mapping.csv,KCM_PANEL_PROFILE
I_key/feature_mapping.csv,FeatureMapping,target_feature_id,string,False,0..1,dimensionless,,object identifier or foreign key per schema,blank allowed unless required,Schema field target_feature_id in I_key/feature_mapping.csv,KCP_END_GAP
I_key/feature_mapping.csv,FeatureMapping,mapping_type,string,False,0..1,dimensionless,,,blank allowed unless required,Schema field mapping_type in I_key/feature_mapping.csv,MULTIPART_JT
I_key/feature_mapping.csv,FeatureMapping,matrix_id,string,False,0..1,dimensionless,,object identifier or foreign key per schema,blank allowed unless required,Schema field matrix_id in I_key/feature_mapping.csv,J_PART_ALL
I_key/feature_mapping.csv,FeatureMapping,sign_convention,string,False,0..1,dimensionless,,,blank allowed unless required,Schema field sign_convention in I_key/feature_mapping.csv,positive_normal
I_key/feature_mapping.csv,FeatureMapping,reference_state_id,string,False,0..1,dimensionless,,object identifier or foreign key per schema,blank allowed unless required,Schema field reference_state_id in I_key/feature_mapping.csv,REF_NOMINAL
I_key/feature_mapping.csv,FeatureMapping,quality_flag,string,False,0..1,dimensionless,,,blank allowed unless required,Schema field quality_flag in I_key/feature_mapping.csv,PASS
I_key/feature_mapping.csv,FeatureMapping,metadata,string,False,0..1,dimensionless,,,blank allowed unless required,Schema field metadata in I_key/feature_mapping.csv,"{""data_nature"":""SYNTHETIC_NUMERICAL_CONSISTENCY_CASE"",""engineering_claim_allowed"":false,""schema_version"":""V2.5"",""schema_revision"":""MULTI_PART_SERIAL_PARALLEL_2026-07""}"
I_key/kcm_definition.csv,KcmDefinition,kcm_id,string,False,0..1,dimensionless,,object identifier or foreign key per schema,blank allowed unless required,Schema field kcm_id in I_key/kcm_definition.csv,KCM_PANEL_PROFILE
I_key/kcm_definition.csv,KcmDefinition,kcm_name,string,False,0..1,dimensionless,,,blank allowed unless required,Schema field kcm_name in I_key/kcm_definition.csv,PANEL_FREE_PROFILE
I_key/kcm_definition.csv,KcmDefinition,feature_type,string,False,0..1,dimensionless,,,blank allowed unless required,Schema field feature_type in I_key/kcm_definition.csv,point_deviation
I_key/kcm_definition.csv,KcmDefinition,target_object_type,string,False,0..1,dimensionless,,,blank allowed unless required,Schema field target_object_type in I_key/kcm_definition.csv,Part
I_key/kcm_definition.csv,KcmDefinition,target_object_id,string,False,0..1,dimensionless,,object identifier or foreign key per schema,blank allowed unless required,Schema field target_object_id in I_key/kcm_definition.csv,P_A
I_key/kcm_definition.csv,KcmDefinition,stage_id_optional,string,False,0..1,dimensionless,,,blank allowed unless required,Schema field stage_id_optional in I_key/kcm_definition.csv,FREE
I_key/kcm_definition.csv,KcmDefinition,nominal_location,string,False,0..1,dimensionless,,,blank allowed unless required,Schema field nominal_location in I_key/kcm_definition.csv,"[50,0,0]"
I_key/kcm_definition.csv,KcmDefinition,evaluation_direction,string,False,0..1,dimensionless,,,blank allowed unless required,Schema field evaluation_direction in I_key/kcm_definition.csv,"[0,0,1]"
I_key/kcm_definition.csv,KcmDefinition,extraction_or_measurement_matrix_id,string,False,0..1,dimensionless,,object identifier or foreign key per schema,blank allowed unless required,Schema field extraction_or_measurement_matrix_id in I_key/kcm_definition.csv,H_M_PANEL
I_key/kcm_definition.csv,KcmDefinition,nominal_value,number,False,0..1,dimensionless,,,blank allowed unless required,Schema field nominal_value in I_key/kcm_definition.csv,0.0
I_key/kcm_definition.csv,KcmDefinition,expected_unit,string,False,0..1,dimensionless,,,blank allowed unless required,Schema field expected_unit in I_key/kcm_definition.csv,mm
I_key/kcm_definition.csv,KcmDefinition,measurement_method,string,False,0..1,dimensionless,,,blank allowed unless required,Schema field measurement_method in I_key/kcm_definition.csv,SYNTHETIC_FIXTURE
I_key/kcm_definition.csv,KcmDefinition,required_uncertainty,number,False,0..1,dimensionless,,,blank allowed unless required,Schema field required_uncertainty in I_key/kcm_definition.csv,0.01
I_key/kcm_definition.csv,KcmDefinition,update_target,string,False,0..1,dimensionless,,,blank allowed unless required,Schema field update_target in I_key/kcm_definition.csv,SMS
I_key/kcm_definition.csv,KcmDefinition,metadata,string,False,0..1,dimensionless,,,blank allowed unless required,Schema field metadata in I_key/kcm_definition.csv,"{""data_nature"":""SYNTHETIC_NUMERICAL_CONSISTENCY_CASE"",""engineering_claim_allowed"":false,""schema_version"":""V2.5"",""schema_revision"":""MULTI_PART_SERIAL_PARALLEL_2026-07""}"
I_key/kcp_definition.csv,KcpDefinition,kcp_id,string,False,0..1,dimensionless,,object identifier or foreign key per schema,blank allowed unless required,Schema field kcp_id in I_key/kcp_definition.csv,KCP_END_GAP
I_key/kcp_definition.csv,KcpDefinition,kcp_name,string,False,0..1,dimensionless,,,blank allowed unless required,Schema field kcp_name in I_key/kcp_definition.csv,SERIAL_PATH_END_GAP_AT_SPAR
I_key/kcp_definition.csv,KcpDefinition,feature_type,string,False,0..1,dimensionless,,,blank allowed unless required,Schema field feature_type in I_key/kcp_definition.csv,gap
I_key/kcp_definition.csv,KcpDefinition,target_object_type,string,False,0..1,dimensionless,,,blank allowed unless required,Schema field target_object_type in I_key/kcp_definition.csv,Subassembly
I_key/kcp_definition.csv,KcpDefinition,target_object_id,string,False,0..1,dimensionless,,object identifier or foreign key per schema,blank allowed unless required,Schema field target_object_id in I_key/kcp_definition.csv,ASM_ABCD
I_key/kcp_definition.csv,KcpDefinition,stage_id_optional,string,False,0..1,dimensionless,,,blank allowed unless required,Schema field stage_id_optional in I_key/kcp_definition.csv,S_RELEASE_04
I_key/kcp_definition.csv,KcpDefinition,nominal_location,string,False,0..1,dimensionless,,,blank allowed unless required,Schema field nominal_location in I_key/kcp_definition.csv,"[50,50,0]"
I_key/kcp_definition.csv,KcpDefinition,evaluation_direction,string,False,0..1,dimensionless,,,blank allowed unless required,Schema field evaluation_direction in I_key/kcp_definition.csv,"[0,0,1]"
I_key/kcp_definition.csv,KcpDefinition,extraction_matrix_id,string,False,0..1,dimensionless,,object identifier or foreign key per schema,blank allowed unless required,Schema field extraction_matrix_id in I_key/kcp_definition.csv,J_INTERFACE_ALL
I_key/kcp_definition.csv,KcpDefinition,nominal_value,number,False,0..1,dimensionless,,,blank allowed unless required,Schema field nominal_value in I_key/kcp_definition.csv,0.0
I_key/kcp_definition.csv,KcpDefinition,lower_tol,number,False,0..1,dimensionless,,,blank allowed unless required,Schema field lower_tol in I_key/kcp_definition.csv,-0.10
I_key/kcp_definition.csv,KcpDefinition,upper_tol,number,False,0..1,dimensionless,,,blank allowed unless required,Schema field upper_tol in I_key/kcp_definition.csv,0.10
I_key/kcp_definition.csv,KcpDefinition,expected_unit,string,False,0..1,dimensionless,,,blank allowed unless required,Schema field expected_unit in I_key/kcp_definition.csv,mm
I_key/kcp_definition.csv,KcpDefinition,acceptance_rule,string,False,0..1,dimensionless,,,blank allowed unless required,Schema field acceptance_rule in I_key/kcp_definition.csv,within_tolerance
I_key/kcp_definition.csv,KcpDefinition,metadata,string,False,0..1,dimensionless,,,blank allowed unless required,Schema field metadata in I_key/kcp_definition.csv,"{""data_nature"":""SYNTHETIC_NUMERICAL_CONSISTENCY_CASE"",""engineering_claim_allowed"":false,""schema_version"":""V2.5"",""schema_revision"":""MULTI_PART_SERIAL_PARALLEL_2026-07""}"
I_meas/data_split.csv,DataSplit,data_split_id,string,False,0..1,dimensionless,,object identifier or foreign key per schema,blank allowed unless required,Schema field data_split_id in I_meas/data_split.csv,DS_MULTIPART
I_meas/data_split.csv,DataSplit,identification_sample_ids,string,False,0..1,dimensionless,,,blank allowed unless required,Schema field identification_sample_ids in I_meas/data_split.csv,SAMPLE_001
I_meas/data_split.csv,DataSplit,calibration_sample_ids,string,False,0..1,dimensionless,,,blank allowed unless required,Schema field calibration_sample_ids in I_meas/data_split.csv,
I_meas/data_split.csv,DataSplit,validation_sample_ids,string,False,0..1,dimensionless,,,blank allowed unless required,Schema field validation_sample_ids in I_meas/data_split.csv,SAMPLE_ORACLE
I_meas/data_split.csv,DataSplit,split_strategy,string,False,0..1,dimensionless,,,blank allowed unless required,Schema field split_strategy in I_meas/data_split.csv,SYNTHETIC_SEPARATE_ORACLE
I_meas/data_split.csv,DataSplit,grouping_constraint,string,False,0..1,dimensionless,,,blank allowed unless required,Schema field grouping_constraint in I_meas/data_split.csv,fixture_only
I_meas/data_split.csv,DataSplit,leakage_check_result,string,False,0..1,dimensionless,,,blank allowed unless required,Schema field leakage_check_result in I_meas/data_split.csv,PASS
I_meas/data_split.csv,DataSplit,random_seed_optional,string,False,0..1,dimensionless,,,blank allowed unless required,Schema field random_seed_optional in I_meas/data_split.csv,
I_meas/data_split.csv,DataSplit,metadata,string,False,0..1,dimensionless,,,blank allowed unless required,Schema field metadata in I_meas/data_split.csv,"{""data_nature"":""SYNTHETIC_NUMERICAL_CONSISTENCY_CASE"",""engineering_claim_allowed"":false,""schema_version"":""V2.5"",""schema_revision"":""MULTI_PART_SERIAL_PARALLEL_2026-07""}"
I_meas/fixture_calibration.csv,FixtureCalibration,fixture_calibration_id,string,False,0..1,dimensionless,,object identifier or foreign key per schema,blank allowed unless required,Schema field fixture_calibration_id in I_meas/fixture_calibration.csv,FIXCAL_SYNTH
I_meas/fixture_calibration.csv,FixtureCalibration,fixture_id,string,False,0..1,dimensionless,,object identifier or foreign key per schema,blank allowed unless required,Schema field fixture_id in I_meas/fixture_calibration.csv,FIXTURE_SYNTH
I_meas/fixture_calibration.csv,FixtureCalibration,calibration_method,string,False,0..1,dimensionless,,,blank allowed unless required,Schema field calibration_method in I_meas/fixture_calibration.csv,SYNTHETIC_EXACT
I_meas/fixture_calibration.csv,FixtureCalibration,load_range,string,False,0..1,dimensionless,,,blank allowed unless required,Schema field load_range in I_meas/fixture_calibration.csv,"[0,100]"
I_meas/fixture_calibration.csv,FixtureCalibration,compliance_matrix_id,string,False,0..1,dimensionless,,object identifier or foreign key per schema,blank allowed unless required,Schema field compliance_matrix_id in I_meas/fixture_calibration.csv,C_FIXTURE_SYNTH
I_meas/fixture_calibration.csv,FixtureCalibration,uncertainty,number,False,0..1,dimensionless,,,blank allowed unless required,Schema field uncertainty in I_meas/fixture_calibration.csv,0.0
I_meas/fixture_calibration.csv,FixtureCalibration,validity_domain_id,string,False,0..1,dimensionless,,object identifier or foreign key per schema,blank allowed unless required,Schema field validity_domain_id in I_meas/fixture_calibration.csv,VD_MULTIPART
I_meas/fixture_calibration.csv,FixtureCalibration,quality_flag,string,False,0..1,dimensionless,,,blank allowed unless required,Schema field quality_flag in I_meas/fixture_calibration.csv,PASS
I_meas/fixture_calibration.csv,FixtureCalibration,metadata,string,False,0..1,dimensionless,,,blank allowed unless required,Schema field metadata in I_meas/fixture_calibration.csv,"{""data_nature"":""SYNTHETIC_NUMERICAL_CONSISTENCY_CASE"",""engineering_claim_allowed"":false,""schema_version"":""V2.5"",""schema_revision"":""MULTI_PART_SERIAL_PARALLEL_2026-07""}"
I_meas/interface_test_setup.csv,InterfaceTestSetup,setup_id,string,False,0..1,dimensionless,,object identifier or foreign key per schema,blank allowed unless required,Schema field setup_id in I_meas/interface_test_setup.csv,SETUP_AB
I_meas/interface_test_setup.csv,InterfaceTestSetup,specimen_id,string,False,0..1,dimensionless,,object identifier or foreign key per schema,blank allowed unless required,Schema field specimen_id in I_meas/interface_test_setup.csv,SPEC_AB
I_meas/interface_test_setup.csv,InterfaceTestSetup,fixture_id,string,False,0..1,dimensionless,,object identifier or foreign key per schema,blank allowed unless required,Schema field fixture_id in I_meas/interface_test_setup.csv,FIXTURE_SYNTH
I_meas/interface_test_setup.csv,InterfaceTestSetup,loading_machine_id,string,False,0..1,dimensionless,,object identifier or foreign key per schema,blank allowed unless required,Schema field loading_machine_id in I_meas/interface_test_setup.csv,MACHINE_SYNTH
I_meas/interface_test_setup.csv,InterfaceTestSetup,sensor_ids,string,False,0..1,dimensionless,,,blank allowed unless required,Schema field sensor_ids in I_meas/interface_test_setup.csv,SENSOR_SYNTH
I_meas/interface_test_setup.csv,InterfaceTestSetup,coordinate_system_id,string,False,0..1,dimensionless,,object identifier or foreign key per schema,blank allowed unless required,Schema field coordinate_system_id in I_meas/interface_test_setup.csv,CS_ASSEMBLY
I_meas/interface_test_setup.csv,InterfaceTestSetup,support_state,string,False,0..1,dimensionless,,,blank allowed unless required,Schema field support_state in I_meas/interface_test_setup.csv,FIXTURED
I_meas/interface_test_setup.csv,InterfaceTestSetup,load_state,string,False,0..1,dimensionless,,,blank allowed unless required,Schema field load_state in I_meas/interface_test_setup.csv,CLAMPED
I_meas/interface_test_setup.csv,InterfaceTestSetup,environmental_conditions,string,False,0..1,dimensionless,,,blank allowed unless required,Schema field environmental_conditions in I_meas/interface_test_setup.csv,20C
I_meas/interface_test_setup.csv,InterfaceTestSetup,fixture_calibration_id,string,False,0..1,dimensionless,,object identifier or foreign key per schema,blank allowed unless required,Schema field fixture_calibration_id in I_meas/interface_test_setup.csv,FIXCAL_SYNTH
I_meas/interface_test_setup.csv,InterfaceTestSetup,sensor_calibration_ids,string,False,0..1,dimensionless,,,blank allowed unless required,Schema field sensor_calibration_ids in I_meas/interface_test_setup.csv,SENCAL_SYNTH
I_meas/interface_test_setup.csv,InterfaceTestSetup,metadata,string,False,0..1,dimensionless,,,blank allowed unless required,Schema field metadata in I_meas/interface_test_setup.csv,"{""data_nature"":""SYNTHETIC_NUMERICAL_CONSISTENCY_CASE"",""engineering_claim_allowed"":false,""schema_version"":""V2.5"",""schema_revision"":""MULTI_PART_SERIAL_PARALLEL_2026-07""}"
I_meas/interface_test_specimen.csv,InterfaceTestSpecimen,specimen_id,string,False,0..1,dimensionless,,object identifier or foreign key per schema,blank allowed unless required,Schema field specimen_id in I_meas/interface_test_specimen.csv,SPEC_AB
I_meas/interface_test_specimen.csv,InterfaceTestSpecimen,interface_id,string,False,0..1,dimensionless,,object identifier or foreign key per schema,blank allowed unless required,Schema field interface_id in I_meas/interface_test_specimen.csv,G_AB
I_meas/interface_test_specimen.csv,InterfaceTestSpecimen,side_i_material_id,string,False,0..1,dimensionless,,object identifier or foreign key per schema,blank allowed unless required,Schema field side_i_material_id in I_meas/interface_test_specimen.csv,MAT_CFRP_DEFAULT
I_meas/interface_test_specimen.csv,InterfaceTestSpecimen,side_j_material_id,string,False,0..1,dimensionless,,object identifier or foreign key per schema,blank allowed unless required,Schema field side_j_material_id in I_meas/interface_test_specimen.csv,MAT_CFRP_DEFAULT
I_meas/interface_test_specimen.csv,InterfaceTestSpecimen,layup_ids_optional,string,False,0..1,dimensionless,,,blank allowed unless required,Schema field layup_ids_optional in I_meas/interface_test_specimen.csv,LAYUP_PANEL;LAYUP_RIB
I_meas/interface_test_specimen.csv,InterfaceTestSpecimen,thickness_values,string,False,0..1,dimensionless,,,blank allowed unless required,Schema field thickness_values in I_meas/interface_test_specimen.csv,"[2.0,2.0]"
I_meas/interface_test_specimen.csv,InterfaceTestSpecimen,surface_treatment,string,False,0..1,dimensionless,,,blank allowed unless required,Schema field surface_treatment in I_meas/interface_test_specimen.csv,SYNTHETIC_SMOOTH
I_meas/interface_test_specimen.csv,InterfaceTestSpecimen,coating_or_sealant_optional,string,False,0..1,dimensionless,,,blank allowed unless required,Schema field coating_or_sealant_optional in I_meas/interface_test_specimen.csv,
I_meas/interface_test_specimen.csv,InterfaceTestSpecimen,fastener_or_joint_description,string,False,0..1,dimensionless,,,blank allowed unless required,Schema field fastener_or_joint_description in I_meas/interface_test_specimen.csv,JNT_AB
I_meas/interface_test_specimen.csv,InterfaceTestSpecimen,geometry_similarity_to_real_interface,string,False,0..1,dimensionless,,,blank allowed unless required,Schema field geometry_similarity_to_real_interface in I_meas/interface_test_specimen.csv,SYNTHETIC_NOT_APPLICABLE
I_meas/interface_test_specimen.csv,InterfaceTestSpecimen,manufacturing_batch,string,False,0..1,dimensionless,,,blank allowed unless required,Schema field manufacturing_batch in I_meas/interface_test_specimen.csv,SYNTHETIC
I_meas/interface_test_specimen.csv,InterfaceTestSpecimen,metadata,string,False,0..1,dimensionless,,,blank allowed unless required,Schema field metadata in I_meas/interface_test_specimen.csv,"{""data_nature"":""SYNTHETIC_NUMERICAL_CONSISTENCY_CASE"",""engineering_claim_allowed"":false,""schema_version"":""V2.5"",""schema_revision"":""MULTI_PART_SERIAL_PARALLEL_2026-07""}"
I_meas/loading_path.csv,LoadingPath,loading_path_id,string,False,0..1,dimensionless,,object identifier or foreign key per schema,blank allowed unless required,Schema field loading_path_id in I_meas/loading_path.csv,LOADPATH_AB
I_meas/loading_path.csv,LoadingPath,stage_equivalent,string,False,0..1,dimensionless,,,blank allowed unless required,Schema field stage_equivalent in I_meas/loading_path.csv,S_CLAMP_02;S_JOIN_03;S_RELEASE_04
I_meas/loading_path.csv,LoadingPath,normal_load_sequence,string,False,0..1,dimensionless,,,blank allowed unless required,Schema field normal_load_sequence in I_meas/loading_path.csv,"[0,25,40,15]"
I_meas/loading_path.csv,LoadingPath,tangential_load_sequence_optional,string,False,0..1,dimensionless,,,blank allowed unless required,Schema field tangential_load_sequence_optional in I_meas/loading_path.csv,[]
I_meas/loading_path.csv,LoadingPath,preload_sequence_optional,string,False,0..1,dimensionless,,,blank allowed unless required,Schema field preload_sequence_optional in I_meas/loading_path.csv,"[0,0,15,15]"
I_meas/loading_path.csv,LoadingPath,hold_time_sequence_optional,string,False,0..1,dimensionless,,,blank allowed unless required,Schema field hold_time_sequence_optional in I_meas/loading_path.csv,"[0,1,1,1]"
I_meas/loading_path.csv,LoadingPath,unloading_sequence_optional,string,False,0..1,dimensionless,,,blank allowed unless required,Schema field unloading_sequence_optional in I_meas/loading_path.csv,"[40,15]"
I_meas/loading_path.csv,LoadingPath,rate_information_optional,string,False,0..1,dimensionless,,,blank allowed unless required,Schema field rate_information_optional in I_meas/loading_path.csv,SYNTHETIC_QUASISTATIC
I_meas/loading_path.csv,LoadingPath,metadata,string,False,0..1,dimensionless,,,blank allowed unless required,Schema field metadata in I_meas/loading_path.csv,"{""data_nature"":""SYNTHETIC_NUMERICAL_CONSISTENCY_CASE"",""engineering_claim_allowed"":false,""schema_version"":""V2.5"",""schema_revision"":""MULTI_PART_SERIAL_PARALLEL_2026-07""}"
I_meas/measurement_package.csv,MeasurementPackage,measurement_package_id,string,False,0..1,dimensionless,,object identifier or foreign key per schema,blank allowed unless required,Schema field measurement_package_id in I_meas/measurement_package.csv,MEAS_PKG_MULTIPART
I_meas/measurement_package.csv,MeasurementPackage,geometry_measurement_set_ids,string,False,0..1,dimensionless,,,blank allowed unless required,Schema field geometry_measurement_set_ids in I_meas/measurement_package.csv,MEAS_SET_PANEL;MEAS_SET_RIB;MEAS_SET_SPAR;MEAS_SET_BRACKET
I_meas/measurement_package.csv,MeasurementPackage,kcm_measurement_set_ids,string,False,0..1,dimensionless,,,blank allowed unless required,Schema field kcm_measurement_set_ids in I_meas/measurement_package.csv,MEAS_SET_PANEL;MEAS_SET_RIB;MEAS_SET_SPAR;MEAS_SET_BRACKET
I_meas/measurement_package.csv,MeasurementPackage,process_measurement_set_ids,string,False,0..1,dimensionless,,,blank allowed unless required,Schema field process_measurement_set_ids in I_meas/measurement_package.csv,
I_meas/measurement_package.csv,MeasurementPackage,interface_test_set_ids,string,False,0..1,dimensionless,,,blank allowed unless required,Schema field interface_test_set_ids in I_meas/measurement_package.csv,TEST_SET_AB;TEST_SET_BC;TEST_SET_AD;TEST_SET_BD
I_meas/measurement_package.csv,MeasurementPackage,kcp_measurement_set_ids,string,False,0..1,dimensionless,,,blank allowed unless required,Schema field kcp_measurement_set_ids in I_meas/measurement_package.csv,SAMPLE_ORACLE
I_meas/measurement_package.csv,MeasurementPackage,data_split_id,string,False,0..1,dimensionless,,object identifier or foreign key per schema,blank allowed unless required,Schema field data_split_id in I_meas/measurement_package.csv,DS_MULTIPART
I_meas/measurement_package.csv,MeasurementPackage,common_coordinate_system_id,string,False,0..1,dimensionless,,object identifier or foreign key per schema,blank allowed unless required,Schema field common_coordinate_system_id in I_meas/measurement_package.csv,CS_ASSEMBLY
I_meas/measurement_package.csv,MeasurementPackage,unit_system_id,string,False,0..1,dimensionless,,object identifier or foreign key per schema,blank allowed unless required,Schema field unit_system_id in I_meas/measurement_package.csv,MM_N
I_meas/measurement_package.csv,MeasurementPackage,preprocessing_pipeline_id,string,False,0..1,dimensionless,,object identifier or foreign key per schema,blank allowed unless required,Schema field preprocessing_pipeline_id in I_meas/measurement_package.csv,SYNTHETIC_NONE
I_meas/measurement_package.csv,MeasurementPackage,metadata,string,False,0..1,dimensionless,,,blank allowed unless required,Schema field metadata in I_meas/measurement_package.csv,"{""data_nature"":""SYNTHETIC_NUMERICAL_CONSISTENCY_CASE"",""engineering_claim_allowed"":false,""schema_version"":""V2.5"",""schema_revision"":""MULTI_PART_SERIAL_PARALLEL_2026-07""}"
I_meas/measurement_record.csv,MeasurementRecord,measurement_id,string,False,0..1,dimensionless,,object identifier or foreign key per schema,blank allowed unless required,Schema field measurement_id in I_meas/measurement_record.csv,MEAS_PANEL
I_meas/measurement_record.csv,MeasurementRecord,measurement_set_id,string,False,0..1,dimensionless,,object identifier or foreign key per schema,blank allowed unless required,Schema field measurement_set_id in I_meas/measurement_record.csv,MEAS_SET_PANEL
I_meas/measurement_record.csv,MeasurementRecord,sample_id,string,False,0..1,dimensionless,,object identifier or foreign key per schema,blank allowed unless required,Schema field sample_id in I_meas/measurement_record.csv,SAMPLE_001
I_meas/measurement_record.csv,MeasurementRecord,object_type,string,False,0..1,dimensionless,,,blank allowed unless required,Schema field object_type in I_meas/measurement_record.csv,Part
I_meas/measurement_record.csv,MeasurementRecord,object_id,string,False,0..1,dimensionless,,object identifier or foreign key per schema,blank allowed unless required,Schema field object_id in I_meas/measurement_record.csv,P_A
I_meas/measurement_record.csv,MeasurementRecord,feature_definition_id,string,False,0..1,dimensionless,,object identifier or foreign key per schema,blank allowed unless required,Schema field feature_definition_id in I_meas/measurement_record.csv,KCM_PANEL_PROFILE
I_meas/measurement_record.csv,MeasurementRecord,interface_id_optional,string,False,0..1,dimensionless,,,blank allowed unless required,Schema field interface_id_optional in I_meas/measurement_record.csv,
I_meas/measurement_record.csv,MeasurementRecord,part_id_optional,string,False,0..1,dimensionless,,,blank allowed unless required,Schema field part_id_optional in I_meas/measurement_record.csv,P_A
I_meas/measurement_record.csv,MeasurementRecord,assembly_id_optional,string,False,0..1,dimensionless,,,blank allowed unless required,Schema field assembly_id_optional in I_meas/measurement_record.csv,
I_meas/measurement_record.csv,MeasurementRecord,stage_id,string,False,0..1,dimensionless,,object identifier or foreign key per schema,blank allowed unless required,Schema field stage_id in I_meas/measurement_record.csv,FREE
I_meas/measurement_record.csv,MeasurementRecord,support_state,string,False,0..1,dimensionless,,,blank allowed unless required,Schema field support_state in I_meas/measurement_record.csv,KNOWN_SUPPORT
I_meas/measurement_record.csv,MeasurementRecord,load_state,string,False,0..1,dimensionless,,,blank allowed unless required,Schema field load_state in I_meas/measurement_record.csv,FREE
I_meas/measurement_record.csv,MeasurementRecord,timestamp_optional,string,False,0..1,dimensionless,,,blank allowed unless required,Schema field timestamp_optional in I_meas/measurement_record.csv,2026-07-14T00:00:00+09:00
I_meas/measurement_record.csv,MeasurementRecord,location,string,False,0..1,dimensionless,,,blank allowed unless required,Schema field location in I_meas/measurement_record.csv,"[50,0,0]"
I_meas/measurement_record.csv,MeasurementRecord,direction,string,False,0..1,dimensionless,,,blank allowed unless required,Schema field direction in I_meas/measurement_record.csv,"[0,0,1]"
I_meas/measurement_record.csv,MeasurementRecord,coordinate_system_id,string,False,0..1,dimensionless,,object identifier or foreign key per schema,blank allowed unless required,Schema field coordinate_system_id in I_meas/measurement_record.csv,CS_ASSEMBLY
I_meas/measurement_record.csv,MeasurementRecord,value,number,False,0..1,dimensionless,,,blank allowed unless required,Schema field value in I_meas/measurement_record.csv,0.005
I_meas/measurement_record.csv,MeasurementRecord,unit,string,False,0..1,dimensionless,,,blank allowed unless required,Schema field unit in I_meas/measurement_record.csv,mm
I_meas/measurement_record.csv,MeasurementRecord,standard_uncertainty,number,False,0..1,dimensionless,,,blank allowed unless required,Schema field standard_uncertainty in I_meas/measurement_record.csv,0.01
I_meas/measurement_record.csv,MeasurementRecord,covariance_block_id_optional,string,False,0..1,dimensionless,,,blank allowed unless required,Schema field covariance_block_id_optional in I_meas/measurement_record.csv,COV_MEAS_SYNTH
I_meas/measurement_record.csv,MeasurementRecord,sensor_or_device_id,string,False,0..1,dimensionless,,object identifier or foreign key per schema,blank allowed unless required,Schema field sensor_or_device_id in I_meas/measurement_record.csv,SENSOR_SYNTH
I_meas/measurement_record.csv,MeasurementRecord,calibration_certificate_id_optional,string,False,0..1,dimensionless,,,blank allowed unless required,Schema field calibration_certificate_id_optional in I_meas/measurement_record.csv,SENCAL_SYNTH
I_meas/measurement_record.csv,MeasurementRecord,acquisition_method,string,False,0..1,dimensionless,,,blank allowed unless required,Schema field acquisition_method in I_meas/measurement_record.csv,SYNTHETIC_FIXTURE
I_meas/measurement_record.csv,MeasurementRecord,preprocessing_history,string,False,0..1,dimensionless,,,blank allowed unless required,Schema field preprocessing_history in I_meas/measurement_record.csv,none
I_meas/measurement_record.csv,MeasurementRecord,update_target,string,False,0..1,dimensionless,,,blank allowed unless required,Schema field update_target in I_meas/measurement_record.csv,SMS
I_meas/measurement_record.csv,MeasurementRecord,data_role,string,False,0..1,dimensionless,,,blank allowed unless required,Schema field data_role in I_meas/measurement_record.csv,IDENTIFY
I_meas/measurement_record.csv,MeasurementRecord,quality_flag,string,False,0..1,dimensionless,,,blank allowed unless required,Schema field quality_flag in I_meas/measurement_record.csv,PASS
I_meas/measurement_record.csv,MeasurementRecord,reference_state_id_optional,string,False,0..1,dimensionless,,,blank allowed unless required,Schema field reference_state_id_optional in I_meas/measurement_record.csv,REF_NOMINAL
I_meas/measurement_record.csv,MeasurementRecord,increment_definition_id_optional,string,False,0..1,dimensionless,,,blank allowed unless required,Schema field increment_definition_id_optional in I_meas/measurement_record.csv,INC_ABS
I_meas/measurement_record.csv,MeasurementRecord,missing_reason_optional,string,False,0..1,dimensionless,,,blank allowed unless required,Schema field missing_reason_optional in I_meas/measurement_record.csv,
I_meas/measurement_record.csv,MeasurementRecord,metadata,string,False,0..1,dimensionless,,,blank allowed unless required,Schema field metadata in I_meas/measurement_record.csv,"{""data_nature"":""SYNTHETIC_NUMERICAL_CONSISTENCY_CASE"",""engineering_claim_allowed"":false,""schema_version"":""V2.5"",""schema_revision"":""MULTI_PART_SERIAL_PARALLEL_2026-07""}"
I_meas/measurement_state_compensation_result.csv,MeasurementStateCompensationResult,compensation_result_id,string,False,0..1,dimensionless,,object identifier or foreign key per schema,blank allowed unless required,Schema field compensation_result_id in I_meas/measurement_state_compensation_result.csv,COMP_PANEL
I_meas/measurement_state_compensation_result.csv,MeasurementStateCompensationResult,measurement_state_id,string,False,0..1,dimensionless,,object identifier or foreign key per schema,blank allowed unless required,Schema field measurement_state_id in I_meas/measurement_state_compensation_result.csv,MEAS_STATE_PANEL
I_meas/measurement_state_compensation_result.csv,MeasurementStateCompensationResult,raw_kcm_values,string,False,0..1,dimensionless,,,blank allowed unless required,Schema field raw_kcm_values in I_meas/measurement_state_compensation_result.csv,[0.005]
I_meas/measurement_state_compensation_result.csv,MeasurementStateCompensationResult,raw_covariance_R,string,False,0..1,dimensionless,,,blank allowed unless required,Schema field raw_covariance_R in I_meas/measurement_state_compensation_result.csv,COV_MEAS_SYNTH
I_meas/measurement_state_compensation_result.csv,MeasurementStateCompensationResult,pose_component,string,False,0..1,dimensionless,,,blank allowed unless required,Schema field pose_component in I_meas/measurement_state_compensation_result.csv,[0.0]
I_meas/measurement_state_compensation_result.csv,MeasurementStateCompensationResult,structural_component,string,False,0..1,dimensionless,,,blank allowed unless required,Schema field structural_component in I_meas/measurement_state_compensation_result.csv,[0.0]
I_meas/measurement_state_compensation_result.csv,MeasurementStateCompensationResult,local_contact_component_optional,string,False,0..1,dimensionless,,,blank allowed unless required,Schema field local_contact_component_optional in I_meas/measurement_state_compensation_result.csv,[0.0]
I_meas/measurement_state_compensation_result.csv,MeasurementStateCompensationResult,bias_component,string,False,0..1,dimensionless,,,blank allowed unless required,Schema field bias_component in I_meas/measurement_state_compensation_result.csv,[0.0]
I_meas/measurement_state_compensation_result.csv,MeasurementStateCompensationResult,equivalent_reference_kcm,string,False,0..1,dimensionless,,,blank allowed unless required,Schema field equivalent_reference_kcm in I_meas/measurement_state_compensation_result.csv,[0.005]
I_meas/measurement_state_compensation_result.csv,MeasurementStateCompensationResult,equivalent_covariance_R_ref,string,False,0..1,dimensionless,,,blank allowed unless required,Schema field equivalent_covariance_R_ref in I_meas/measurement_state_compensation_result.csv,COV_MEAS_SYNTH
I_meas/measurement_state_compensation_result.csv,MeasurementStateCompensationResult,compensation_method,string,False,0..1,dimensionless,,,blank allowed unless required,Schema field compensation_method in I_meas/measurement_state_compensation_result.csv,FE_CORRECTION
I_meas/measurement_state_compensation_result.csv,MeasurementStateCompensationResult,target_reference_state_id,string,False,0..1,dimensionless,,object identifier or foreign key per schema,blank allowed unless required,Schema field target_reference_state_id in I_meas/measurement_state_compensation_result.csv,REF_NOMINAL
I_meas/measurement_state_compensation_result.csv,MeasurementStateCompensationResult,excluded_deformation_source_ids,string,False,0..1,dimensionless,,,blank allowed unless required,Schema field excluded_deformation_source_ids in I_meas/measurement_state_compensation_result.csv,GRAVITY_M;FIXTURE_M;LOCAL_CONTACT_M
I_meas/measurement_state_compensation_result.csv,MeasurementStateCompensationResult,identifiability_metrics,string,False,0..1,dimensionless,,,blank allowed unless required,Schema field identifiability_metrics in I_meas/measurement_state_compensation_result.csv,"{""rank"":1}"
I_meas/measurement_state_compensation_result.csv,MeasurementStateCompensationResult,quality_flag,string,False,0..1,dimensionless,,,blank allowed unless required,Schema field quality_flag in I_meas/measurement_state_compensation_result.csv,PASS
I_meas/measurement_state_compensation_result.csv,MeasurementStateCompensationResult,metadata,string,False,0..1,dimensionless,,,blank allowed unless required,Schema field metadata in I_meas/measurement_state_compensation_result.csv,"{""data_nature"":""SYNTHETIC_NUMERICAL_CONSISTENCY_CASE"",""engineering_claim_allowed"":false,""schema_version"":""V2.5"",""schema_revision"":""MULTI_PART_SERIAL_PARALLEL_2026-07""}"
I_meas/measurement_state_snapshot.csv,MeasurementStateSnapshot,measurement_state_id,string,False,0..1,dimensionless,,object identifier or foreign key per schema,blank allowed unless required,Schema field measurement_state_id in I_meas/measurement_state_snapshot.csv,MEAS_STATE_PANEL
I_meas/measurement_state_snapshot.csv,MeasurementStateSnapshot,measurement_set_id,string,False,0..1,dimensionless,,object identifier or foreign key per schema,blank allowed unless required,Schema field measurement_set_id in I_meas/measurement_state_snapshot.csv,MEAS_SET_PANEL
I_meas/measurement_state_snapshot.csv,MeasurementStateSnapshot,sample_id,string,False,0..1,dimensionless,,object identifier or foreign key per schema,blank allowed unless required,Schema field sample_id in I_meas/measurement_state_snapshot.csv,SAMPLE_001
I_meas/measurement_state_snapshot.csv,MeasurementStateSnapshot,part_id,string,False,0..1,dimensionless,,object identifier or foreign key per schema,blank allowed unless required,Schema field part_id in I_meas/measurement_state_snapshot.csv,P_A
I_meas/measurement_state_snapshot.csv,MeasurementStateSnapshot,support_state,string,False,0..1,dimensionless,,,blank allowed unless required,Schema field support_state in I_meas/measurement_state_snapshot.csv,KNOWN_SUPPORT
I_meas/measurement_state_snapshot.csv,MeasurementStateSnapshot,load_state,string,False,0..1,dimensionless,,,blank allowed unless required,Schema field load_state in I_meas/measurement_state_snapshot.csv,FREE
I_meas/measurement_state_snapshot.csv,MeasurementStateSnapshot,target_reference_state_id,string,False,0..1,dimensionless,,object identifier or foreign key per schema,blank allowed unless required,Schema field target_reference_state_id in I_meas/measurement_state_snapshot.csv,REF_NOMINAL
I_meas/measurement_state_snapshot.csv,MeasurementStateSnapshot,boundary_condition_ids,string,False,0..1,dimensionless,,,blank allowed unless required,Schema field boundary_condition_ids in I_meas/measurement_state_snapshot.csv,BND_PANEL_BASE
I_meas/measurement_state_snapshot.csv,MeasurementStateSnapshot,measured_load_ids,string,False,0..1,dimensionless,,,blank allowed unless required,Schema field measured_load_ids in I_meas/measurement_state_snapshot.csv,
I_meas/measurement_state_snapshot.csv,MeasurementStateSnapshot,fixture_model_id,string,False,0..1,dimensionless,,object identifier or foreign key per schema,blank allowed unless required,Schema field fixture_model_id in I_meas/measurement_state_snapshot.csv,FIXTURE_SYNTH
I_meas/measurement_state_snapshot.csv,MeasurementStateSnapshot,gravity_vector,string,False,0..1,dimensionless,,,blank allowed unless required,Schema field gravity_vector in I_meas/measurement_state_snapshot.csv,"[0,0,-9.81]"
I_meas/measurement_state_snapshot.csv,MeasurementStateSnapshot,temperature_optional,integer,False,0..1,dimensionless,,,blank allowed unless required,Schema field temperature_optional in I_meas/measurement_state_snapshot.csv,20
I_meas/measurement_state_snapshot.csv,MeasurementStateSnapshot,measurement_coordinate_system_id,string,False,0..1,dimensionless,,object identifier or foreign key per schema,blank allowed unless required,Schema field measurement_coordinate_system_id in I_meas/measurement_state_snapshot.csv,CS_ASSEMBLY
I_meas/measurement_state_snapshot.csv,MeasurementStateSnapshot,model_coordinate_system_id,string,False,0..1,dimensionless,,object identifier or foreign key per schema,blank allowed unless required,Schema field model_coordinate_system_id in I_meas/measurement_state_snapshot.csv,CS_ASSEMBLY
I_meas/measurement_state_snapshot.csv,MeasurementStateSnapshot,coordinate_transform_id,string,False,0..1,dimensionless,,object identifier or foreign key per schema,blank allowed unless required,Schema field coordinate_transform_id in I_meas/measurement_state_snapshot.csv,IDENTITY
I_meas/measurement_state_snapshot.csv,MeasurementStateSnapshot,transform_covariance_optional,string,False,0..1,dimensionless,,,blank allowed unless required,Schema field transform_covariance_optional in I_meas/measurement_state_snapshot.csv,
I_meas/measurement_state_snapshot.csv,MeasurementStateSnapshot,acquisition_timestamp,string,False,0..1,dimensionless,,,blank allowed unless required,Schema field acquisition_timestamp in I_meas/measurement_state_snapshot.csv,2026-07-14T00:00:00+09:00
I_meas/measurement_state_snapshot.csv,MeasurementStateSnapshot,state_quality_flag,string,False,0..1,dimensionless,,,blank allowed unless required,Schema field state_quality_flag in I_meas/measurement_state_snapshot.csv,PASS
I_meas/measurement_state_snapshot.csv,MeasurementStateSnapshot,metadata,string,False,0..1,dimensionless,,,blank allowed unless required,Schema field metadata in I_meas/measurement_state_snapshot.csv,"{""data_nature"":""SYNTHETIC_NUMERICAL_CONSISTENCY_CASE"",""engineering_claim_allowed"":false,""schema_version"":""V2.5"",""schema_revision"":""MULTI_PART_SERIAL_PARALLEL_2026-07""}"
I_meas/sensor_calibration.csv,SensorCalibration,sensor_calibration_id,string,False,0..1,dimensionless,,object identifier or foreign key per schema,blank allowed unless required,Schema field sensor_calibration_id in I_meas/sensor_calibration.csv,SENCAL_SYNTH
I_meas/sensor_calibration.csv,SensorCalibration,sensor_id,string,False,0..1,dimensionless,,object identifier or foreign key per schema,blank allowed unless required,Schema field sensor_id in I_meas/sensor_calibration.csv,SENSOR_SYNTH
I_meas/sensor_calibration.csv,SensorCalibration,sensor_type,string,False,0..1,dimensionless,,,blank allowed unless required,Schema field sensor_type in I_meas/sensor_calibration.csv,DISPLACEMENT
I_meas/sensor_calibration.csv,SensorCalibration,calibration_method,string,False,0..1,dimensionless,,,blank allowed unless required,Schema field calibration_method in I_meas/sensor_calibration.csv,SYNTHETIC_EXACT
I_meas/sensor_calibration.csv,SensorCalibration,bias,number,False,0..1,dimensionless,,,blank allowed unless required,Schema field bias in I_meas/sensor_calibration.csv,0.0
I_meas/sensor_calibration.csv,SensorCalibration,scale_factor,number,False,0..1,dimensionless,,,blank allowed unless required,Schema field scale_factor in I_meas/sensor_calibration.csv,1.0
I_meas/sensor_calibration.csv,SensorCalibration,uncertainty,string,False,0..1,dimensionless,,,blank allowed unless required,Schema field uncertainty in I_meas/sensor_calibration.csv,COV_SENSOR_SYNTH
I_meas/sensor_calibration.csv,SensorCalibration,validity_domain_id,string,False,0..1,dimensionless,,object identifier or foreign key per schema,blank allowed unless required,Schema field validity_domain_id in I_meas/sensor_calibration.csv,VD_MULTIPART
I_meas/sensor_calibration.csv,SensorCalibration,quality_flag,string,False,0..1,dimensionless,,,blank allowed unless required,Schema field quality_flag in I_meas/sensor_calibration.csv,PASS
I_meas/sensor_calibration.csv,SensorCalibration,metadata,string,False,0..1,dimensionless,,,blank allowed unless required,Schema field metadata in I_meas/sensor_calibration.csv,"{""data_nature"":""SYNTHETIC_NUMERICAL_CONSISTENCY_CASE"",""engineering_claim_allowed"":false,""schema_version"":""V2.5"",""schema_revision"":""MULTI_PART_SERIAL_PARALLEL_2026-07""}"
I_red/boundary_inheritance_record.csv,BoundaryInheritanceRecord,boundary_inheritance_id,string,False,0..1,dimensionless,,object identifier or foreign key per schema,blank allowed unless required,Schema field boundary_inheritance_id in I_red/boundary_inheritance_record.csv,BIR_AB
I_red/boundary_inheritance_record.csv,BoundaryInheritanceRecord,local_model_id,string,False,0..1,dimensionless,,object identifier or foreign key per schema,blank allowed unless required,Schema field local_model_id in I_red/boundary_inheritance_record.csv,LOCAL_MODEL_AB
I_red/boundary_inheritance_record.csv,BoundaryInheritanceRecord,stage_id,string,False,0..1,dimensionless,,object identifier or foreign key per schema,blank allowed unless required,Schema field stage_id in I_red/boundary_inheritance_record.csv,S_RELEASE_04
I_red/boundary_inheritance_record.csv,BoundaryInheritanceRecord,boundary_method,string,False,0..1,dimensionless,,,blank allowed unless required,Schema field boundary_method in I_red/boundary_inheritance_record.csv,IMPEDANCE
I_red/boundary_inheritance_record.csv,BoundaryInheritanceRecord,source_global_case_id,string,False,0..1,dimensionless,,object identifier or foreign key per schema,blank allowed unless required,Schema field source_global_case_id in I_red/boundary_inheritance_record.csv,COND_S_RELEASE_04
I_red/boundary_inheritance_record.csv,BoundaryInheritanceRecord,prescribed_cut_displacement_optional,string,False,0..1,dimensionless,,,blank allowed unless required,Schema field prescribed_cut_displacement_optional in I_red/boundary_inheritance_record.csv,[]
I_red/boundary_inheritance_record.csv,BoundaryInheritanceRecord,prescribed_cut_force_optional,string,False,0..1,dimensionless,,,blank allowed unless required,Schema field prescribed_cut_force_optional in I_red/boundary_inheritance_record.csv,[]
I_red/boundary_inheritance_record.csv,BoundaryInheritanceRecord,impedance_matrix_optional,string,False,0..1,dimensionless,,,blank allowed unless required,Schema field impedance_matrix_optional in I_red/boundary_inheritance_record.csv,W_STRUCT_RELEASE_04
I_red/boundary_inheritance_record.csv,BoundaryInheritanceRecord,coordinate_transform_id,string,False,0..1,dimensionless,,object identifier or foreign key per schema,blank allowed unless required,Schema field coordinate_transform_id in I_red/boundary_inheritance_record.csv,IDENTITY
I_red/boundary_inheritance_record.csv,BoundaryInheritanceRecord,interpolation_error,number,False,0..1,dimensionless,,,blank allowed unless required,Schema field interpolation_error in I_red/boundary_inheritance_record.csv,0.0
I_red/boundary_inheritance_record.csv,BoundaryInheritanceRecord,boundary_reaction_check,string,False,0..1,dimensionless,,,blank allowed unless required,Schema field boundary_reaction_check in I_red/boundary_inheritance_record.csv,PASS
I_red/boundary_inheritance_record.csv,BoundaryInheritanceRecord,valid_load_range,string,False,0..1,dimensionless,,,blank allowed unless required,Schema field valid_load_range in I_red/boundary_inheritance_record.csv,FIXTURE_ONLY
I_red/boundary_inheritance_record.csv,BoundaryInheritanceRecord,quality_flag,string,False,0..1,dimensionless,,,blank allowed unless required,Schema field quality_flag in I_red/boundary_inheritance_record.csv,PASS
I_red/boundary_inheritance_record.csv,BoundaryInheritanceRecord,metadata,string,False,0..1,dimensionless,,,blank allowed unless required,Schema field metadata in I_red/boundary_inheritance_record.csv,"{""data_nature"":""SYNTHETIC_NUMERICAL_CONSISTENCY_CASE"",""engineering_claim_allowed"":false,""schema_version"":""V2.5"",""schema_revision"":""MULTI_PART_SERIAL_PARALLEL_2026-07""}"
I_red/cache_invalidation_rule.csv,CacheInvalidationRule,rule_id,string,False,0..1,dimensionless,,object identifier or foreign key per schema,blank allowed unless required,Schema field rule_id in I_red/cache_invalidation_rule.csv,RULE_MULTIPART_COUPLING
I_red/cache_invalidation_rule.csv,CacheInvalidationRule,target_cache_type,string,False,0..1,dimensionless,,,blank allowed unless required,Schema field target_cache_type in I_red/cache_invalidation_rule.csv,I_RED
I_red/cache_invalidation_rule.csv,CacheInvalidationRule,dependency_fields,string,False,0..1,dimensionless,,,blank allowed unless required,Schema field dependency_fields in I_red/cache_invalidation_rule.csv,"topology,vector_layout,mesh,material,boundary,joint,contact_mapping"
I_red/cache_invalidation_rule.csv,CacheInvalidationRule,invalidation_condition,string,False,0..1,dimensionless,,,blank allowed unless required,Schema field invalidation_condition in I_red/cache_invalidation_rule.csv,any dependency hash changed
I_red/cache_invalidation_rule.csv,CacheInvalidationRule,required_action,string,False,0..1,dimensionless,,,blank allowed unless required,Schema field required_action in I_red/cache_invalidation_rule.csv,REBUILD_IRED
I_red/cache_invalidation_rule.csv,CacheInvalidationRule,severity,string,False,0..1,dimensionless,,,blank allowed unless required,Schema field severity in I_red/cache_invalidation_rule.csv,FAIL
I_red/condensed_operator.csv,CondensedOperator,condensed_operator_id,string,False,0..1,dimensionless,,object identifier or foreign key per schema,blank allowed unless required,Schema field condensed_operator_id in I_red/condensed_operator.csv,COND_S_LOCATE_01
I_red/condensed_operator.csv,CondensedOperator,stage_id,string,False,0..1,dimensionless,,object identifier or foreign key per schema,blank allowed unless required,Schema field stage_id in I_red/condensed_operator.csv,S_LOCATE_01
I_red/condensed_operator.csv,CondensedOperator,dof_partition_id,string,False,0..1,dimensionless,,object identifier or foreign key per schema,blank allowed unless required,Schema field dof_partition_id in I_red/condensed_operator.csv,DOFP_S_LOCATE_01
I_red/condensed_operator.csv,CondensedOperator,K_II_id,string,False,0..1,dimensionless,,object identifier or foreign key per schema,blank allowed unless required,Schema field K_II_id in I_red/condensed_operator.csv,
I_red/condensed_operator.csv,CondensedOperator,K_I_Gamma_id,string,False,0..1,dimensionless,,object identifier or foreign key per schema,blank allowed unless required,Schema field K_I_Gamma_id in I_red/condensed_operator.csv,
I_red/condensed_operator.csv,CondensedOperator,K_Gamma_I_id,string,False,0..1,dimensionless,,object identifier or foreign key per schema,blank allowed unless required,Schema field K_Gamma_I_id in I_red/condensed_operator.csv,
I_red/condensed_operator.csv,CondensedOperator,K_Gamma_Gamma_id,string,False,0..1,dimensionless,,object identifier or foreign key per schema,blank allowed unless required,Schema field K_Gamma_Gamma_id in I_red/condensed_operator.csv,K_GAMMA_LOCATE_01
I_red/condensed_operator.csv,CondensedOperator,Kbar_Gamma,string,False,0..1,dimensionless,,,blank allowed unless required,Schema field Kbar_Gamma in I_red/condensed_operator.csv,K_GAMMA_LOCATE_01
I_red/condensed_operator.csv,CondensedOperator,Fbar_Gamma,string,False,0..1,dimensionless,,,blank allowed unless required,Schema field Fbar_Gamma in I_red/condensed_operator.csv,RFV_S_LOCATE_01
I_red/condensed_operator.csv,CondensedOperator,W_struct_id,string,False,0..1,dimensionless,,object identifier or foreign key per schema,blank allowed unless required,Schema field W_struct_id in I_red/condensed_operator.csv,W_STRUCT_LOCATE_01
I_red/condensed_operator.csv,CondensedOperator,factorization_id,string,False,0..1,dimensionless,,object identifier or foreign key per schema,blank allowed unless required,Schema field factorization_id in I_red/condensed_operator.csv,FACT_S_LOCATE_01
I_red/condensed_operator.csv,CondensedOperator,symmetry_error,number,False,0..1,dimensionless,,,blank allowed unless required,Schema field symmetry_error in I_red/condensed_operator.csv,0.000e+00
I_red/condensed_operator.csv,CondensedOperator,positive_definiteness_check,string,False,0..1,dimensionless,,,blank allowed unless required,Schema field positive_definiteness_check in I_red/condensed_operator.csv,PASS
I_red/condensed_operator.csv,CondensedOperator,condition_estimate,number,False,0..1,dimensionless,,,blank allowed unless required,Schema field condition_estimate in I_red/condensed_operator.csv,2.6493054
I_red/condensed_operator.csv,CondensedOperator,derivation_source_model_id,string,False,0..1,dimensionless,,object identifier or foreign key per schema,blank allowed unless required,Schema field derivation_source_model_id in I_red/condensed_operator.csv,FE_SYNTHETIC_MULTIPART
I_red/condensed_operator.csv,CondensedOperator,included_physics_struct,string,False,0..1,dimensionless,,,blank allowed unless required,Schema field included_physics_struct in I_red/condensed_operator.csv,four_part_global_flexibility_with_cross_interface_coupling
I_red/condensed_operator.csv,CondensedOperator,material_dependency_ids,string,False,0..1,dimensionless,,,blank allowed unless required,Schema field material_dependency_ids in I_red/condensed_operator.csv,MAT_CFRP_DEFAULT;MAT_METAL_DEFAULT
I_red/condensed_operator.csv,CondensedOperator,layup_dependency_ids_optional,string,False,0..1,dimensionless,,,blank allowed unless required,Schema field layup_dependency_ids_optional in I_red/condensed_operator.csv,LAYUP_PANEL;LAYUP_RIB
I_red/condensed_operator.csv,CondensedOperator,thickness_dependency_ids,string,False,0..1,dimensionless,,,blank allowed unless required,Schema field thickness_dependency_ids in I_red/condensed_operator.csv,THK_PANEL;THK_RIB;THK_SPAR;THK_BRACKET
I_red/condensed_operator.csv,CondensedOperator,joint_state_dependency_ids,string,False,0..1,dimensionless,,,blank allowed unless required,Schema field joint_state_dependency_ids in I_red/condensed_operator.csv,JNT_AB;JNT_BC;JNT_AD;JNT_DB
I_red/condensed_operator.csv,CondensedOperator,boundary_condition_dependency_ids,string,False,0..1,dimensionless,,,blank allowed unless required,Schema field boundary_condition_dependency_ids in I_red/condensed_operator.csv,BND_PANEL_BASE;BND_RIB_PIN;BND_SPAR_SUPPORT;BND_BRACKET_PIN
I_red/condensed_operator.csv,CondensedOperator,load_reference_ids,string,False,0..1,dimensionless,,,blank allowed unless required,Schema field load_reference_ids in I_red/condensed_operator.csv,LOAD_GRAVITY_ALL
I_red/condensed_operator.csv,CondensedOperator,valid_stage_load_range,string,False,0..1,dimensionless,,,blank allowed unless required,Schema field valid_stage_load_range in I_red/condensed_operator.csv,SYNTHETIC_FIXTURE_ONLY
I_red/condensed_operator.csv,CondensedOperator,valid_geometry_deviation_range,string,False,0..1,dimensionless,,,blank allowed unless required,Schema field valid_geometry_deviation_range in I_red/condensed_operator.csv,"[-0.02,0.12] mm"
I_red/condensed_operator.csv,CondensedOperator,operator_rebuild_rule,string,False,0..1,dimensionless,,,blank allowed unless required,Schema field operator_rebuild_rule in I_red/condensed_operator.csv,REBUILD_IRED_ON_TOPOLOGY_BOUNDARY_JOINT_OR_MAPPING_CHANGE
I_red/condensed_operator.csv,CondensedOperator,metadata,string,False,0..1,dimensionless,,,blank allowed unless required,Schema field metadata in I_red/condensed_operator.csv,"{""data_nature"":""SYNTHETIC_NUMERICAL_CONSISTENCY_CASE"",""engineering_claim_allowed"":false,""schema_version"":""V2.5"",""schema_revision"":""MULTI_PART_SERIAL_PARALLEL_2026-07""}"
I_red/dof_partition.csv,DofPartition,dof_partition_id,string,False,0..1,dimensionless,,object identifier or foreign key per schema,blank allowed unless required,Schema field dof_partition_id in I_red/dof_partition.csv,DOFP_S_LOCATE_01
I_red/dof_partition.csv,DofPartition,stage_id,string,False,0..1,dimensionless,,object identifier or foreign key per schema,blank allowed unless required,Schema field stage_id in I_red/dof_partition.csv,S_LOCATE_01
I_red/dof_partition.csv,DofPartition,full_free_dof_ids,string,False,0..1,dimensionless,,,blank allowed unless required,Schema field full_free_dof_ids in I_red/dof_partition.csv,"[0,1,2,3,4,5,6,7,8,9,10,11]"
I_red/dof_partition.csv,DofPartition,internal_dof_ids,string,False,0..1,dimensionless,,,blank allowed unless required,Schema field internal_dof_ids in I_red/dof_partition.csv,[]
I_red/dof_partition.csv,DofPartition,interface_dof_ids,string,False,0..1,dimensionless,,,blank allowed unless required,Schema field interface_dof_ids in I_red/dof_partition.csv,"[0,1,2,3,4,5,6,7,8,9,10,11]"
I_red/dof_partition.csv,DofPartition,kcp_related_dof_ids,string,False,0..1,dimensionless,,,blank allowed unless required,Schema field kcp_related_dof_ids in I_red/dof_partition.csv,"[0,1,2,3,4,5,6,7,8,9,10,11]"
I_red/dof_partition.csv,DofPartition,prescribed_dof_ids,string,False,0..1,dimensionless,,,blank allowed unless required,Schema field prescribed_dof_ids in I_red/dof_partition.csv,"[0,1,2,3]"
I_red/dof_partition.csv,DofPartition,permutation_vector,string,False,0..1,dimensionless,,,blank allowed unless required,Schema field permutation_vector in I_red/dof_partition.csv,"[0,1,2,3,4,5,6,7,8,9,10,11]"
I_red/dof_partition.csv,DofPartition,rigid_body_mode_check,string,False,0..1,dimensionless,,,blank allowed unless required,Schema field rigid_body_mode_check in I_red/dof_partition.csv,PASS
I_red/dof_partition.csv,DofPartition,metadata,string,False,0..1,dimensionless,,,blank allowed unless required,Schema field metadata in I_red/dof_partition.csv,"{""data_nature"":""SYNTHETIC_NUMERICAL_CONSISTENCY_CASE"",""engineering_claim_allowed"":false,""schema_version"":""V2.5"",""schema_revision"":""MULTI_PART_SERIAL_PARALLEL_2026-07""}"
I_red/factorization_cache.csv,FactorizationCache,factorization_id,string,False,0..1,dimensionless,,object identifier or foreign key per schema,blank allowed unless required,Schema field factorization_id in I_red/factorization_cache.csv,FACT_S_LOCATE_01
I_red/factorization_cache.csv,FactorizationCache,matrix_id,string,False,0..1,dimensionless,,object identifier or foreign key per schema,blank allowed unless required,Schema field matrix_id in I_red/factorization_cache.csv,K_GAMMA_LOCATE_01
I_red/factorization_cache.csv,FactorizationCache,factorization_type,string,False,0..1,dimensionless,,,blank allowed unless required,Schema field factorization_type in I_red/factorization_cache.csv,CHOLESKY
I_red/factorization_cache.csv,FactorizationCache,permutation,string,False,0..1,dimensionless,,,blank allowed unless required,Schema field permutation in I_red/factorization_cache.csv,"[0,1,2,3,4,5,6,7,8,9,10,11]"
I_red/factorization_cache.csv,FactorizationCache,factor_data_reference,string,False,0..1,dimensionless,,,blank allowed unless required,Schema field factor_data_reference in I_red/factorization_cache.csv,NOT_PERSISTED_FOR_FIXTURE
I_red/factorization_cache.csv,FactorizationCache,matrix_checksum,string,False,0..1,dimensionless,,,blank allowed unless required,Schema field matrix_checksum in I_red/factorization_cache.csv,33fb37f579556343d20e40c4dbe5e5bd00ffa3b819cb667ad3db6f2cf2e40938
I_red/factorization_cache.csv,FactorizationCache,software_version,string,False,0..1,dimensionless,,,blank allowed unless required,Schema field software_version in I_red/factorization_cache.csv,numpy
I_red/factorization_cache.csv,FactorizationCache,reusable_conditions,string,False,0..1,dimensionless,,,blank allowed unless required,Schema field reusable_conditions in I_red/factorization_cache.csv,"same topology, vector layout, boundary and joint activation"
I_red/factorization_cache.csv,FactorizationCache,invalidation_rules,string,False,0..1,dimensionless,,,blank allowed unless required,Schema field invalidation_rules in I_red/factorization_cache.csv,RULE_MULTIPART_COUPLING
I_red/factorization_cache.csv,FactorizationCache,metadata,string,False,0..1,dimensionless,,,blank allowed unless required,Schema field metadata in I_red/factorization_cache.csv,"{""data_nature"":""SYNTHETIC_NUMERICAL_CONSISTENCY_CASE"",""engineering_claim_allowed"":false,""schema_version"":""V2.5"",""schema_revision"":""MULTI_PART_SERIAL_PARALLEL_2026-07""}"
I_red/local_model_validation_result.csv,LocalModelValidationResult,validation_id,string,False,0..1,dimensionless,,object identifier or foreign key per schema,blank allowed unless required,Schema field validation_id in I_red/local_model_validation_result.csv,LMV_AB
I_red/local_model_validation_result.csv,LocalModelValidationResult,local_model_id,string,False,0..1,dimensionless,,object identifier or foreign key per schema,blank allowed unless required,Schema field local_model_id in I_red/local_model_validation_result.csv,LOCAL_MODEL_AB
I_red/local_model_validation_result.csv,LocalModelValidationResult,compared_global_case_ids,string,False,0..1,dimensionless,,,blank allowed unless required,Schema field compared_global_case_ids in I_red/local_model_validation_result.csv,COND_S_RELEASE_04
I_red/local_model_validation_result.csv,LocalModelValidationResult,compared_quantities,string,False,0..1,dimensionless,,,blank allowed unless required,Schema field compared_quantities in I_red/local_model_validation_result.csv,interface_displacement;contact_pressure
I_red/local_model_validation_result.csv,LocalModelValidationResult,error_metrics,string,False,0..1,dimensionless,,,blank allowed unless required,Schema field error_metrics in I_red/local_model_validation_result.csv,"{""relative_error"":0.0}"
I_red/local_model_validation_result.csv,LocalModelValidationResult,acceptance_criteria,string,False,0..1,dimensionless,,,blank allowed unless required,Schema field acceptance_criteria in I_red/local_model_validation_result.csv,relative_error<=1e-8
I_red/local_model_validation_result.csv,LocalModelValidationResult,pass_fail,string,False,0..1,dimensionless,,,blank allowed unless required,Schema field pass_fail in I_red/local_model_validation_result.csv,PASS
I_red/local_model_validation_result.csv,LocalModelValidationResult,metadata,string,False,0..1,dimensionless,,,blank allowed unless required,Schema field metadata in I_red/local_model_validation_result.csv,"{""data_nature"":""SYNTHETIC_NUMERICAL_CONSISTENCY_CASE"",""engineering_claim_allowed"":false,""schema_version"":""V2.5"",""schema_revision"":""MULTI_PART_SERIAL_PARALLEL_2026-07""}"
I_red/local_submodel_extraction.csv,LocalSubmodelExtraction,local_model_id,string,False,0..1,dimensionless,,object identifier or foreign key per schema,blank allowed unless required,Schema field local_model_id in I_red/local_submodel_extraction.csv,LOCAL_MODEL_AB
I_red/local_submodel_extraction.csv,LocalSubmodelExtraction,global_model_id,string,False,0..1,dimensionless,,object identifier or foreign key per schema,blank allowed unless required,Schema field global_model_id in I_red/local_submodel_extraction.csv,NM_MULTIPART
I_red/local_submodel_extraction.csv,LocalSubmodelExtraction,interface_id,string,False,0..1,dimensionless,,object identifier or foreign key per schema,blank allowed unless required,Schema field interface_id in I_red/local_submodel_extraction.csv,G_AB
I_red/local_submodel_extraction.csv,LocalSubmodelExtraction,local_region_id,string,False,0..1,dimensionless,,object identifier or foreign key per schema,blank allowed unless required,Schema field local_region_id in I_red/local_submodel_extraction.csv,LR_AB
I_red/local_submodel_extraction.csv,LocalSubmodelExtraction,extraction_method,string,False,0..1,dimensionless,,,blank allowed unless required,Schema field extraction_method in I_red/local_submodel_extraction.csv,synthetic_condensed_submodel
I_red/local_submodel_extraction.csv,LocalSubmodelExtraction,global_to_local_node_map,string,False,0..1,dimensionless,,,blank allowed unless required,Schema field global_to_local_node_map in I_red/local_submodel_extraction.csv,{}
I_red/local_submodel_extraction.csv,LocalSubmodelExtraction,global_to_local_surface_map,string,False,0..1,dimensionless,,,blank allowed unless required,Schema field global_to_local_surface_map in I_red/local_submodel_extraction.csv,{}
I_red/local_submodel_extraction.csv,LocalSubmodelExtraction,retained_material_ids,string,False,0..1,dimensionless,,,blank allowed unless required,Schema field retained_material_ids in I_red/local_submodel_extraction.csv,MAT_CFRP_DEFAULT;MAT_METAL_DEFAULT
I_red/local_submodel_extraction.csv,LocalSubmodelExtraction,retained_layup_ids_optional,string,False,0..1,dimensionless,,,blank allowed unless required,Schema field retained_layup_ids_optional in I_red/local_submodel_extraction.csv,LAYUP_PANEL;LAYUP_RIB
I_red/local_submodel_extraction.csv,LocalSubmodelExtraction,retained_joint_ids,string,False,0..1,dimensionless,,,blank allowed unless required,Schema field retained_joint_ids in I_red/local_submodel_extraction.csv,JNT_AB
I_red/local_submodel_extraction.csv,LocalSubmodelExtraction,cut_boundary_node_ids,string,False,0..1,dimensionless,,,blank allowed unless required,Schema field cut_boundary_node_ids in I_red/local_submodel_extraction.csv,[]
I_red/local_submodel_extraction.csv,LocalSubmodelExtraction,mesh_refinement_rule,string,False,0..1,dimensionless,,,blank allowed unless required,Schema field mesh_refinement_rule in I_red/local_submodel_extraction.csv,three_point_fixture
I_red/local_submodel_extraction.csv,LocalSubmodelExtraction,source_stage_ids,string,False,0..1,dimensionless,,,blank allowed unless required,Schema field source_stage_ids in I_red/local_submodel_extraction.csv,S_LOCATE_01;S_CLAMP_02;S_JOIN_03;S_RELEASE_04
I_red/local_submodel_extraction.csv,LocalSubmodelExtraction,extraction_quality_metrics,string,False,0..1,dimensionless,,,blank allowed unless required,Schema field extraction_quality_metrics in I_red/local_submodel_extraction.csv,"{""synthetic"":true}"
I_red/local_submodel_extraction.csv,LocalSubmodelExtraction,metadata,string,False,0..1,dimensionless,,,blank allowed unless required,Schema field metadata in I_red/local_submodel_extraction.csv,"{""data_nature"":""SYNTHETIC_NUMERICAL_CONSISTENCY_CASE"",""engineering_claim_allowed"":false,""schema_version"":""V2.5"",""schema_revision"":""MULTI_PART_SERIAL_PARALLEL_2026-07""}"
I_stage/boundary_item.csv,BoundaryItem,boundary_id,string,False,0..1,dimensionless,,object identifier or foreign key per schema,blank allowed unless required,Schema field boundary_id in I_stage/boundary_item.csv,BND_PANEL_BASE
I_stage/boundary_item.csv,BoundaryItem,boundary_type,string,False,0..1,dimensionless,,,blank allowed unless required,Schema field boundary_type in I_stage/boundary_item.csv,LOCATOR_SUPPORT
I_stage/boundary_item.csv,BoundaryItem,target_object_id,string,False,0..1,dimensionless,,object identifier or foreign key per schema,blank allowed unless required,Schema field target_object_id in I_stage/boundary_item.csv,P_A
I_stage/boundary_item.csv,BoundaryItem,target_dofs,string,False,0..1,dimensionless,,,blank allowed unless required,Schema field target_dofs in I_stage/boundary_item.csv,"[0,1,2]"
I_stage/boundary_item.csv,BoundaryItem,direction,string,False,0..1,dimensionless,,,blank allowed unless required,Schema field direction in I_stage/boundary_item.csv,"[0,0,1]"
I_stage/boundary_item.csv,BoundaryItem,prescribed_value,number,False,0..1,dimensionless,,,blank allowed unless required,Schema field prescribed_value in I_stage/boundary_item.csv,0.0
I_stage/boundary_item.csv,BoundaryItem,stiffness_optional,number,False,0..1,dimensionless,,,blank allowed unless required,Schema field stiffness_optional in I_stage/boundary_item.csv,1000000.0
I_stage/boundary_item.csv,BoundaryItem,stage_activation,string,False,0..1,dimensionless,,,blank allowed unless required,Schema field stage_activation in I_stage/boundary_item.csv,S_LOCATE_01;S_CLAMP_02;S_JOIN_03
I_stage/boundary_item.csv,BoundaryItem,uncertainty_optional,number,False,0..1,dimensionless,,,blank allowed unless required,Schema field uncertainty_optional in I_stage/boundary_item.csv,0.001
I_stage/boundary_item.csv,BoundaryItem,measured_value_id_optional,string,False,0..1,dimensionless,,,blank allowed unless required,Schema field measured_value_id_optional in I_stage/boundary_item.csv,
I_stage/boundary_item.csv,BoundaryItem,metadata,string,False,0..1,dimensionless,,,blank allowed unless required,Schema field metadata in I_stage/boundary_item.csv,"{""data_nature"":""SYNTHETIC_NUMERICAL_CONSISTENCY_CASE"",""engineering_claim_allowed"":false,""schema_version"":""V2.5"",""schema_revision"":""MULTI_PART_SERIAL_PARALLEL_2026-07""}"
I_stage/connection_lock_history.csv,ConnectionLockHistory,lock_history_id,string,False,0..1,dimensionless,,object identifier or foreign key per schema,blank allowed unless required,Schema field lock_history_id in I_stage/connection_lock_history.csv,LOCK_HIST_MULTIPART
I_stage/connection_lock_history.csv,ConnectionLockHistory,sample_id,string,False,0..1,dimensionless,,object identifier or foreign key per schema,blank allowed unless required,Schema field sample_id in I_stage/connection_lock_history.csv,SAMPLE_001
I_stage/connection_lock_history.csv,ConnectionLockHistory,join_stage_id,string,False,0..1,dimensionless,,object identifier or foreign key per schema,blank allowed unless required,Schema field join_stage_id in I_stage/connection_lock_history.csv,S_JOIN_03
I_stage/connection_lock_history.csv,ConnectionLockHistory,joint_ids,string,False,0..1,dimensionless,,,blank allowed unless required,Schema field joint_ids in I_stage/connection_lock_history.csv,JNT_AB;JNT_BC;JNT_AD;JNT_DB
I_stage/connection_lock_history.csv,ConnectionLockHistory,locked_reference_dofs,string,False,0..1,dimensionless,,,blank allowed unless required,Schema field locked_reference_dofs in I_stage/connection_lock_history.csv,"[0,1,2,3,4,5,6,7,8,9,10,11]"
I_stage/connection_lock_history.csv,ConnectionLockHistory,locked_reference_values,string,False,0..1,dimensionless,,,blank allowed unless required,Schema field locked_reference_values in I_stage/connection_lock_history.csv,"[0.0,0.0,0.0124689102,0.0,0.0083611592,0.004246172,0.0,0.0140685211,0.0071175738,0.0,0.0004571547,0.0125399708]"
I_stage/connection_lock_history.csv,ConnectionLockHistory,preload_actual,string,False,0..1,dimensionless,,,blank allowed unless required,Schema field preload_actual in I_stage/connection_lock_history.csv,"{""JNT_AB"":15.0,""JNT_BC"":15.0,""JNT_AD"":15.0,""JNT_DB"":15.0}"
I_stage/connection_lock_history.csv,ConnectionLockHistory,joint_stiffness,string,False,0..1,dimensionless,,,blank allowed unless required,Schema field joint_stiffness in I_stage/connection_lock_history.csv,"{""JNT_AB"":5000.0,""JNT_BC"":5000.0,""JNT_AD"":5000.0,""JNT_DB"":5000.0}"
I_stage/connection_lock_history.csv,ConnectionLockHistory,locked_contact_mode_id,string,False,0..1,dimensionless,,object identifier or foreign key per schema,blank allowed unless required,Schema field locked_contact_mode_id in I_stage/connection_lock_history.csv,MODE_JOIN_03
I_stage/connection_lock_history.csv,ConnectionLockHistory,slip_history_ids_optional,string,False,0..1,dimensionless,,,blank allowed unless required,Schema field slip_history_ids_optional in I_stage/connection_lock_history.csv,
I_stage/connection_lock_history.csv,ConnectionLockHistory,source_ids,string,False,0..1,dimensionless,,,blank allowed unless required,Schema field source_ids in I_stage/connection_lock_history.csv,LOAD_PRELOAD_G_AB;LOAD_PRELOAD_G_BC;LOAD_PRELOAD_G_AD;LOAD_PRELOAD_G_DB
I_stage/connection_lock_history.csv,ConnectionLockHistory,covariance_optional,string,False,0..1,dimensionless,,,blank allowed unless required,Schema field covariance_optional in I_stage/connection_lock_history.csv,
I_stage/connection_lock_history.csv,ConnectionLockHistory,metadata,string,False,0..1,dimensionless,,,blank allowed unless required,Schema field metadata in I_stage/connection_lock_history.csv,"{""data_nature"":""SYNTHETIC_NUMERICAL_CONSISTENCY_CASE"",""engineering_claim_allowed"":false,""schema_version"":""V2.5"",""schema_revision"":""MULTI_PART_SERIAL_PARALLEL_2026-07""}"
I_stage/interface_stage_state.csv,InterfaceStageState,interface_stage_state_id,string,False,0..1,dimensionless,,object identifier or foreign key per schema,blank allowed unless required,Schema field interface_stage_state_id in I_stage/interface_stage_state.csv,IF_STATE_1_LOCATE_01
I_stage/interface_stage_state.csv,InterfaceStageState,sample_id,string,False,0..1,dimensionless,,object identifier or foreign key per schema,blank allowed unless required,Schema field sample_id in I_stage/interface_stage_state.csv,SAMPLE_001
I_stage/interface_stage_state.csv,InterfaceStageState,stage_id,string,False,0..1,dimensionless,,object identifier or foreign key per schema,blank allowed unless required,Schema field stage_id in I_stage/interface_stage_state.csv,S_LOCATE_01
I_stage/interface_stage_state.csv,InterfaceStageState,subassembly_id,string,False,0..1,dimensionless,,object identifier or foreign key per schema,blank allowed unless required,Schema field subassembly_id in I_stage/interface_stage_state.csv,ASM_ABCD
I_stage/interface_stage_state.csv,InterfaceStageState,interface_id,string,False,0..1,dimensionless,,object identifier or foreign key per schema,blank allowed unless required,Schema field interface_id in I_stage/interface_stage_state.csv,G_AB
I_stage/interface_stage_state.csv,InterfaceStageState,contact_domain_id,string,False,0..1,dimensionless,,object identifier or foreign key per schema,blank allowed unless required,Schema field contact_domain_id in I_stage/interface_stage_state.csv,CD_AB
I_stage/interface_stage_state.csv,InterfaceStageState,parent_interface_state_id_optional,string,False,0..1,dimensionless,,,blank allowed unless required,Schema field parent_interface_state_id_optional in I_stage/interface_stage_state.csv,IF_STATE_1_LOCATE_01
I_stage/interface_stage_state.csv,InterfaceStageState,vector_layout_id,string,False,0..1,dimensionless,,object identifier or foreign key per schema,blank allowed unless required,Schema field vector_layout_id in I_stage/interface_stage_state.csv,VL_CONTACT_ALL_12
I_stage/interface_stage_state.csv,InterfaceStageState,gap_g,string,False,0..1,dimensionless,,,blank allowed unless required,Schema field gap_g in I_stage/interface_stage_state.csv,"[0.08,0.04,0.06]"
I_stage/interface_stage_state.csv,InterfaceStageState,lambda_n,string,False,0..1,dimensionless,,,blank allowed unless required,Schema field lambda_n in I_stage/interface_stage_state.csv,"[0.0,0.0,0.0]"
I_stage/interface_stage_state.csv,InterfaceStageState,pressure_p_n,string,False,0..1,dimensionless,,,blank allowed unless required,Schema field pressure_p_n in I_stage/interface_stage_state.csv,"[0.0,0.0,0.0]"
I_stage/interface_stage_state.csv,InterfaceStageState,local_compression_w_n,string,False,0..1,dimensionless,,,blank allowed unless required,Schema field local_compression_w_n in I_stage/interface_stage_state.csv,"[0.0,0.0,0.0]"
I_stage/interface_stage_state.csv,InterfaceStageState,contact_mode_local_indices,string,False,0..1,dimensionless,,,blank allowed unless required,Schema field contact_mode_local_indices in I_stage/interface_stage_state.csv,[]
I_stage/interface_stage_state.csv,InterfaceStageState,joint_lock_history_id_optional,string,False,0..1,dimensionless,,,blank allowed unless required,Schema field joint_lock_history_id_optional in I_stage/interface_stage_state.csv,LOCK_HIST_MULTIPART
I_stage/interface_stage_state.csv,InterfaceStageState,reference_state_id,string,False,0..1,dimensionless,,object identifier or foreign key per schema,blank allowed unless required,Schema field reference_state_id in I_stage/interface_stage_state.csv,REF_NOMINAL
I_stage/interface_stage_state.csv,InterfaceStageState,quality_flag,string,False,0..1,dimensionless,,,blank allowed unless required,Schema field quality_flag in I_stage/interface_stage_state.csv,PASS
I_stage/interface_stage_state.csv,InterfaceStageState,metadata,string,False,0..1,dimensionless,,,blank allowed unless required,Schema field metadata in I_stage/interface_stage_state.csv,"{""data_nature"":""SYNTHETIC_NUMERICAL_CONSISTENCY_CASE"",""engineering_claim_allowed"":false,""schema_version"":""V2.5"",""schema_revision"":""MULTI_PART_SERIAL_PARALLEL_2026-07""}"
I_stage/load_item.csv,LoadItem,load_id,string,False,0..1,dimensionless,,object identifier or foreign key per schema,blank allowed unless required,Schema field load_id in I_stage/load_item.csv,LOAD_GRAVITY_ALL
I_stage/load_item.csv,LoadItem,load_type,string,False,0..1,dimensionless,,,blank allowed unless required,Schema field load_type in I_stage/load_item.csv,GRAVITY_EQUIVALENT
I_stage/load_item.csv,LoadItem,target_object_id,string,False,0..1,dimensionless,,object identifier or foreign key per schema,blank allowed unless required,Schema field target_object_id in I_stage/load_item.csv,ASM_ABCD
I_stage/load_item.csv,LoadItem,direction,string,False,0..1,dimensionless,,,blank allowed unless required,Schema field direction in I_stage/load_item.csv,"[0,0,-1]"
I_stage/load_item.csv,LoadItem,magnitude,number,False,0..1,dimensionless,,,blank allowed unless required,Schema field magnitude in I_stage/load_item.csv,1.0
I_stage/load_item.csv,LoadItem,load_curve_optional,string,False,0..1,dimensionless,,,blank allowed unless required,Schema field load_curve_optional in I_stage/load_item.csv,RAMP_CLAMP
I_stage/load_item.csv,LoadItem,distributed_area_optional,number,False,0..1,dimensionless,,,blank allowed unless required,Schema field distributed_area_optional in I_stage/load_item.csv,3000.0
I_stage/load_item.csv,LoadItem,stage_activation,string,False,0..1,dimensionless,,,blank allowed unless required,Schema field stage_activation in I_stage/load_item.csv,S_LOCATE_01;S_CLAMP_02;S_JOIN_03;S_RELEASE_04
I_stage/load_item.csv,LoadItem,uncertainty_model_id_optional,string,False,0..1,dimensionless,,,blank allowed unless required,Schema field uncertainty_model_id_optional in I_stage/load_item.csv,UNC_GRAVITY
I_stage/load_item.csv,LoadItem,measured_value_id_optional,string,False,0..1,dimensionless,,,blank allowed unless required,Schema field measured_value_id_optional in I_stage/load_item.csv,
I_stage/load_item.csv,LoadItem,metadata,string,False,0..1,dimensionless,,,blank allowed unless required,Schema field metadata in I_stage/load_item.csv,"{""data_nature"":""SYNTHETIC_NUMERICAL_CONSISTENCY_CASE"",""engineering_claim_allowed"":false,""schema_version"":""V2.5"",""schema_revision"":""MULTI_PART_SERIAL_PARALLEL_2026-07""}"
I_stage/locator_compliance.csv,LocatorCompliance,compliance_id,string,False,0..1,dimensionless,,object identifier or foreign key per schema,blank allowed unless required,Schema field compliance_id in I_stage/locator_compliance.csv,
I_stage/locator_compliance.csv,LocatorCompliance,locator_element_id,string,False,0..1,dimensionless,,object identifier or foreign key per schema,blank allowed unless required,Schema field locator_element_id in I_stage/locator_compliance.csv,
I_stage/locator_compliance.csv,LocatorCompliance,stiffness_or_compliance_type,string,False,0..1,dimensionless,,,blank allowed unless required,Schema field stiffness_or_compliance_type in I_stage/locator_compliance.csv,
I_stage/locator_compliance.csv,LocatorCompliance,normal_compliance_Cn,string,False,0..1,dimensionless,,,blank allowed unless required,Schema field normal_compliance_Cn in I_stage/locator_compliance.csv,
I_stage/locator_compliance.csv,LocatorCompliance,tangential_compliance_Ct_optional,string,False,0..1,dimensionless,,,blank allowed unless required,Schema field tangential_compliance_Ct_optional in I_stage/locator_compliance.csv,
I_stage/locator_compliance.csv,LocatorCompliance,covariance_optional,string,False,0..1,dimensionless,,,blank allowed unless required,Schema field covariance_optional in I_stage/locator_compliance.csv,
I_stage/locator_compliance.csv,LocatorCompliance,validity_domain_id,string,False,0..1,dimensionless,,object identifier or foreign key per schema,blank allowed unless required,Schema field validity_domain_id in I_stage/locator_compliance.csv,
I_stage/locator_compliance.csv,LocatorCompliance,source_calibration_ids,string,False,0..1,dimensionless,,,blank allowed unless required,Schema field source_calibration_ids in I_stage/locator_compliance.csv,
I_stage/locator_compliance.csv,LocatorCompliance,quality_flag,string,False,0..1,dimensionless,,,blank allowed unless required,Schema field quality_flag in I_stage/locator_compliance.csv,
I_stage/locator_compliance.csv,LocatorCompliance,metadata,string,False,0..1,dimensionless,,,blank allowed unless required,Schema field metadata in I_stage/locator_compliance.csv,
I_stage/locator_element.csv,LocatorElement,locator_element_id,string,False,0..1,dimensionless,,object identifier or foreign key per schema,blank allowed unless required,Schema field locator_element_id in I_stage/locator_element.csv,
I_stage/locator_element.csv,LocatorElement,locator_group_id,string,False,0..1,dimensionless,,object identifier or foreign key per schema,blank allowed unless required,Schema field locator_group_id in I_stage/locator_element.csv,
I_stage/locator_element.csv,LocatorElement,element_type,string,False,0..1,dimensionless,,,blank allowed unless required,Schema field element_type in I_stage/locator_element.csv,
I_stage/locator_element.csv,LocatorElement,target_object_id,string,False,0..1,dimensionless,,object identifier or foreign key per schema,blank allowed unless required,Schema field target_object_id in I_stage/locator_element.csv,
I_stage/locator_element.csv,LocatorElement,location,string,False,0..1,dimensionless,,,blank allowed unless required,Schema field location in I_stage/locator_element.csv,
I_stage/locator_element.csv,LocatorElement,normal_n,string,False,0..1,dimensionless,,,blank allowed unless required,Schema field normal_n in I_stage/locator_element.csv,
I_stage/locator_element.csv,LocatorElement,tangent_basis_T,string,False,0..1,dimensionless,,,blank allowed unless required,Schema field tangent_basis_T in I_stage/locator_element.csv,
I_stage/locator_element.csv,LocatorElement,area_weight,string,False,0..1,dimensionless,,,blank allowed unless required,Schema field area_weight in I_stage/locator_element.csv,
I_stage/locator_element.csv,LocatorElement,unilateral_or_bilateral,string,False,0..1,dimensionless,,,blank allowed unless required,Schema field unilateral_or_bilateral in I_stage/locator_element.csv,
I_stage/locator_element.csv,LocatorElement,initial_clearance_g0,string,False,0..1,dimensionless,,,blank allowed unless required,Schema field initial_clearance_g0 in I_stage/locator_element.csv,
I_stage/locator_element.csv,LocatorElement,command_displacement,string,False,0..1,dimensionless,,,blank allowed unless required,Schema field command_displacement in I_stage/locator_element.csv,
I_stage/locator_element.csv,LocatorElement,preload_optional,string,False,0..1,dimensionless,,,blank allowed unless required,Schema field preload_optional in I_stage/locator_element.csv,
I_stage/locator_element.csv,LocatorElement,active_stage_ids,string,False,0..1,dimensionless,,,blank allowed unless required,Schema field active_stage_ids in I_stage/locator_element.csv,
I_stage/locator_element.csv,LocatorElement,source_ids,string,False,0..1,dimensionless,,,blank allowed unless required,Schema field source_ids in I_stage/locator_element.csv,
I_stage/locator_element.csv,LocatorElement,metadata,string,False,0..1,dimensionless,,,blank allowed unless required,Schema field metadata in I_stage/locator_element.csv,
I_stage/overconstraint_locator_group.csv,OverconstraintLocatorGroup,locator_group_id,string,False,0..1,dimensionless,,object identifier or foreign key per schema,blank allowed unless required,Schema field locator_group_id in I_stage/overconstraint_locator_group.csv,
I_stage/overconstraint_locator_group.csv,OverconstraintLocatorGroup,stage_ids,string,False,0..1,dimensionless,,,blank allowed unless required,Schema field stage_ids in I_stage/overconstraint_locator_group.csv,
I_stage/overconstraint_locator_group.csv,OverconstraintLocatorGroup,locator_element_ids,string,False,0..1,dimensionless,,,blank allowed unless required,Schema field locator_element_ids in I_stage/overconstraint_locator_group.csv,
I_stage/overconstraint_locator_group.csv,OverconstraintLocatorGroup,group_type,string,False,0..1,dimensionless,,,blank allowed unless required,Schema field group_type in I_stage/overconstraint_locator_group.csv,
I_stage/overconstraint_locator_group.csv,OverconstraintLocatorGroup,activation_rule,string,False,0..1,dimensionless,,,blank allowed unless required,Schema field activation_rule in I_stage/overconstraint_locator_group.csv,
I_stage/overconstraint_locator_group.csv,OverconstraintLocatorGroup,reference_state_id,string,False,0..1,dimensionless,,object identifier or foreign key per schema,blank allowed unless required,Schema field reference_state_id in I_stage/overconstraint_locator_group.csv,
I_stage/overconstraint_locator_group.csv,OverconstraintLocatorGroup,uncertainty_model_id,string,False,0..1,dimensionless,,object identifier or foreign key per schema,blank allowed unless required,Schema field uncertainty_model_id in I_stage/overconstraint_locator_group.csv,
I_stage/overconstraint_locator_group.csv,OverconstraintLocatorGroup,quality_flag,string,False,0..1,dimensionless,,,blank allowed unless required,Schema field quality_flag in I_stage/overconstraint_locator_group.csv,
I_stage/overconstraint_locator_group.csv,OverconstraintLocatorGroup,metadata,string,False,0..1,dimensionless,,,blank allowed unless required,Schema field metadata in I_stage/overconstraint_locator_group.csv,
I_stage/part_stage_state.csv,PartStageState,part_stage_state_id,string,False,0..1,dimensionless,,object identifier or foreign key per schema,blank allowed unless required,Schema field part_stage_state_id in I_stage/part_stage_state.csv,PART_STATE_PANEL_LOCATE_01
I_stage/part_stage_state.csv,PartStageState,sample_id,string,False,0..1,dimensionless,,object identifier or foreign key per schema,blank allowed unless required,Schema field sample_id in I_stage/part_stage_state.csv,SAMPLE_001
I_stage/part_stage_state.csv,PartStageState,stage_id,string,False,0..1,dimensionless,,object identifier or foreign key per schema,blank allowed unless required,Schema field stage_id in I_stage/part_stage_state.csv,S_LOCATE_01
I_stage/part_stage_state.csv,PartStageState,subassembly_id,string,False,0..1,dimensionless,,object identifier or foreign key per schema,blank allowed unless required,Schema field subassembly_id in I_stage/part_stage_state.csv,ASM_ABCD
I_stage/part_stage_state.csv,PartStageState,part_id,string,False,0..1,dimensionless,,object identifier or foreign key per schema,blank allowed unless required,Schema field part_id in I_stage/part_stage_state.csv,P_A
I_stage/part_stage_state.csv,PartStageState,parent_part_state_id_optional,string,False,0..1,dimensionless,,,blank allowed unless required,Schema field parent_part_state_id_optional in I_stage/part_stage_state.csv,PART_STATE_PANEL_LOCATE_01
I_stage/part_stage_state.csv,PartStageState,pose_state,string,False,0..1,dimensionless,,,blank allowed unless required,Schema field pose_state in I_stage/part_stage_state.csv,"[0.0,0.0,0.0,0.0,0.0,0.0]"
I_stage/part_stage_state.csv,PartStageState,structural_displacement_vector_id,string,False,0..1,dimensionless,,object identifier or foreign key per schema,blank allowed unless required,Schema field structural_displacement_vector_id in I_stage/part_stage_state.csv,U_PART_PANEL_LOCATE_01
I_stage/part_stage_state.csv,PartStageState,reference_state_id,string,False,0..1,dimensionless,,object identifier or foreign key per schema,blank allowed unless required,Schema field reference_state_id in I_stage/part_stage_state.csv,REF_NOMINAL
I_stage/part_stage_state.csv,PartStageState,absolute_or_increment,string,False,0..1,dimensionless,,,blank allowed unless required,Schema field absolute_or_increment in I_stage/part_stage_state.csv,absolute
I_stage/part_stage_state.csv,PartStageState,covariance_id_optional,string,False,0..1,dimensionless,,,blank allowed unless required,Schema field covariance_id_optional in I_stage/part_stage_state.csv,
I_stage/part_stage_state.csv,PartStageState,quality_flag,string,False,0..1,dimensionless,,,blank allowed unless required,Schema field quality_flag in I_stage/part_stage_state.csv,PASS
I_stage/part_stage_state.csv,PartStageState,metadata,string,False,0..1,dimensionless,,,blank allowed unless required,Schema field metadata in I_stage/part_stage_state.csv,"{""data_nature"":""SYNTHETIC_NUMERICAL_CONSISTENCY_CASE"",""engineering_claim_allowed"":false,""schema_version"":""V2.5"",""schema_revision"":""MULTI_PART_SERIAL_PARALLEL_2026-07""}"
I_stage/reduced_force_vector.csv,ReducedForceVector,reduced_force_vector_id,string,False,0..1,dimensionless,,object identifier or foreign key per schema,blank allowed unless required,Schema field reduced_force_vector_id in I_stage/reduced_force_vector.csv,RFV_S_LOCATE_01
I_stage/reduced_force_vector.csv,ReducedForceVector,stage_id,string,False,0..1,dimensionless,,object identifier or foreign key per schema,blank allowed unless required,Schema field stage_id in I_stage/reduced_force_vector.csv,S_LOCATE_01
I_stage/reduced_force_vector.csv,ReducedForceVector,source_load_item_ids,string,False,0..1,dimensionless,,,blank allowed unless required,Schema field source_load_item_ids in I_stage/reduced_force_vector.csv,LOAD_GRAVITY_ALL
I_stage/reduced_force_vector.csv,ReducedForceVector,gravity_component,string,False,0..1,dimensionless,,,blank allowed unless required,Schema field gravity_component in I_stage/reduced_force_vector.csv,"[0.0,0.0,0.0,0.0,0.0,0.0,0.0,0.0,0.0,0.0,0.0,0.0]"
I_stage/reduced_force_vector.csv,ReducedForceVector,clamp_component,string,False,0..1,dimensionless,,,blank allowed unless required,Schema field clamp_component in I_stage/reduced_force_vector.csv,"[0.0,0.0,0.0,0.0,0.0,0.0,0.0,0.0,0.0,0.0,0.0,0.0]"
I_stage/reduced_force_vector.csv,ReducedForceVector,preload_component,string,False,0..1,dimensionless,,,blank allowed unless required,Schema field preload_component in I_stage/reduced_force_vector.csv,"[0.0,0.0,0.0,0.0,0.0,0.0,0.0,0.0,0.0,0.0,0.0,0.0]"
I_stage/reduced_force_vector.csv,ReducedForceVector,prescribed_displacement_equivalent_component_optional,string,False,0..1,dimensionless,,,blank allowed unless required,Schema field prescribed_displacement_equivalent_component_optional in I_stage/reduced_force_vector.csv,"[0.0,0.0,0.0,0.0,0.0,0.0,0.0,0.0,0.0,0.0,0.0,0.0]"
I_stage/reduced_force_vector.csv,ReducedForceVector,force_covariance_optional,string,False,0..1,dimensionless,,,blank allowed unless required,Schema field force_covariance_optional in I_stage/reduced_force_vector.csv,
I_stage/reduced_force_vector.csv,ReducedForceVector,unit,string,False,0..1,dimensionless,,,blank allowed unless required,Schema field unit in I_stage/reduced_force_vector.csv,N_equivalent_and_mm_command_by_component
I_stage/reduced_force_vector.csv,ReducedForceVector,metadata,string,False,0..1,dimensionless,,,blank allowed unless required,Schema field metadata in I_stage/reduced_force_vector.csv,"{""data_nature"":""SYNTHETIC_NUMERICAL_CONSISTENCY_CASE"",""engineering_claim_allowed"":false,""schema_version"":""V2.5"",""schema_revision"":""MULTI_PART_SERIAL_PARALLEL_2026-07""}"
I_stage/release_history_record.csv,ReleaseHistoryRecord,release_history_id,string,False,0..1,dimensionless,,object identifier or foreign key per schema,blank allowed unless required,Schema field release_history_id in I_stage/release_history_record.csv,REL_HIST_MULTIPART
I_stage/release_history_record.csv,ReleaseHistoryRecord,sample_id,string,False,0..1,dimensionless,,object identifier or foreign key per schema,blank allowed unless required,Schema field sample_id in I_stage/release_history_record.csv,SAMPLE_001
I_stage/release_history_record.csv,ReleaseHistoryRecord,release_stage_id,string,False,0..1,dimensionless,,object identifier or foreign key per schema,blank allowed unless required,Schema field release_stage_id in I_stage/release_history_record.csv,S_RELEASE_04
I_stage/release_history_record.csv,ReleaseHistoryRecord,lock_history_id,string,False,0..1,dimensionless,,object identifier or foreign key per schema,blank allowed unless required,Schema field lock_history_id in I_stage/release_history_record.csv,LOCK_HIST_MULTIPART
I_stage/release_history_record.csv,ReleaseHistoryRecord,removed_boundary_ids,string,False,0..1,dimensionless,,,blank allowed unless required,Schema field removed_boundary_ids in I_stage/release_history_record.csv,BND_PANEL_BASE;BND_RIB_PIN;BND_SPAR_SUPPORT;BND_BRACKET_PIN
I_stage/release_history_record.csv,ReleaseHistoryRecord,removed_load_ids,string,False,0..*,dimensionless,semicolon-separated IDs,,empty list,Schema field removed_load_ids in I_stage/release_history_record.csv,LOAD_CLAMP_G_AB;LOAD_CLAMP_G_BC;LOAD_CLAMP_G_AD;LOAD_CLAMP_G_DB
I_stage/release_history_record.csv,ReleaseHistoryRecord,retained_joint_ids,string,False,0..1,dimensionless,,,blank allowed unless required,Schema field retained_joint_ids in I_stage/release_history_record.csv,JNT_AB;JNT_BC;JNT_AD;JNT_DB
I_stage/release_history_record.csv,ReleaseHistoryRecord,residual_force_before_release,string,False,0..1,dimensionless,,,blank allowed unless required,Schema field residual_force_before_release in I_stage/release_history_record.csv,"[26.8629608771,12.7567895036,0.0,19.9307382657,0.0,0.0,18.2611652074,0.0,0.0,21.5149534596,0.0,0.0]"
I_stage/release_history_record.csv,ReleaseHistoryRecord,rebound_displacement,string,False,0..1,dimensionless,,,blank allowed unless required,Schema field rebound_displacement in I_stage/release_history_record.csv,"[0.0,0.0034898384,0.0029889227,0.0,0.0027588912,0.0038408576,0.0,0.0046289429,0.004595893,0.0,0.0044034739,0.004338691]"
I_stage/release_history_record.csv,ReleaseHistoryRecord,release_increment_id,string,False,0..1,dimensionless,,object identifier or foreign key per schema,blank allowed unless required,Schema field release_increment_id in I_stage/release_history_record.csv,STAGE_INC_S_RELEASE_04
I_stage/release_history_record.csv,ReleaseHistoryRecord,kcp_contribution_ids,string,False,0..1,dimensionless,,,blank allowed unless required,Schema field kcp_contribution_ids in I_stage/release_history_record.csv,CONTR_RELEASE_REBOUND
I_stage/release_history_record.csv,ReleaseHistoryRecord,quality_flag,string,False,0..1,dimensionless,,,blank allowed unless required,Schema field quality_flag in I_stage/release_history_record.csv,PASS
I_stage/release_history_record.csv,ReleaseHistoryRecord,metadata,string,False,0..1,dimensionless,,,blank allowed unless required,Schema field metadata in I_stage/release_history_record.csv,"{""data_nature"":""SYNTHETIC_NUMERICAL_CONSISTENCY_CASE"",""engineering_claim_allowed"":false,""schema_version"":""V2.5"",""schema_revision"":""MULTI_PART_SERIAL_PARALLEL_2026-07""}"
I_stage/stage_increment.csv,StageIncrement,stage_increment_id,string,False,0..1,dimensionless,,object identifier or foreign key per schema,blank allowed unless required,Schema field stage_increment_id in I_stage/stage_increment.csv,STAGE_INC_S_LOCATE_01
I_stage/stage_increment.csv,StageIncrement,sample_id,string,False,0..1,dimensionless,,object identifier or foreign key per schema,blank allowed unless required,Schema field sample_id in I_stage/stage_increment.csv,SAMPLE_001
I_stage/stage_increment.csv,StageIncrement,stage_id,string,False,0..1,dimensionless,,object identifier or foreign key per schema,blank allowed unless required,Schema field stage_id in I_stage/stage_increment.csv,S_LOCATE_01
I_stage/stage_increment.csv,StageIncrement,from_reference_state_id,string,False,0..1,dimensionless,,object identifier or foreign key per schema,blank allowed unless required,Schema field from_reference_state_id in I_stage/stage_increment.csv,REF_NOMINAL
I_stage/stage_increment.csv,StageIncrement,to_reference_state_id,string,False,0..1,dimensionless,,object identifier or foreign key per schema,blank allowed unless required,Schema field to_reference_state_id in I_stage/stage_increment.csv,REF_NOMINAL
I_stage/stage_increment.csv,StageIncrement,source_state_id,string,False,0..1,dimensionless,,object identifier or foreign key per schema,blank allowed unless required,Schema field source_state_id in I_stage/stage_increment.csv,STAGE_STATE_S_LOCATE_01
I_stage/stage_increment.csv,StageIncrement,target_state_id,string,False,0..1,dimensionless,,object identifier or foreign key per schema,blank allowed unless required,Schema field target_state_id in I_stage/stage_increment.csv,STAGE_STATE_S_LOCATE_01
I_stage/stage_increment.csv,StageIncrement,increment_vector,string,False,0..1,dimensionless,,,blank allowed unless required,Schema field increment_vector in I_stage/stage_increment.csv,"[0.0,0.0,0.0,0.0,0.0,0.0,0.0,0.0,0.0,0.0,0.0,0.0]"
I_stage/stage_increment.csv,StageIncrement,increment_components,string,False,0..1,dimensionless,,,blank allowed unless required,Schema field increment_components in I_stage/stage_increment.csv,"{""G_AB"":[0.0,0.0,0.0],""G_BC"":[0.0,0.0,0.0],""G_AD"":[0.0,0.0,0.0],""G_DB"":[0.0,0.0,0.0]}"
I_stage/stage_increment.csv,StageIncrement,increment_definition_id,string,False,0..1,dimensionless,,object identifier or foreign key per schema,blank allowed unless required,Schema field increment_definition_id in I_stage/stage_increment.csv,INC_STAGE_CONTACT_LAYOUT_12
I_stage/stage_increment.csv,StageIncrement,deformation_source_ids,string,False,0..1,dimensionless,,,blank allowed unless required,Schema field deformation_source_ids in I_stage/stage_increment.csv,SRC_S_LOCATE_01
I_stage/stage_increment.csv,StageIncrement,covariance_optional,string,False,0..1,dimensionless,,,blank allowed unless required,Schema field covariance_optional in I_stage/stage_increment.csv,
I_stage/stage_increment.csv,StageIncrement,consumed_by_ids,string,False,0..1,dimensionless,,,blank allowed unless required,Schema field consumed_by_ids in I_stage/stage_increment.csv,PRED_MULTIPART
I_stage/stage_increment.csv,StageIncrement,quality_flag,string,False,0..1,dimensionless,,,blank allowed unless required,Schema field quality_flag in I_stage/stage_increment.csv,PASS
I_stage/stage_increment.csv,StageIncrement,metadata,string,False,0..1,dimensionless,,,blank allowed unless required,Schema field metadata in I_stage/stage_increment.csv,"{""data_nature"":""SYNTHETIC_NUMERICAL_CONSISTENCY_CASE"",""engineering_claim_allowed"":false,""schema_version"":""V2.5"",""schema_revision"":""MULTI_PART_SERIAL_PARALLEL_2026-07""}"
I_stage/stage_input.csv,StageInput,stage_input_id,string,False,0..1,dimensionless,,object identifier or foreign key per schema,blank allowed unless required,Schema field stage_input_id in I_stage/stage_input.csv,STAGE_INPUT_S_LOCATE_01
I_stage/stage_input.csv,StageInput,stage_id,string,False,0..1,dimensionless,,object identifier or foreign key per schema,blank allowed unless required,Schema field stage_id in I_stage/stage_input.csv,S_LOCATE_01
I_stage/stage_input.csv,StageInput,boundary_item_ids,string,False,0..1,dimensionless,,,blank allowed unless required,Schema field boundary_item_ids in I_stage/stage_input.csv,BND_PANEL_BASE;BND_RIB_PIN;BND_SPAR_SUPPORT;BND_BRACKET_PIN
I_stage/stage_input.csv,StageInput,load_item_ids,string,False,0..1,dimensionless,,,blank allowed unless required,Schema field load_item_ids in I_stage/stage_input.csv,LOAD_GRAVITY_ALL
I_stage/stage_input.csv,StageInput,active_joint_ids,string,False,0..1,dimensionless,,,blank allowed unless required,Schema field active_joint_ids in I_stage/stage_input.csv,JNT_AB;JNT_BC;JNT_AD;JNT_DB
I_stage/stage_input.csv,StageInput,constraint_activation_vector,string,False,0..1,dimensionless,,,blank allowed unless required,Schema field constraint_activation_vector in I_stage/stage_input.csv,"[1,1,1,1]"
I_stage/stage_input.csv,StageInput,load_activation_vector,string,False,0..1,dimensionless,,,blank allowed unless required,Schema field load_activation_vector in I_stage/stage_input.csv,[1]
I_stage/stage_input.csv,StageInput,joint_activation_vector,string,False,0..1,dimensionless,,,blank allowed unless required,Schema field joint_activation_vector in I_stage/stage_input.csv,"[0,0,0,0]"
I_stage/stage_input.csv,StageInput,reduced_stiffness_id,string,False,0..1,dimensionless,,object identifier or foreign key per schema,blank allowed unless required,Schema field reduced_stiffness_id in I_stage/stage_input.csv,K_GAMMA_LOCATE_01
I_stage/stage_input.csv,StageInput,reduced_force_vector_id,string,False,0..1,dimensionless,,object identifier or foreign key per schema,blank allowed unless required,Schema field reduced_force_vector_id in I_stage/stage_input.csv,RFV_S_LOCATE_01
I_stage/stage_input.csv,StageInput,inherited_state_id,string,False,0..1,dimensionless,,object identifier or foreign key per schema,blank allowed unless required,Schema field inherited_state_id in I_stage/stage_input.csv,STAGE_STATE_S_LOCATE_01
I_stage/stage_input.csv,StageInput,expected_measurement_set_ids,string,False,0..1,dimensionless,,,blank allowed unless required,Schema field expected_measurement_set_ids in I_stage/stage_input.csv,
I_stage/stage_input.csv,StageInput,reference_state_id,string,False,0..1,dimensionless,,object identifier or foreign key per schema,blank allowed unless required,Schema field reference_state_id in I_stage/stage_input.csv,REF_NOMINAL
I_stage/stage_input.csv,StageInput,metadata,string,False,0..1,dimensionless,,,blank allowed unless required,Schema field metadata in I_stage/stage_input.csv,"{""data_nature"":""SYNTHETIC_NUMERICAL_CONSISTENCY_CASE"",""engineering_claim_allowed"":false,""schema_version"":""V2.5"",""schema_revision"":""MULTI_PART_SERIAL_PARALLEL_2026-07""}"
I_stage/stage_parameter_snapshot.csv,StageParameterSnapshot,stage_parameter_snapshot_id,string,False,0..1,dimensionless,,object identifier or foreign key per schema,blank allowed unless required,Schema field stage_parameter_snapshot_id in I_stage/stage_parameter_snapshot.csv,STAGE_PARAM_1_LOCATE_01
I_stage/stage_parameter_snapshot.csv,StageParameterSnapshot,stage_id,string,False,0..1,dimensionless,,object identifier or foreign key per schema,blank allowed unless required,Schema field stage_id in I_stage/stage_parameter_snapshot.csv,S_LOCATE_01
I_stage/stage_parameter_snapshot.csv,StageParameterSnapshot,interface_id_optional,string,False,0..1,dimensionless,,,blank allowed unless required,Schema field interface_id_optional in I_stage/stage_parameter_snapshot.csv,G_AB
I_stage/stage_parameter_snapshot.csv,StageParameterSnapshot,parameter_names,string,False,0..1,dimensionless,,,blank allowed unless required,Schema field parameter_names in I_stage/stage_parameter_snapshot.csv,Cn
I_stage/stage_parameter_snapshot.csv,StageParameterSnapshot,parameter_values,string,False,0..1,dimensionless,,,blank allowed unless required,Schema field parameter_values in I_stage/stage_parameter_snapshot.csv,"[0.00012,0.00012,0.00012]"
I_stage/stage_parameter_snapshot.csv,StageParameterSnapshot,covariance,string,False,0..1,dimensionless,,,blank allowed unless required,Schema field covariance in I_stage/stage_parameter_snapshot.csv,
I_stage/stage_parameter_snapshot.csv,StageParameterSnapshot,parameter_scope,string,False,0..1,dimensionless,,,blank allowed unless required,Schema field parameter_scope in I_stage/stage_parameter_snapshot.csv,INTERFACE_BLOCK
I_stage/stage_parameter_snapshot.csv,StageParameterSnapshot,persistence_policy,string,False,0..1,dimensionless,,,blank allowed unless required,Schema field persistence_policy in I_stage/stage_parameter_snapshot.csv,PERSIST_WITHIN_VALID_DOMAIN
I_stage/stage_parameter_snapshot.csv,StageParameterSnapshot,validity_domain_id,string,False,0..1,dimensionless,,object identifier or foreign key per schema,blank allowed unless required,Schema field validity_domain_id in I_stage/stage_parameter_snapshot.csv,VD_MULTIPART
I_stage/stage_parameter_snapshot.csv,StageParameterSnapshot,source_prior_or_update_ids,string,False,0..1,dimensionless,,,blank allowed unless required,Schema field source_prior_or_update_ids in I_stage/stage_parameter_snapshot.csv,IPAR_AB
I_stage/stage_parameter_snapshot.csv,StageParameterSnapshot,update_permission,string,False,0..1,dimensionless,,,blank allowed unless required,Schema field update_permission in I_stage/stage_parameter_snapshot.csv,FROZEN_SYNTHETIC_FIXTURE
I_stage/stage_parameter_snapshot.csv,StageParameterSnapshot,active_bounds,string,False,0..1,dimensionless,,,blank allowed unless required,Schema field active_bounds in I_stage/stage_parameter_snapshot.csv,"[0,inf]"
I_stage/stage_parameter_snapshot.csv,StageParameterSnapshot,quality_flag,string,False,0..1,dimensionless,,,blank allowed unless required,Schema field quality_flag in I_stage/stage_parameter_snapshot.csv,PASS
I_stage/stage_parameter_snapshot.csv,StageParameterSnapshot,metadata,string,False,0..1,dimensionless,,,blank allowed unless required,Schema field metadata in I_stage/stage_parameter_snapshot.csv,"{""data_nature"":""SYNTHETIC_NUMERICAL_CONSISTENCY_CASE"",""engineering_claim_allowed"":false,""schema_version"":""V2.5"",""schema_revision"":""MULTI_PART_SERIAL_PARALLEL_2026-07""}"
I_stage/stage_posterior_package.csv,StagePosteriorPackage,stage_posterior_package_id,string,False,0..1,dimensionless,,object identifier or foreign key per schema,blank allowed unless required,Schema field stage_posterior_package_id in I_stage/stage_posterior_package.csv,STAGE_PKG_S_LOCATE_01
I_stage/stage_posterior_package.csv,StagePosteriorPackage,sample_id,string,False,0..1,dimensionless,,object identifier or foreign key per schema,blank allowed unless required,Schema field sample_id in I_stage/stage_posterior_package.csv,SAMPLE_001
I_stage/stage_posterior_package.csv,StagePosteriorPackage,stage_id,string,False,0..1,dimensionless,,object identifier or foreign key per schema,blank allowed unless required,Schema field stage_id in I_stage/stage_posterior_package.csv,S_LOCATE_01
I_stage/stage_posterior_package.csv,StagePosteriorPackage,posterior_state_snapshot_id,string,False,0..1,dimensionless,,object identifier or foreign key per schema,blank allowed unless required,Schema field posterior_state_snapshot_id in I_stage/stage_posterior_package.csv,STAGE_STATE_S_LOCATE_01
I_stage/stage_posterior_package.csv,StagePosteriorPackage,posterior_parameter_snapshot_ids,string,False,0..1,dimensionless,,,blank allowed unless required,Schema field posterior_parameter_snapshot_ids in I_stage/stage_posterior_package.csv,STAGE_PARAM_1_LOCATE_01;STAGE_PARAM_2_LOCATE_01;STAGE_PARAM_3_LOCATE_01;STAGE_PARAM_4_LOCATE_01
I_stage/stage_posterior_package.csv,StagePosteriorPackage,stage_increment_id,string,False,0..1,dimensionless,,object identifier or foreign key per schema,blank allowed unless required,Schema field stage_increment_id in I_stage/stage_posterior_package.csv,STAGE_INC_S_LOCATE_01
I_stage/stage_posterior_package.csv,StagePosteriorPackage,transition_record_id,string,False,0..1,dimensionless,,object identifier or foreign key per schema,blank allowed unless required,Schema field transition_record_id in I_stage/stage_posterior_package.csv,TRANS_S_LOCATE_01_TO_S_CLAMP_02
I_stage/stage_posterior_package.csv,StagePosteriorPackage,locked_history_ids,string,False,0..1,dimensionless,,,blank allowed unless required,Schema field locked_history_ids in I_stage/stage_posterior_package.csv,LOCK_HIST_MULTIPART
I_stage/stage_posterior_package.csv,StagePosteriorPackage,source_ledger_id,string,False,0..1,dimensionless,,object identifier or foreign key per schema,blank allowed unless required,Schema field source_ledger_id in I_stage/stage_posterior_package.csv,LEDGER_MULTIPART
I_stage/stage_posterior_package.csv,StagePosteriorPackage,parent_package_id_optional,string,False,0..1,dimensionless,,,blank allowed unless required,Schema field parent_package_id_optional in I_stage/stage_posterior_package.csv,STAGE_PKG_S_LOCATE_01
I_stage/stage_posterior_package.csv,StagePosteriorPackage,package_hash,string,False,0..1,dimensionless,,,blank allowed unless required,Schema field package_hash in I_stage/stage_posterior_package.csv,550a1f5e3c050779ea38229c89e837019d3ead51814f93c0f52d37e974ffc93f
I_stage/stage_posterior_package.csv,StagePosteriorPackage,quality_flag,string,False,0..1,dimensionless,,,blank allowed unless required,Schema field quality_flag in I_stage/stage_posterior_package.csv,PASS
I_stage/stage_posterior_package.csv,StagePosteriorPackage,metadata,string,False,0..1,dimensionless,,,blank allowed unless required,Schema field metadata in I_stage/stage_posterior_package.csv,"{""data_nature"":""SYNTHETIC_NUMERICAL_CONSISTENCY_CASE"",""engineering_claim_allowed"":false,""schema_version"":""V2.5"",""schema_revision"":""MULTI_PART_SERIAL_PARALLEL_2026-07""}"
I_stage/stage_state_snapshot.csv,StageStateSnapshot,stage_state_snapshot_id,string,False,0..1,dimensionless,,object identifier or foreign key per schema,blank allowed unless required,Schema field stage_state_snapshot_id in I_stage/stage_state_snapshot.csv,STAGE_STATE_S_LOCATE_01
I_stage/stage_state_snapshot.csv,StageStateSnapshot,sample_id,string,False,0..1,dimensionless,,object identifier or foreign key per schema,blank allowed unless required,Schema field sample_id in I_stage/stage_state_snapshot.csv,SAMPLE_001
I_stage/stage_state_snapshot.csv,StageStateSnapshot,stage_id,string,False,0..1,dimensionless,,object identifier or foreign key per schema,blank allowed unless required,Schema field stage_id in I_stage/stage_state_snapshot.csv,S_LOCATE_01
I_stage/stage_state_snapshot.csv,StageStateSnapshot,state_role,string,False,0..1,dimensionless,,,blank allowed unless required,Schema field state_role in I_stage/stage_state_snapshot.csv,PREDICTED
I_stage/stage_state_snapshot.csv,StageStateSnapshot,reference_state_id,string,False,0..1,dimensionless,,object identifier or foreign key per schema,blank allowed unless required,Schema field reference_state_id in I_stage/stage_state_snapshot.csv,REF_NOMINAL
I_stage/stage_state_snapshot.csv,StageStateSnapshot,parent_stage_state_id_optional,string,False,0..1,dimensionless,,,blank allowed unless required,Schema field parent_stage_state_id_optional in I_stage/stage_state_snapshot.csv,STAGE_STATE_S_LOCATE_01
I_stage/stage_state_snapshot.csv,StageStateSnapshot,pose_state,string,False,0..1,dimensionless,,,blank allowed unless required,Schema field pose_state in I_stage/stage_state_snapshot.csv,"[0.0,0.0,0.0,0.0,0.0,0.0,0.0,0.0,0.0,0.0,0.0,0.0,0.0,0.0,0.0,0.0,0.0,0.0,0.0,0.0,0.0,0.0,0.0,0.0]"
I_stage/stage_state_snapshot.csv,StageStateSnapshot,interface_displacement,string,False,0..1,dimensionless,,,blank allowed unless required,Schema field interface_displacement in I_stage/stage_state_snapshot.csv,"[0.0,0.0,0.0,0.0,0.0,0.0,0.0,0.0,0.0,0.0,0.0,0.0]"
I_stage/stage_state_snapshot.csv,StageStateSnapshot,gap_g,string,False,0..1,dimensionless,,,blank allowed unless required,Schema field gap_g in I_stage/stage_state_snapshot.csv,"[0.08,0.04,0.06,0.05,0.03,0.04,0.1,0.07,0.09,0.09,0.06,0.08]"
I_stage/stage_state_snapshot.csv,StageStateSnapshot,lambda_n,string,False,0..1,dimensionless,,,blank allowed unless required,Schema field lambda_n in I_stage/stage_state_snapshot.csv,"[0.0,0.0,0.0,0.0,0.0,0.0,0.0,0.0,0.0,0.0,0.0,0.0]"
I_stage/stage_state_snapshot.csv,StageStateSnapshot,lambda_t_optional,string,False,0..1,dimensionless,,,blank allowed unless required,Schema field lambda_t_optional in I_stage/stage_state_snapshot.csv,[]
I_stage/stage_state_snapshot.csv,StageStateSnapshot,pressure_p_n,string,False,0..1,dimensionless,,,blank allowed unless required,Schema field pressure_p_n in I_stage/stage_state_snapshot.csv,"[0.0,0.0,0.0,0.0,0.0,0.0,0.0,0.0,0.0,0.0,0.0,0.0]"
I_stage/stage_state_snapshot.csv,StageStateSnapshot,local_compression_w_n,string,False,0..1,dimensionless,,,blank allowed unless required,Schema field local_compression_w_n in I_stage/stage_state_snapshot.csv,"[0.0,0.0,0.0,0.0,0.0,0.0,0.0,0.0,0.0,0.0,0.0,0.0]"
I_stage/stage_state_snapshot.csv,StageStateSnapshot,tangential_slip_d_t_optional,string,False,0..1,dimensionless,,,blank allowed unless required,Schema field tangential_slip_d_t_optional in I_stage/stage_state_snapshot.csv,[]
I_stage/stage_state_snapshot.csv,StageStateSnapshot,contact_mode_id,string,False,0..1,dimensionless,,object identifier or foreign key per schema,blank allowed unless required,Schema field contact_mode_id in I_stage/stage_state_snapshot.csv,MODE_LOCATE_01
I_stage/stage_state_snapshot.csv,StageStateSnapshot,joint_lock_state_optional,string,False,0..1,dimensionless,,,blank allowed unless required,Schema field joint_lock_state_optional in I_stage/stage_state_snapshot.csv,LOCK_HIST_MULTIPART
I_stage/stage_state_snapshot.csv,StageStateSnapshot,state_covariance_id_optional,string,False,0..1,dimensionless,,,blank allowed unless required,Schema field state_covariance_id_optional in I_stage/stage_state_snapshot.csv,
I_stage/stage_state_snapshot.csv,StageStateSnapshot,absolute_or_increment,string,False,0..1,dimensionless,,,blank allowed unless required,Schema field absolute_or_increment in I_stage/stage_state_snapshot.csv,absolute
I_stage/stage_state_snapshot.csv,StageStateSnapshot,source_ledger_id,string,False,0..1,dimensionless,,object identifier or foreign key per schema,blank allowed unless required,Schema field source_ledger_id in I_stage/stage_state_snapshot.csv,LEDGER_MULTIPART
I_stage/stage_state_snapshot.csv,StageStateSnapshot,quality_flag,string,False,0..1,dimensionless,,,blank allowed unless required,Schema field quality_flag in I_stage/stage_state_snapshot.csv,PASS
I_stage/stage_state_snapshot.csv,StageStateSnapshot,metadata,string,False,0..1,dimensionless,,,blank allowed unless required,Schema field metadata in I_stage/stage_state_snapshot.csv,"{""data_nature"":""SYNTHETIC_NUMERICAL_CONSISTENCY_CASE"",""engineering_claim_allowed"":false,""schema_version"":""V2.5"",""schema_revision"":""MULTI_PART_SERIAL_PARALLEL_2026-07""}"
I_stage/stage_transition_record.csv,StageTransitionRecord,transition_id,string,False,0..1,dimensionless,,object identifier or foreign key per schema,blank allowed unless required,Schema field transition_id in I_stage/stage_transition_record.csv,TRANS_S_LOCATE_01_TO_S_CLAMP_02
I_stage/stage_transition_record.csv,StageTransitionRecord,from_stage_id,string,False,0..1,dimensionless,,object identifier or foreign key per schema,blank allowed unless required,Schema field from_stage_id in I_stage/stage_transition_record.csv,S_LOCATE_01
I_stage/stage_transition_record.csv,StageTransitionRecord,to_stage_id,string,False,0..1,dimensionless,,object identifier or foreign key per schema,blank allowed unless required,Schema field to_stage_id in I_stage/stage_transition_record.csv,S_CLAMP_02
I_stage/stage_transition_record.csv,StageTransitionRecord,from_state_id,string,False,0..1,dimensionless,,object identifier or foreign key per schema,blank allowed unless required,Schema field from_state_id in I_stage/stage_transition_record.csv,STAGE_STATE_S_LOCATE_01
I_stage/stage_transition_record.csv,StageTransitionRecord,to_predicted_state_id,string,False,0..1,dimensionless,,object identifier or foreign key per schema,blank allowed unless required,Schema field to_predicted_state_id in I_stage/stage_transition_record.csv,STAGE_STATE_S_CLAMP_02
I_stage/stage_transition_record.csv,StageTransitionRecord,state_transfer_matrix_or_function,string,False,0..1,dimensionless,,,blank allowed unless required,Schema field state_transfer_matrix_or_function in I_stage/stage_transition_record.csv,GLOBAL_COUPLED_STATE_TRANSFER
I_stage/stage_transition_record.csv,StageTransitionRecord,parameter_transfer_rules,string,False,0..1,dimensionless,,,blank allowed unless required,Schema field parameter_transfer_rules in I_stage/stage_transition_record.csv,PERSIST_INTERFACE_PARAMETERS_WITHIN_VALID_DOMAIN
I_stage/stage_transition_record.csv,StageTransitionRecord,activated_boundary_ids,string,False,0..*,dimensionless,semicolon-separated IDs,,empty list,Schema field activated_boundary_ids in I_stage/stage_transition_record.csv,BND_PANEL_BASE;BND_RIB_PIN;BND_SPAR_SUPPORT;BND_BRACKET_PIN
I_stage/stage_transition_record.csv,StageTransitionRecord,deactivated_boundary_ids,string,False,0..*,dimensionless,semicolon-separated IDs,,empty list,Schema field deactivated_boundary_ids in I_stage/stage_transition_record.csv,BND_PANEL_BASE;BND_RIB_PIN;BND_SPAR_SUPPORT;BND_BRACKET_PIN
I_stage/stage_transition_record.csv,StageTransitionRecord,activated_load_ids,string,False,0..*,dimensionless,semicolon-separated IDs,,empty list,Schema field activated_load_ids in I_stage/stage_transition_record.csv,LOAD_GRAVITY_ALL;LOAD_CLAMP_G_AB;LOAD_CLAMP_G_BC;LOAD_CLAMP_G_AD;LOAD_CLAMP_G_DB
I_stage/stage_transition_record.csv,StageTransitionRecord,removed_load_ids,string,False,0..*,dimensionless,semicolon-separated IDs,,empty list,Schema field removed_load_ids in I_stage/stage_transition_record.csv,LOAD_CLAMP_G_AB;LOAD_CLAMP_G_BC;LOAD_CLAMP_G_AD;LOAD_CLAMP_G_DB
I_stage/stage_transition_record.csv,StageTransitionRecord,actual_load_increment,string,False,0..1,dimensionless,,,blank allowed unless required,Schema field actual_load_increment in I_stage/stage_transition_record.csv,"[16.2133069516,4.4817864607,0.0,12.4034312477,0.0,0.0,6.87360881,0.0,0.0,10.4414003964,0.0,0.0]"
I_stage/stage_transition_record.csv,StageTransitionRecord,joint_activation_change,string,False,0..1,dimensionless,,,blank allowed unless required,Schema field joint_activation_change in I_stage/stage_transition_record.csv,ACTIVATE_ALL_JOINTS
I_stage/stage_transition_record.csv,StageTransitionRecord,locked_history_ids,string,False,0..1,dimensionless,,,blank allowed unless required,Schema field locked_history_ids in I_stage/stage_transition_record.csv,LOCK_HIST_MULTIPART
I_stage/stage_transition_record.csv,StageTransitionRecord,covariance_transfer_id,string,False,0..1,dimensionless,,object identifier or foreign key per schema,blank allowed unless required,Schema field covariance_transfer_id in I_stage/stage_transition_record.csv,COV_TRANS_MULTIPART
I_stage/stage_transition_record.csv,StageTransitionRecord,dependency_hash,string,False,0..1,dimensionless,,,blank allowed unless required,Schema field dependency_hash in I_stage/stage_transition_record.csv,03f7b7a0ce3d95de9e0b353fa96b6c49a6f733c65c0bdf45ba6839aa25bf718a
I_stage/stage_transition_record.csv,StageTransitionRecord,quality_flag,string,False,0..1,dimensionless,,,blank allowed unless required,Schema field quality_flag in I_stage/stage_transition_record.csv,PASS
I_stage/stage_transition_record.csv,StageTransitionRecord,metadata,string,False,0..1,dimensionless,,,blank allowed unless required,Schema field metadata in I_stage/stage_transition_record.csv,"{""data_nature"":""SYNTHETIC_NUMERICAL_CONSISTENCY_CASE"",""engineering_claim_allowed"":false,""schema_version"":""V2.5"",""schema_revision"":""MULTI_PART_SERIAL_PARALLEL_2026-07""}"
I_stat/monte_carlo_config.csv,MonteCarloConfig,mc_config_id,string,False,0..1,dimensionless,,object identifier or foreign key per schema,blank allowed unless required,Schema field mc_config_id in I_stat/monte_carlo_config.csv,MC_DEFAULT
I_stat/monte_carlo_config.csv,MonteCarloConfig,random_variable_ids,string,False,0..1,dimensionless,,,blank allowed unless required,Schema field random_variable_ids in I_stat/monte_carlo_config.csv,alpha_sms;theta;e_proc
I_stat/monte_carlo_config.csv,MonteCarloConfig,joint_distribution_id,string,False,0..1,dimensionless,,object identifier or foreign key per schema,blank allowed unless required,Schema field joint_distribution_id in I_stat/monte_carlo_config.csv,JD_DEFAULT
I_stat/monte_carlo_config.csv,MonteCarloConfig,sample_count,boolean,False,0..1,dimensionless,,,blank allowed unless required,Schema field sample_count in I_stat/monte_carlo_config.csv,1
I_stat/monte_carlo_config.csv,MonteCarloConfig,random_seed,integer,False,0..1,dimensionless,,,blank allowed unless required,Schema field random_seed in I_stat/monte_carlo_config.csv,202607
I_stat/monte_carlo_config.csv,MonteCarloConfig,sampling_method,string,False,0..1,dimensionless,,,blank allowed unless required,Schema field sampling_method in I_stat/monte_carlo_config.csv,deterministic_placeholder
I_stat/monte_carlo_config.csv,MonteCarloConfig,batch_size,boolean,False,0..1,dimensionless,,,blank allowed unless required,Schema field batch_size in I_stat/monte_carlo_config.csv,1
I_stat/monte_carlo_config.csv,MonteCarloConfig,parallel_settings,string,False,0..1,dimensionless,,,blank allowed unless required,Schema field parallel_settings in I_stat/monte_carlo_config.csv,none
I_stat/monte_carlo_config.csv,MonteCarloConfig,mode_library_usage,string,False,0..1,dimensionless,,,blank allowed unless required,Schema field mode_library_usage in I_stat/monte_carlo_config.csv,none
I_stat/monte_carlo_config.csv,MonteCarloConfig,high_fidelity_fallback_budget,boolean,False,0..1,dimensionless,,,blank allowed unless required,Schema field high_fidelity_fallback_budget in I_stat/monte_carlo_config.csv,0
I_stat/monte_carlo_config.csv,MonteCarloConfig,stopping_rule_optional,string,False,0..1,dimensionless,,,blank allowed unless required,Schema field stopping_rule_optional in I_stat/monte_carlo_config.csv,
I_stat/monte_carlo_config.csv,MonteCarloConfig,metadata,string,False,0..1,dimensionless,,,blank allowed unless required,Schema field metadata in I_stat/monte_carlo_config.csv,"{""note"":""默认占位值；请替换为真实工程数据。"",""schema_version"":""V2.5""}"
I_stat/random_sample.csv,RandomSample,random_sample_id,string,False,0..1,dimensionless,,object identifier or foreign key per schema,blank allowed unless required,Schema field random_sample_id in I_stat/random_sample.csv,RSAMPLE_DEFAULT
I_stat/random_sample.csv,RandomSample,mc_config_id,string,False,0..1,dimensionless,,object identifier or foreign key per schema,blank allowed unless required,Schema field mc_config_id in I_stat/random_sample.csv,MC_DEFAULT
I_stat/random_sample.csv,RandomSample,sample_index,boolean,False,0..1,dimensionless,,,blank allowed unless required,Schema field sample_index in I_stat/random_sample.csv,0
I_stat/random_sample.csv,RandomSample,alpha_sms,string,False,0..1,dimensionless,,,blank allowed unless required,Schema field alpha_sms in I_stat/random_sample.csv,[0.0]
I_stat/random_sample.csv,RandomSample,interface_parameter_sample,string,False,0..1,dimensionless,,,blank allowed unless required,Schema field interface_parameter_sample in I_stat/random_sample.csv,[0.0001]
I_stat/random_sample.csv,RandomSample,process_error_sample,string,False,0..1,dimensionless,,,blank allowed unless required,Schema field process_error_sample in I_stat/random_sample.csv,[0.0]
I_stat/random_sample.csv,RandomSample,measurement_error_sample_optional,string,False,0..1,dimensionless,,,blank allowed unless required,Schema field measurement_error_sample_optional in I_stat/random_sample.csv,[0.0]
I_stat/random_sample.csv,RandomSample,locator_compliance_sample_optional,string,False,0..1,dimensionless,,,blank allowed unless required,Schema field locator_compliance_sample_optional in I_stat/random_sample.csv,[0.0001]
I_stat/random_sample.csv,RandomSample,preload_or_command_displacement_sample_optional,string,False,0..1,dimensionless,,,blank allowed unless required,Schema field preload_or_command_displacement_sample_optional in I_stat/random_sample.csv,[0.0]
I_stat/random_sample.csv,RandomSample,correlation_preserved,boolean,False,0..1,dimensionless,,,blank allowed unless required,Schema field correlation_preserved in I_stat/random_sample.csv,FALSE
I_stat/random_sample.csv,RandomSample,source_distribution_ids,string,False,0..1,dimensionless,,,blank allowed unless required,Schema field source_distribution_ids in I_stat/random_sample.csv,JD_DEFAULT
I_stat/random_sample.csv,RandomSample,metadata,string,False,0..1,dimensionless,,,blank allowed unless required,Schema field metadata in I_stat/random_sample.csv,"{""note"":""默认占位值；请替换为真实工程数据。"",""schema_version"":""V2.5""}"
I_stat/sensitivity_result.csv,SensitivityResult,sensitivity_result_id,string,False,0..1,dimensionless,,object identifier or foreign key per schema,blank allowed unless required,Schema field sensitivity_result_id in I_stat/sensitivity_result.csv,SENS_DEFAULT
I_stat/sensitivity_result.csv,SensitivityResult,target_kcp_ids,string,False,0..1,dimensionless,,,blank allowed unless required,Schema field target_kcp_ids in I_stat/sensitivity_result.csv,KCP_END_GAP
I_stat/sensitivity_result.csv,SensitivityResult,input_variable_groups,string,False,0..1,dimensionless,,,blank allowed unless required,Schema field input_variable_groups in I_stat/sensitivity_result.csv,SMS;INTERFACE;PROCESS
I_stat/sensitivity_result.csv,SensitivityResult,method,string,False,0..1,dimensionless,,,blank allowed unless required,Schema field method in I_stat/sensitivity_result.csv,placeholder
I_stat/sensitivity_result.csv,SensitivityResult,local_mode_sensitivities_optional,string,False,0..1,dimensionless,,,blank allowed unless required,Schema field local_mode_sensitivities_optional in I_stat/sensitivity_result.csv,{}
I_stat/sensitivity_result.csv,SensitivityResult,first_order_indices,string,False,0..1,dimensionless,,,blank allowed unless required,Schema field first_order_indices in I_stat/sensitivity_result.csv,{}
I_stat/sensitivity_result.csv,SensitivityResult,total_order_indices_optional,string,False,0..1,dimensionless,,,blank allowed unless required,Schema field total_order_indices_optional in I_stat/sensitivity_result.csv,{}
I_stat/sensitivity_result.csv,SensitivityResult,ranking,string,False,0..1,dimensionless,,,blank allowed unless required,Schema field ranking in I_stat/sensitivity_result.csv,[]
I_stat/sensitivity_result.csv,SensitivityResult,confidence_intervals,string,False,0..1,dimensionless,,,blank allowed unless required,Schema field confidence_intervals in I_stat/sensitivity_result.csv,{}
I_stat/sensitivity_result.csv,SensitivityResult,sample_ids,string,False,0..1,dimensionless,,,blank allowed unless required,Schema field sample_ids in I_stat/sensitivity_result.csv,SAMPLE_001
I_stat/sensitivity_result.csv,SensitivityResult,metadata,string,False,0..1,dimensionless,,,blank allowed unless required,Schema field metadata in I_stat/sensitivity_result.csv,"{""note"":""默认占位值；请替换为真实工程数据。"",""schema_version"":""V2.5""}"
I_stat/statistical_prediction_result.csv,StatisticalPredictionResult,statistical_result_id,string,False,0..1,dimensionless,,object identifier or foreign key per schema,blank allowed unless required,Schema field statistical_result_id in I_stat/statistical_prediction_result.csv,STAT_DEFAULT
I_stat/statistical_prediction_result.csv,StatisticalPredictionResult,mc_config_id,string,False,0..1,dimensionless,,object identifier or foreign key per schema,blank allowed unless required,Schema field mc_config_id in I_stat/statistical_prediction_result.csv,MC_DEFAULT
I_stat/statistical_prediction_result.csv,StatisticalPredictionResult,kcp_ids,string,False,0..1,dimensionless,,,blank allowed unless required,Schema field kcp_ids in I_stat/statistical_prediction_result.csv,KCP_END_GAP
I_stat/statistical_prediction_result.csv,StatisticalPredictionResult,mean_vector,string,False,0..1,dimensionless,,,blank allowed unless required,Schema field mean_vector in I_stat/statistical_prediction_result.csv,[0.0]
I_stat/statistical_prediction_result.csv,StatisticalPredictionResult,covariance_matrix,string,False,0..1,dimensionless,,,blank allowed unless required,Schema field covariance_matrix in I_stat/statistical_prediction_result.csv,[[0.0]]
I_stat/statistical_prediction_result.csv,StatisticalPredictionResult,quantiles,string,False,0..1,dimensionless,,,blank allowed unless required,Schema field quantiles in I_stat/statistical_prediction_result.csv,{}
I_stat/statistical_prediction_result.csv,StatisticalPredictionResult,failure_probabilities,string,False,0..1,dimensionless,,,blank allowed unless required,Schema field failure_probabilities in I_stat/statistical_prediction_result.csv,{}
I_stat/statistical_prediction_result.csv,StatisticalPredictionResult,confidence_intervals,string,False,0..1,dimensionless,,,blank allowed unless required,Schema field confidence_intervals in I_stat/statistical_prediction_result.csv,{}
I_stat/statistical_prediction_result.csv,StatisticalPredictionResult,mode_frequency_statistics,string,False,0..1,dimensionless,,,blank allowed unless required,Schema field mode_frequency_statistics in I_stat/statistical_prediction_result.csv,{}
I_stat/statistical_prediction_result.csv,StatisticalPredictionResult,out_of_domain_rate,number,False,0..1,dimensionless,,,blank allowed unless required,Schema field out_of_domain_rate in I_stat/statistical_prediction_result.csv,0.0
I_stat/statistical_prediction_result.csv,StatisticalPredictionResult,nonconvergence_rate,number,False,0..1,dimensionless,,,blank allowed unless required,Schema field nonconvergence_rate in I_stat/statistical_prediction_result.csv,0.0
I_stat/statistical_prediction_result.csv,StatisticalPredictionResult,overconstraint_mode_frequency_optional,string,False,0..1,dimensionless,,,blank allowed unless required,Schema field overconstraint_mode_frequency_optional in I_stat/statistical_prediction_result.csv,{}
I_stat/statistical_prediction_result.csv,StatisticalPredictionResult,runtime_statistics,string,False,0..1,dimensionless,,,blank allowed unless required,Schema field runtime_statistics in I_stat/statistical_prediction_result.csv,{}
I_stat/statistical_prediction_result.csv,StatisticalPredictionResult,metadata,string,False,0..1,dimensionless,,,blank allowed unless required,Schema field metadata in I_stat/statistical_prediction_result.csv,"{""note"":""默认占位值；请替换为真实工程数据。"",""schema_version"":""V2.5""}"
field_dictionary.csv,FieldDictionary,file_path,string,False,0..1,dimensionless,,,blank allowed unless required,Schema field file_path in field_dictionary.csv,
field_dictionary.csv,FieldDictionary,object_name,string,False,0..1,dimensionless,,,blank allowed unless required,Schema field object_name in field_dictionary.csv,
field_dictionary.csv,FieldDictionary,field_name,string,False,0..1,dimensionless,,,blank allowed unless required,Schema field field_name in field_dictionary.csv,
field_dictionary.csv,FieldDictionary,data_type,string,False,0..1,dimensionless,,,blank allowed unless required,Schema field data_type in field_dictionary.csv,
field_dictionary.csv,FieldDictionary,required,string,False,0..1,dimensionless,,,blank allowed unless required,Schema field required in field_dictionary.csv,
field_dictionary.csv,FieldDictionary,cardinality,string,False,0..1,dimensionless,,,blank allowed unless required,Schema field cardinality in field_dictionary.csv,
field_dictionary.csv,FieldDictionary,unit,string,False,0..1,dimensionless,,,blank allowed unless required,Schema field unit in field_dictionary.csv,
field_dictionary.csv,FieldDictionary,enum_or_format,string,False,0..1,dimensionless,,,blank allowed unless required,Schema field enum_or_format in field_dictionary.csv,
field_dictionary.csv,FieldDictionary,key_semantics,string,False,0..1,dimensionless,,,blank allowed unless required,Schema field key_semantics in field_dictionary.csv,
field_dictionary.csv,FieldDictionary,missing_handling,string,False,0..1,dimensionless,,,blank allowed unless required,Schema field missing_handling in field_dictionary.csv,
field_dictionary.csv,FieldDictionary,description,string,False,0..1,dimensionless,,,blank allowed unless required,Schema field description in field_dictionary.csv,
field_dictionary.csv,FieldDictionary,example_value,string,False,0..1,dimensionless,,,blank allowed unless required,Schema field example_value in field_dictionary.csv,
matrices/matrix_manifest.csv,MatrixManifest,matrix_id,string,False,0..1,dimensionless,,object identifier or foreign key per schema,blank allowed unless required,Schema field matrix_id in matrices/matrix_manifest.csv,BN_AB
matrices/matrix_manifest.csv,MatrixManifest,npz_file,string,False,0..1,dimensionless,,,blank allowed unless required,Schema field npz_file in matrices/matrix_manifest.csv,multi_part_matrices.npz
matrices/matrix_manifest.csv,MatrixManifest,npz_key,string,False,0..1,dimensionless,,,blank allowed unless required,Schema field npz_key in matrices/matrix_manifest.csv,BN_AB
matrices/matrix_manifest.csv,MatrixManifest,shape,string,False,0..1,dimensionless,,,blank allowed unless required,Schema field shape in matrices/matrix_manifest.csv,"[3,12]"
matrices/matrix_manifest.csv,MatrixManifest,dtype,string,False,0..1,dimensionless,,,blank allowed unless required,Schema field dtype in matrices/matrix_manifest.csv,float64
matrices/matrix_manifest.csv,MatrixManifest,unit,string,False,0..1,dimensionless,,,blank allowed unless required,Schema field unit in matrices/matrix_manifest.csv,mixed_by_object_definition
matrices/matrix_manifest.csv,MatrixManifest,row_layout_id_optional,string,False,0..1,dimensionless,,,blank allowed unless required,Schema field row_layout_id_optional in matrices/matrix_manifest.csv,VL_CONTACT_ALL_12
matrices/matrix_manifest.csv,MatrixManifest,column_layout_id_optional,string,False,0..1,dimensionless,,,blank allowed unless required,Schema field column_layout_id_optional in matrices/matrix_manifest.csv,VL_CONTACT_ALL_12
matrices/matrix_manifest.csv,MatrixManifest,derivation_source,string,False,0..1,dimensionless,,,blank allowed unless required,Schema field derivation_source in matrices/matrix_manifest.csv,SYNTHETIC_COUPLED_SPD_FIXTURE
matrices/matrix_manifest.csv,MatrixManifest,description,string,False,0..1,dimensionless,,,blank allowed unless required,Schema field description in matrices/matrix_manifest.csv,多零件串并联数值一致性测试矩阵；不得作为工程实测结论
matrices/matrix_manifest.csv,MatrixManifest,quality_flag,string,False,0..1,dimensionless,,,blank allowed unless required,Schema field quality_flag in matrices/matrix_manifest.csv,PASS
matrices/vector_layout.csv,VectorLayout,vector_layout_id,string,False,0..1,dimensionless,,object identifier or foreign key per schema,blank allowed unless required,Schema field vector_layout_id in matrices/vector_layout.csv,VL_CONTACT_ALL_12
matrices/vector_layout.csv,VectorLayout,block_order,integer,False,0..1,dimensionless,,,blank allowed unless required,Schema field block_order in matrices/vector_layout.csv,0
matrices/vector_layout.csv,VectorLayout,object_type,string,False,0..1,dimensionless,,,blank allowed unless required,Schema field object_type in matrices/vector_layout.csv,Interface
matrices/vector_layout.csv,VectorLayout,object_id,string,False,0..1,dimensionless,,object identifier or foreign key per schema,blank allowed unless required,Schema field object_id in matrices/vector_layout.csv,G_AB
matrices/vector_layout.csv,VectorLayout,contact_domain_id,string,False,0..1,dimensionless,,object identifier or foreign key per schema,blank allowed unless required,Schema field contact_domain_id in matrices/vector_layout.csv,CD_AB
matrices/vector_layout.csv,VectorLayout,start_index,integer,False,0..1,dimensionless,,,blank allowed unless required,Schema field start_index in matrices/vector_layout.csv,0
matrices/vector_layout.csv,VectorLayout,end_index,integer,False,0..1,dimensionless,,,blank allowed unless required,Schema field end_index in matrices/vector_layout.csv,2
matrices/vector_layout.csv,VectorLayout,component,string,False,0..1,dimensionless,,,blank allowed unless required,Schema field component in matrices/vector_layout.csv,normal_contact_point_order
matrices/vector_layout.csv,VectorLayout,unit,string,False,0..1,dimensionless,,,blank allowed unless required,Schema field unit in matrices/vector_layout.csv,mm_or_N_by_vector
matrices/vector_layout.csv,VectorLayout,metadata,string,False,0..1,dimensionless,,,blank allowed unless required,Schema field metadata in matrices/vector_layout.csv,"{""data_nature"":""SYNTHETIC_NUMERICAL_CONSISTENCY_CASE"",""engineering_claim_allowed"":false,""schema_version"":""V2.5"",""schema_revision"":""MULTI_PART_SERIAL_PARALLEL_2026-07""}"
object_file_map.csv,ObjectFileMap,object_name,string,False,0..1,dimensionless,,,blank allowed unless required,Schema field object_name in object_file_map.csv,AssemblyTopology
object_file_map.csv,ObjectFileMap,input_package,string,False,0..1,dimensionless,,,blank allowed unless required,Schema field input_package in object_file_map.csv,02_TOPOLOGY_STEP_MIN_CASE
object_file_map.csv,ObjectFileMap,file_path,string,False,0..1,dimensionless,,,blank allowed unless required,Schema field file_path in object_file_map.csv,I0/assembly_topology.csv
object_file_map.csv,ObjectFileMap,primary_key,string,False,0..1,dimensionless,,,blank allowed unless required,Schema field primary_key in object_file_map.csv,topology_id
object_file_map.csv,ObjectFileMap,code_consumer,string,False,0..1,dimensionless,,,blank allowed unless required,Schema field code_consumer in object_file_map.csv,core.data_loader;core.package_validator
object_file_map.csv,ObjectFileMap,producer,string,False,0..1,dimensionless,,,blank allowed unless required,Schema field producer in object_file_map.csv,scripts/build_topology_step_fixture.py
object_file_map.csv,ObjectFileMap,is_synthetic,boolean,False,0..1,dimensionless,,,blank allowed unless required,Schema field is_synthetic in object_file_map.csv,True
object_file_map.csv,ObjectFileMap,is_runtime_result,boolean,False,0..1,dimensionless,,,blank allowed unless required,Schema field is_runtime_result in object_file_map.csv,False
object_file_map.csv,ObjectFileMap,group,string,False,0..1,dimensionless,,,blank allowed unless required,Schema field group in object_file_map.csv,I0
object_file_map.csv,ObjectFileMap,row_mode,string,False,0..1,dimensionless,,,blank allowed unless required,Schema field row_mode in object_file_map.csv,synthetic_topology_step
parameter_library/compliance_separation_report.csv,ComplianceSeparationReport,separation_report_id,string,False,0..1,dimensionless,,object identifier or foreign key per schema,blank allowed unless required,Schema field separation_report_id in parameter_library/compliance_separation_report.csv,CSR_AB
parameter_library/compliance_separation_report.csv,ComplianceSeparationReport,W_struct_id,string,False,0..1,dimensionless,,object identifier or foreign key per schema,blank allowed unless required,Schema field W_struct_id in parameter_library/compliance_separation_report.csv,W_STRUCT_RELEASE_04
parameter_library/compliance_separation_report.csv,ComplianceSeparationReport,Cn_local_id,string,False,0..1,dimensionless,,object identifier or foreign key per schema,blank allowed unless required,Schema field Cn_local_id in parameter_library/compliance_separation_report.csv,CN_ALL
parameter_library/compliance_separation_report.csv,ComplianceSeparationReport,included_physics_struct,string,False,0..1,dimensionless,,,blank allowed unless required,Schema field included_physics_struct in parameter_library/compliance_separation_report.csv,four_part_global_structure
parameter_library/compliance_separation_report.csv,ComplianceSeparationReport,included_physics_local,string,False,0..1,dimensionless,,,blank allowed unless required,Schema field included_physics_local in parameter_library/compliance_separation_report.csv,local_interface_AB
parameter_library/compliance_separation_report.csv,ComplianceSeparationReport,removed_fixture_compliance,boolean,False,0..1,dimensionless,,,blank allowed unless required,Schema field removed_fixture_compliance in parameter_library/compliance_separation_report.csv,TRUE
parameter_library/compliance_separation_report.csv,ComplianceSeparationReport,removed_sensor_compliance,boolean,False,0..1,dimensionless,,,blank allowed unless required,Schema field removed_sensor_compliance in parameter_library/compliance_separation_report.csv,TRUE
parameter_library/compliance_separation_report.csv,ComplianceSeparationReport,removed_substrate_compliance,boolean,False,0..1,dimensionless,,,blank allowed unless required,Schema field removed_substrate_compliance in parameter_library/compliance_separation_report.csv,TRUE
parameter_library/compliance_separation_report.csv,ComplianceSeparationReport,overlap_source_ids,string,False,0..1,dimensionless,,,blank allowed unless required,Schema field overlap_source_ids in parameter_library/compliance_separation_report.csv,
parameter_library/compliance_separation_report.csv,ComplianceSeparationReport,overlap_assessment,string,False,0..1,dimensionless,,,blank allowed unless required,Schema field overlap_assessment in parameter_library/compliance_separation_report.csv,PASS
parameter_library/compliance_separation_report.csv,ComplianceSeparationReport,unit_consistency_check,string,False,0..1,dimensionless,,,blank allowed unless required,Schema field unit_consistency_check in parameter_library/compliance_separation_report.csv,PASS
parameter_library/compliance_separation_report.csv,ComplianceSeparationReport,area_weight_conversion_check,string,False,0..1,dimensionless,,,blank allowed unless required,Schema field area_weight_conversion_check in parameter_library/compliance_separation_report.csv,PASS
parameter_library/compliance_separation_report.csv,ComplianceSeparationReport,recommended_action,string,False,0..1,dimensionless,,,blank allowed unless required,Schema field recommended_action in parameter_library/compliance_separation_report.csv,USE_SYNTHETIC_FIXTURE_ONLY
parameter_library/compliance_separation_report.csv,ComplianceSeparationReport,metadata,string,False,0..1,dimensionless,,,blank allowed unless required,Schema field metadata in parameter_library/compliance_separation_report.csv,"{""data_nature"":""SYNTHETIC_NUMERICAL_CONSISTENCY_CASE"",""engineering_claim_allowed"":false,""schema_version"":""V2.5"",""schema_revision"":""MULTI_PART_SERIAL_PARALLEL_2026-07""}"
parameter_library/deformation_decomposition_result.csv,DeformationDecompositionResult,decomposition_id,string,False,0..1,dimensionless,,object identifier or foreign key per schema,blank allowed unless required,Schema field decomposition_id in parameter_library/deformation_decomposition_result.csv,DDR_AB
parameter_library/deformation_decomposition_result.csv,DeformationDecompositionResult,response_id,string,False,0..1,dimensionless,,object identifier or foreign key per schema,blank allowed unless required,Schema field response_id in parameter_library/deformation_decomposition_result.csv,LRD_AB
parameter_library/deformation_decomposition_result.csv,DeformationDecompositionResult,fixture_component,string,False,0..1,dimensionless,,,blank allowed unless required,Schema field fixture_component in parameter_library/deformation_decomposition_result.csv,"[0.0,0.0,0.0]"
parameter_library/deformation_decomposition_result.csv,DeformationDecompositionResult,sensor_component,string,False,0..1,dimensionless,,,blank allowed unless required,Schema field sensor_component in parameter_library/deformation_decomposition_result.csv,"[0.0,0.0,0.0]"
parameter_library/deformation_decomposition_result.csv,DeformationDecompositionResult,substrate_component,string,False,0..1,dimensionless,,,blank allowed unless required,Schema field substrate_component in parameter_library/deformation_decomposition_result.csv,"[0.0,0.0,0.0]"
parameter_library/deformation_decomposition_result.csv,DeformationDecompositionResult,interface_component,string,False,0..1,dimensionless,,,blank allowed unless required,Schema field interface_component in parameter_library/deformation_decomposition_result.csv,"[0.0010911862,0.0,0.0]"
parameter_library/deformation_decomposition_result.csv,DeformationDecompositionResult,removed_deformation_source_ids,string,False,0..1,dimensionless,,,blank allowed unless required,Schema field removed_deformation_source_ids in parameter_library/deformation_decomposition_result.csv,FIXTURE;SENSOR;SUBSTRATE
parameter_library/deformation_decomposition_result.csv,DeformationDecompositionResult,remaining_deformation_source_ids,string,False,0..1,dimensionless,,,blank allowed unless required,Schema field remaining_deformation_source_ids in parameter_library/deformation_decomposition_result.csv,INTERFACE
parameter_library/deformation_decomposition_result.csv,DeformationDecompositionResult,decomposition_method,string,False,0..1,dimensionless,,,blank allowed unless required,Schema field decomposition_method in parameter_library/deformation_decomposition_result.csv,synthetic_exact_separation
parameter_library/deformation_decomposition_result.csv,DeformationDecompositionResult,component_covariances,string,False,0..1,dimensionless,,,blank allowed unless required,Schema field component_covariances in parameter_library/deformation_decomposition_result.csv,{}
parameter_library/deformation_decomposition_result.csv,DeformationDecompositionResult,identifiability_metrics,string,False,0..1,dimensionless,,,blank allowed unless required,Schema field identifiability_metrics in parameter_library/deformation_decomposition_result.csv,"{""rank"":3}"
parameter_library/deformation_decomposition_result.csv,DeformationDecompositionResult,quality_flag,string,False,0..1,dimensionless,,,blank allowed unless required,Schema field quality_flag in parameter_library/deformation_decomposition_result.csv,PASS
parameter_library/deformation_decomposition_result.csv,DeformationDecompositionResult,metadata,string,False,0..1,dimensionless,,,blank allowed unless required,Schema field metadata in parameter_library/deformation_decomposition_result.csv,"{""data_nature"":""SYNTHETIC_NUMERICAL_CONSISTENCY_CASE"",""engineering_claim_allowed"":false,""schema_version"":""V2.5"",""schema_revision"":""MULTI_PART_SERIAL_PARALLEL_2026-07""}"
parameter_library/interface_parameter.csv,InterfaceParameter,interface_parameter_id,string,False,0..1,dimensionless,,object identifier or foreign key per schema,blank allowed unless required,Schema field interface_parameter_id in parameter_library/interface_parameter.csv,IPAR_AB
parameter_library/interface_parameter.csv,InterfaceParameter,interface_id,string,False,0..1,dimensionless,,object identifier or foreign key per schema,blank allowed unless required,Schema field interface_id in parameter_library/interface_parameter.csv,G_AB
parameter_library/interface_parameter.csv,InterfaceParameter,stage_id,string,False,0..1,dimensionless,,object identifier or foreign key per schema,blank allowed unless required,Schema field stage_id in parameter_library/interface_parameter.csv,ALL
parameter_library/interface_parameter.csv,InterfaceParameter,contact_mode_id,string,False,0..1,dimensionless,,object identifier or foreign key per schema,blank allowed unless required,Schema field contact_mode_id in parameter_library/interface_parameter.csv,MODE_RELEASE_04
parameter_library/interface_parameter.csv,InterfaceParameter,contact_area,number,False,0..1,dimensionless,,,blank allowed unless required,Schema field contact_area in parameter_library/interface_parameter.csv,3000.0
parameter_library/interface_parameter.csv,InterfaceParameter,mean_pressure,number,False,0..1,dimensionless,,,blank allowed unless required,Schema field mean_pressure in parameter_library/interface_parameter.csv,0.002525893993
parameter_library/interface_parameter.csv,InterfaceParameter,pressure_nonuniformity,number,False,0..1,dimensionless,,,blank allowed unless required,Schema field pressure_nonuniformity in parameter_library/interface_parameter.csv,0.003572153542
parameter_library/interface_parameter.csv,InterfaceParameter,normal_compression_rms,number,False,0..1,dimensionless,,,blank allowed unless required,Schema field normal_compression_rms in parameter_library/interface_parameter.csv,0.0006299966491
parameter_library/interface_parameter.csv,InterfaceParameter,tangential_slip_rms_optional,string,False,0..1,dimensionless,,,blank allowed unless required,Schema field tangential_slip_rms_optional in parameter_library/interface_parameter.csv,
parameter_library/interface_parameter.csv,InterfaceParameter,normal_compliance_local,string,False,0..1,dimensionless,,,blank allowed unless required,Schema field normal_compliance_local in parameter_library/interface_parameter.csv,"[0.00012,0.00012,0.00012]"
parameter_library/interface_parameter.csv,InterfaceParameter,tangential_compliance_optional,string,False,0..1,dimensionless,,,blank allowed unless required,Schema field tangential_compliance_optional in parameter_library/interface_parameter.csv,
parameter_library/interface_parameter.csv,InterfaceParameter,equivalent_error_vector,string,False,0..1,dimensionless,,,blank allowed unless required,Schema field equivalent_error_vector in parameter_library/interface_parameter.csv,"[0.0010911862,0.0,0.0]"
parameter_library/interface_parameter.csv,InterfaceParameter,rebound_term,string,False,0..1,dimensionless,,,blank allowed unless required,Schema field rebound_term in parameter_library/interface_parameter.csv,"[0.0,0.0,0.0]"
parameter_library/interface_parameter.csv,InterfaceParameter,parameter_covariance,string,False,0..1,dimensionless,,,blank allowed unless required,Schema field parameter_covariance in parameter_library/interface_parameter.csv,
parameter_library/interface_parameter.csv,InterfaceParameter,validity_range,string,False,0..1,dimensionless,,,blank allowed unless required,Schema field validity_range in parameter_library/interface_parameter.csv,VD_MULTIPART
parameter_library/interface_parameter.csv,InterfaceParameter,calibration_quality,string,False,0..1,dimensionless,,,blank allowed unless required,Schema field calibration_quality in parameter_library/interface_parameter.csv,PASS
parameter_library/interface_parameter.csv,InterfaceParameter,source_state_ids,string,False,0..1,dimensionless,,,blank allowed unless required,Schema field source_state_ids in parameter_library/interface_parameter.csv,IF_STATE_1_RELEASE_04
parameter_library/interface_parameter.csv,InterfaceParameter,reference_state_id,string,False,0..1,dimensionless,,object identifier or foreign key per schema,blank allowed unless required,Schema field reference_state_id in parameter_library/interface_parameter.csv,REF_NOMINAL
parameter_library/interface_parameter.csv,InterfaceParameter,increment_definition_id,string,False,0..1,dimensionless,,object identifier or foreign key per schema,blank allowed unless required,Schema field increment_definition_id in parameter_library/interface_parameter.csv,INC_INTERFACE_RELEASE
parameter_library/interface_parameter.csv,InterfaceParameter,metadata,string,False,0..1,dimensionless,,,blank allowed unless required,Schema field metadata in parameter_library/interface_parameter.csv,"{""data_nature"":""SYNTHETIC_NUMERICAL_CONSISTENCY_CASE"",""engineering_claim_allowed"":false,""schema_version"":""V2.5"",""schema_revision"":""MULTI_PART_SERIAL_PARALLEL_2026-07""}"
parameter_library/local_response_data.csv,LocalResponseData,response_id,string,False,0..1,dimensionless,,object identifier or foreign key per schema,blank allowed unless required,Schema field response_id in parameter_library/local_response_data.csv,LRD_AB
parameter_library/local_response_data.csv,LocalResponseData,source_type,string,False,0..1,dimensionless,,,blank allowed unless required,Schema field source_type in parameter_library/local_response_data.csv,LOCAL_FE
parameter_library/local_response_data.csv,LocalResponseData,local_model_id_optional,string,False,0..1,dimensionless,,,blank allowed unless required,Schema field local_model_id_optional in parameter_library/local_response_data.csv,LOCAL_MODEL_AB
parameter_library/local_response_data.csv,LocalResponseData,specimen_id_optional,string,False,0..1,dimensionless,,,blank allowed unless required,Schema field specimen_id_optional in parameter_library/local_response_data.csv,SPEC_AB
parameter_library/local_response_data.csv,LocalResponseData,boundary_inheritance_id_optional,string,False,0..1,dimensionless,,,blank allowed unless required,Schema field boundary_inheritance_id_optional in parameter_library/local_response_data.csv,BIR_AB
parameter_library/local_response_data.csv,LocalResponseData,loading_path_id,string,False,0..1,dimensionless,,object identifier or foreign key per schema,blank allowed unless required,Schema field loading_path_id in parameter_library/local_response_data.csv,LOADPATH_AB
parameter_library/local_response_data.csv,LocalResponseData,lambda_n,string,False,0..1,dimensionless,,,blank allowed unless required,Schema field lambda_n in parameter_library/local_response_data.csv,"[9.0932183743,0.0,0.0]"
parameter_library/local_response_data.csv,LocalResponseData,pressure_p_n,string,False,0..1,dimensionless,,,blank allowed unless required,Schema field pressure_p_n in parameter_library/local_response_data.csv,"[0.007577682,0.0,0.0]"
parameter_library/local_response_data.csv,LocalResponseData,w_total,string,False,0..1,dimensionless,,,blank allowed unless required,Schema field w_total in parameter_library/local_response_data.csv,"[0.0010911862,0.0,0.0]"
parameter_library/local_response_data.csv,LocalResponseData,w_substrate_optional,string,False,0..1,dimensionless,,,blank allowed unless required,Schema field w_substrate_optional in parameter_library/local_response_data.csv,"[0.0,0.0,0.0]"
parameter_library/local_response_data.csv,LocalResponseData,w_interface_optional,string,False,0..1,dimensionless,,,blank allowed unless required,Schema field w_interface_optional in parameter_library/local_response_data.csv,"[0.0010911862,0.0,0.0]"
parameter_library/local_response_data.csv,LocalResponseData,tangential_slip_d_t_optional,string,False,0..1,dimensionless,,,blank allowed unless required,Schema field tangential_slip_d_t_optional in parameter_library/local_response_data.csv,[]
parameter_library/local_response_data.csv,LocalResponseData,rebound_delta_r_optional,string,False,0..1,dimensionless,,,blank allowed unless required,Schema field rebound_delta_r_optional in parameter_library/local_response_data.csv,[]
parameter_library/local_response_data.csv,LocalResponseData,strain_or_DIC_fields_optional,string,False,0..1,dimensionless,,,blank allowed unless required,Schema field strain_or_DIC_fields_optional in parameter_library/local_response_data.csv,
parameter_library/local_response_data.csv,LocalResponseData,covariance_or_uncertainty,string,False,0..1,dimensionless,,,blank allowed unless required,Schema field covariance_or_uncertainty in parameter_library/local_response_data.csv,
parameter_library/local_response_data.csv,LocalResponseData,raw_data_reference,string,False,0..1,dimensionless,,,blank allowed unless required,Schema field raw_data_reference in parameter_library/local_response_data.csv,SYNTHETIC_ORACLE
parameter_library/local_response_data.csv,LocalResponseData,quality_flag,string,False,0..1,dimensionless,,,blank allowed unless required,Schema field quality_flag in parameter_library/local_response_data.csv,PASS
parameter_library/local_response_data.csv,LocalResponseData,metadata,string,False,0..1,dimensionless,,,blank allowed unless required,Schema field metadata in parameter_library/local_response_data.csv,"{""data_nature"":""SYNTHETIC_NUMERICAL_CONSISTENCY_CASE"",""engineering_claim_allowed"":false,""schema_version"":""V2.5"",""schema_revision"":""MULTI_PART_SERIAL_PARALLEL_2026-07""}"
parameter_library/parameter_estimate.csv,ParameterEstimate,parameter_estimate_id,string,False,0..1,dimensionless,,object identifier or foreign key per schema,blank allowed unless required,Schema field parameter_estimate_id in parameter_library/parameter_estimate.csv,PEST_AB
parameter_library/parameter_estimate.csv,ParameterEstimate,parameter_names,string,False,0..1,dimensionless,,,blank allowed unless required,Schema field parameter_names in parameter_library/parameter_estimate.csv,Cn
parameter_library/parameter_estimate.csv,ParameterEstimate,estimated_values,string,False,0..1,dimensionless,,,blank allowed unless required,Schema field estimated_values in parameter_library/parameter_estimate.csv,"[0.00012,0.00012,0.00012]"
parameter_library/parameter_estimate.csv,ParameterEstimate,covariance_or_confidence_intervals,string,False,0..1,dimensionless,,,blank allowed unless required,Schema field covariance_or_confidence_intervals in parameter_library/parameter_estimate.csv,
parameter_library/parameter_estimate.csv,ParameterEstimate,correlation_matrix_optional,string,False,0..1,dimensionless,,,blank allowed unless required,Schema field correlation_matrix_optional in parameter_library/parameter_estimate.csv,
parameter_library/parameter_estimate.csv,ParameterEstimate,objective_value,number,False,0..1,dimensionless,,,blank allowed unless required,Schema field objective_value in parameter_library/parameter_estimate.csv,0.0
parameter_library/parameter_estimate.csv,ParameterEstimate,residual_statistics,string,False,0..1,dimensionless,,,blank allowed unless required,Schema field residual_statistics in parameter_library/parameter_estimate.csv,"{""rmse"":0.0}"
parameter_library/parameter_estimate.csv,ParameterEstimate,identifiability_metrics,string,False,0..1,dimensionless,,,blank allowed unless required,Schema field identifiability_metrics in parameter_library/parameter_estimate.csv,"{""rank"":3}"
parameter_library/parameter_estimate.csv,ParameterEstimate,active_bounds,string,False,0..1,dimensionless,,,blank allowed unless required,Schema field active_bounds in parameter_library/parameter_estimate.csv,[]
parameter_library/parameter_estimate.csv,ParameterEstimate,validity_range,string,False,0..1,dimensionless,,,blank allowed unless required,Schema field validity_range in parameter_library/parameter_estimate.csv,VD_MULTIPART
parameter_library/parameter_estimate.csv,ParameterEstimate,used_sample_ids,string,False,0..1,dimensionless,,,blank allowed unless required,Schema field used_sample_ids in parameter_library/parameter_estimate.csv,SAMPLE_001
parameter_library/parameter_estimate.csv,ParameterEstimate,source_local_response_data_ids,string,False,0..1,dimensionless,,,blank allowed unless required,Schema field source_local_response_data_ids in parameter_library/parameter_estimate.csv,LRD_AB
parameter_library/parameter_estimate.csv,ParameterEstimate,source_boundary_inheritance_ids,string,False,0..1,dimensionless,,,blank allowed unless required,Schema field source_boundary_inheritance_ids in parameter_library/parameter_estimate.csv,BIR_AB
parameter_library/parameter_estimate.csv,ParameterEstimate,decomposition_result_ids,string,False,0..1,dimensionless,,,blank allowed unless required,Schema field decomposition_result_ids in parameter_library/parameter_estimate.csv,DDR_AB
parameter_library/parameter_estimate.csv,ParameterEstimate,estimated_Cn_local,string,False,0..1,dimensionless,,,blank allowed unless required,Schema field estimated_Cn_local in parameter_library/parameter_estimate.csv,"[0.00012,0.00012,0.00012]"
parameter_library/parameter_estimate.csv,ParameterEstimate,estimated_Ct_optional,string,False,0..1,dimensionless,,,blank allowed unless required,Schema field estimated_Ct_optional in parameter_library/parameter_estimate.csv,[]
parameter_library/parameter_estimate.csv,ParameterEstimate,estimated_mu_optional,string,False,0..1,dimensionless,,,blank allowed unless required,Schema field estimated_mu_optional in parameter_library/parameter_estimate.csv,[]
parameter_library/parameter_estimate.csv,ParameterEstimate,estimated_beta_r_optional,string,False,0..1,dimensionless,,,blank allowed unless required,Schema field estimated_beta_r_optional in parameter_library/parameter_estimate.csv,[]
parameter_library/parameter_estimate.csv,ParameterEstimate,load_segment_breakpoints_optional,string,False,0..1,dimensionless,,,blank allowed unless required,Schema field load_segment_breakpoints_optional in parameter_library/parameter_estimate.csv,[]
parameter_library/parameter_estimate.csv,ParameterEstimate,posterior_covariance,string,False,0..1,dimensionless,,,blank allowed unless required,Schema field posterior_covariance in parameter_library/parameter_estimate.csv,
parameter_library/parameter_estimate.csv,ParameterEstimate,parameter_correlation_matrix,string,False,0..1,dimensionless,,,blank allowed unless required,Schema field parameter_correlation_matrix in parameter_library/parameter_estimate.csv,
parameter_library/parameter_estimate.csv,ParameterEstimate,validity_domain_id,string,False,0..1,dimensionless,,object identifier or foreign key per schema,blank allowed unless required,Schema field validity_domain_id in parameter_library/parameter_estimate.csv,VD_MULTIPART
parameter_library/parameter_estimate.csv,ParameterEstimate,quality_flag,string,False,0..1,dimensionless,,,blank allowed unless required,Schema field quality_flag in parameter_library/parameter_estimate.csv,PASS
parameter_library/parameter_estimate.csv,ParameterEstimate,metadata,string,False,0..1,dimensionless,,,blank allowed unless required,Schema field metadata in parameter_library/parameter_estimate.csv,"{""data_nature"":""SYNTHETIC_NUMERICAL_CONSISTENCY_CASE"",""engineering_claim_allowed"":false,""schema_version"":""V2.5"",""schema_revision"":""MULTI_PART_SERIAL_PARALLEL_2026-07""}"
parameter_library/parameter_library.csv,ParameterLibrary,parameter_library_id,string,False,0..1,dimensionless,,object identifier or foreign key per schema,blank allowed unless required,Schema field parameter_library_id in parameter_library/parameter_library.csv,PLIB_MULTIPART
parameter_library/parameter_library.csv,ParameterLibrary,interface_parameter_ids,string,False,0..1,dimensionless,,,blank allowed unless required,Schema field interface_parameter_ids in parameter_library/parameter_library.csv,IPAR_AB;IPAR_BC;IPAR_AD;IPAR_BD
parameter_library/parameter_library.csv,ParameterLibrary,contact_mode_library_id,string,False,0..1,dimensionless,,object identifier or foreign key per schema,blank allowed unless required,Schema field contact_mode_library_id in parameter_library/parameter_library.csv,MODE_LOCATE_01;MODE_CLAMP_02;MODE_JOIN_03;MODE_RELEASE_04
parameter_library/parameter_library.csv,ParameterLibrary,local_model_ids,string,False,0..1,dimensionless,,,blank allowed unless required,Schema field local_model_ids in parameter_library/parameter_library.csv,LOCAL_MODEL_AB;LOCAL_MODEL_BC;LOCAL_MODEL_AD;LOCAL_MODEL_BD
parameter_library/parameter_library.csv,ParameterLibrary,local_region_ids,string,False,0..1,dimensionless,,,blank allowed unless required,Schema field local_region_ids in parameter_library/parameter_library.csv,LR_AB;LR_BC;LR_AD;LR_BD
parameter_library/parameter_library.csv,ParameterLibrary,boundary_inheritance_ids,string,False,0..1,dimensionless,,,blank allowed unless required,Schema field boundary_inheritance_ids in parameter_library/parameter_library.csv,BIR_AB;BIR_BC;BIR_AD;BIR_BD
parameter_library/parameter_library.csv,ParameterLibrary,specimen_ids,string,False,0..1,dimensionless,,,blank allowed unless required,Schema field specimen_ids in parameter_library/parameter_library.csv,SPEC_AB;SPEC_BC;SPEC_AD;SPEC_BD
parameter_library/parameter_library.csv,ParameterLibrary,loading_path_ids,string,False,0..1,dimensionless,,,blank allowed unless required,Schema field loading_path_ids in parameter_library/parameter_library.csv,LOADPATH_AB;LOADPATH_BC;LOADPATH_AD;LOADPATH_BD
parameter_library/parameter_library.csv,ParameterLibrary,compliance_separation_report_ids,string,False,0..1,dimensionless,,,blank allowed unless required,Schema field compliance_separation_report_ids in parameter_library/parameter_library.csv,CSR_AB;CSR_BC;CSR_AD;CSR_BD
parameter_library/parameter_library.csv,ParameterLibrary,indexing_variables,string,False,0..1,dimensionless,,,blank allowed unless required,Schema field indexing_variables in parameter_library/parameter_library.csv,interface;stage;contact_mode
parameter_library/parameter_library.csv,ParameterLibrary,interpolation_rules,string,False,0..1,dimensionless,,,blank allowed unless required,Schema field interpolation_rules in parameter_library/parameter_library.csv,none_for_fixture
parameter_library/parameter_library.csv,ParameterLibrary,validity_domains,string,False,0..1,dimensionless,,,blank allowed unless required,Schema field validity_domains in parameter_library/parameter_library.csv,VD_MULTIPART
parameter_library/parameter_library.csv,ParameterLibrary,out_of_domain_rule,string,False,0..1,dimensionless,,,blank allowed unless required,Schema field out_of_domain_rule in parameter_library/parameter_library.csv,reject_prediction
parameter_library/parameter_library.csv,ParameterLibrary,source_high_fidelity_case_ids,string,False,0..1,dimensionless,,,blank allowed unless required,Schema field source_high_fidelity_case_ids in parameter_library/parameter_library.csv,SYNTHETIC_ORACLE
parameter_library/parameter_library.csv,ParameterLibrary,source_experiment_ids,string,False,0..1,dimensionless,,,blank allowed unless required,Schema field source_experiment_ids in parameter_library/parameter_library.csv,
parameter_library/parameter_library.csv,ParameterLibrary,library_quality_summary,string,False,0..1,dimensionless,,,blank allowed unless required,Schema field library_quality_summary in parameter_library/parameter_library.csv,PASS_SYNTHETIC
parameter_library/parameter_library.csv,ParameterLibrary,metadata,string,False,0..1,dimensionless,,,blank allowed unless required,Schema field metadata in parameter_library/parameter_library.csv,"{""data_nature"":""SYNTHETIC_NUMERICAL_CONSISTENCY_CASE"",""engineering_claim_allowed"":false,""schema_version"":""V2.5"",""schema_revision"":""MULTI_PART_SERIAL_PARALLEL_2026-07""}"
parameter_library/validity_domain.csv,ValidityDomain,validity_domain_id,string,False,0..1,dimensionless,,object identifier or foreign key per schema,blank allowed unless required,Schema field validity_domain_id in parameter_library/validity_domain.csv,VD_MULTIPART
parameter_library/validity_domain.csv,ValidityDomain,material_range,string,False,0..1,dimensionless,,,blank allowed unless required,Schema field material_range in parameter_library/validity_domain.csv,synthetic CFRP/Metal
parameter_library/validity_domain.csv,ValidityDomain,layup_or_thickness_range,string,False,0..1,dimensionless,,,blank allowed unless required,Schema field layup_or_thickness_range in parameter_library/validity_domain.csv,fixture definitions only
parameter_library/validity_domain.csv,ValidityDomain,surface_state_range,string,False,0..1,dimensionless,,,blank allowed unless required,Schema field surface_state_range in parameter_library/validity_domain.csv,synthetic smooth
parameter_library/validity_domain.csv,ValidityDomain,normal_pressure_range,string,False,0..1,dimensionless,,,blank allowed unless required,Schema field normal_pressure_range in parameter_library/validity_domain.csv,"[0,0.05] N/mm2"
parameter_library/validity_domain.csv,ValidityDomain,tangential_load_range_optional,string,False,0..1,dimensionless,,,blank allowed unless required,Schema field tangential_load_range_optional in parameter_library/validity_domain.csv,none
parameter_library/validity_domain.csv,ValidityDomain,preload_range_optional,string,False,0..1,dimensionless,,,blank allowed unless required,Schema field preload_range_optional in parameter_library/validity_domain.csv,"[0,15] N"
parameter_library/validity_domain.csv,ValidityDomain,temperature_range_optional,string,False,0..1,dimensionless,,,blank allowed unless required,Schema field temperature_range_optional in parameter_library/validity_domain.csv,"[20,20] C"
parameter_library/validity_domain.csv,ValidityDomain,contact_mode_range,string,False,0..1,dimensionless,,,blank allowed unless required,Schema field contact_mode_range in parameter_library/validity_domain.csv,modes in this package
parameter_library/validity_domain.csv,ValidityDomain,boundary_method_range,string,False,0..1,dimensionless,,,blank allowed unless required,Schema field boundary_method_range in parameter_library/validity_domain.csv,global condensed/impedance
parameter_library/validity_domain.csv,ValidityDomain,loading_path_range,string,False,0..1,dimensionless,,,blank allowed unless required,Schema field loading_path_range in parameter_library/validity_domain.csv,LOCATE-CLAMP-JOIN-RELEASE
parameter_library/validity_domain.csv,ValidityDomain,geometry_scale_range,string,False,0..1,dimensionless,,,blank allowed unless required,Schema field geometry_scale_range in parameter_library/validity_domain.csv,12 contact points
parameter_library/validity_domain.csv,ValidityDomain,metadata,string,False,0..1,dimensionless,,,blank allowed unless required,Schema field metadata in parameter_library/validity_domain.csv,"{""data_nature"":""SYNTHETIC_NUMERICAL_CONSISTENCY_CASE"",""engineering_claim_allowed"":false,""schema_version"":""V2.5"",""schema_revision"":""MULTI_PART_SERIAL_PARALLEL_2026-07""}"
prediction/contribution_record.csv,ContributionRecord,contribution_id,string,False,0..1,dimensionless,,object identifier or foreign key per schema,blank allowed unless required,Schema field contribution_id in prediction/contribution_record.csv,CONTR_SMS_PANEL
prediction/contribution_record.csv,ContributionRecord,sample_id,string,False,0..1,dimensionless,,object identifier or foreign key per schema,blank allowed unless required,Schema field sample_id in prediction/contribution_record.csv,SAMPLE_001
prediction/contribution_record.csv,ContributionRecord,target_kcp_id,string,False,0..1,dimensionless,,object identifier or foreign key per schema,blank allowed unless required,Schema field target_kcp_id in prediction/contribution_record.csv,KCP_END_GAP;KCP_STEP_AB;KCP_PARALLEL_BALANCE
prediction/contribution_record.csv,ContributionRecord,source_class,string,False,0..1,dimensionless,,,blank allowed unless required,Schema field source_class in prediction/contribution_record.csv,SMS
prediction/contribution_record.csv,ContributionRecord,source_id,string,False,0..1,dimensionless,,object identifier or foreign key per schema,blank allowed unless required,Schema field source_id in prediction/contribution_record.csv,SMS_TRANSFER_PANEL
prediction/contribution_record.csv,ContributionRecord,origin_stage_id_optional,string,False,0..1,dimensionless,,,blank allowed unless required,Schema field origin_stage_id_optional in prediction/contribution_record.csv,S_CLAMP_02
prediction/contribution_record.csv,ContributionRecord,reference_state_id,string,False,0..1,dimensionless,,object identifier or foreign key per schema,blank allowed unless required,Schema field reference_state_id in prediction/contribution_record.csv,REF_NOMINAL
prediction/contribution_record.csv,ContributionRecord,increment_definition_id,string,False,0..1,dimensionless,,object identifier or foreign key per schema,blank allowed unless required,Schema field increment_definition_id in prediction/contribution_record.csv,INC_SMS_ABSOLUTE
prediction/contribution_record.csv,ContributionRecord,absolute_or_increment,string,False,0..1,dimensionless,,,blank allowed unless required,Schema field absolute_or_increment in prediction/contribution_record.csv,absolute
prediction/contribution_record.csv,ContributionRecord,included_deformation_source_ids,string,False,0..1,dimensionless,,,blank allowed unless required,Schema field included_deformation_source_ids in prediction/contribution_record.csv,SYNTHETIC_PANEL_SMS
prediction/contribution_record.csv,ContributionRecord,excluded_deformation_source_ids,string,False,0..1,dimensionless,,,blank allowed unless required,Schema field excluded_deformation_source_ids in prediction/contribution_record.csv,GRAVITY_M;FIXTURE_M;LOCAL_CONTACT_M
prediction/contribution_record.csv,ContributionRecord,contribution_vector,string,False,0..1,dimensionless,,,blank allowed unless required,Schema field contribution_vector in prediction/contribution_record.csv,"[0.002,-0.003,0.001]"
prediction/contribution_record.csv,ContributionRecord,covariance_optional,string,False,0..1,dimensionless,,,blank allowed unless required,Schema field covariance_optional in prediction/contribution_record.csv,
prediction/contribution_record.csv,ContributionRecord,consumed_by_prediction_id,string,False,0..1,dimensionless,,object identifier or foreign key per schema,blank allowed unless required,Schema field consumed_by_prediction_id in prediction/contribution_record.csv,PRED_MULTIPART
prediction/contribution_record.csv,ContributionRecord,quality_flag,string,False,0..1,dimensionless,,,blank allowed unless required,Schema field quality_flag in prediction/contribution_record.csv,PASS
prediction/contribution_record.csv,ContributionRecord,metadata,string,False,0..1,dimensionless,,,blank allowed unless required,Schema field metadata in prediction/contribution_record.csv,"{""data_nature"":""SYNTHETIC_NUMERICAL_CONSISTENCY_CASE"",""engineering_claim_allowed"":false,""schema_version"":""V2.5"",""schema_revision"":""MULTI_PART_SERIAL_PARALLEL_2026-07""}"
prediction/deformation_contribution_ledger.csv,DeformationContributionLedger,contribution_ledger_id,string,False,0..1,dimensionless,,object identifier or foreign key per schema,blank allowed unless required,Schema field contribution_ledger_id in prediction/deformation_contribution_ledger.csv,LEDGER_MULTIPART
prediction/deformation_contribution_ledger.csv,DeformationContributionLedger,sample_id,string,False,0..1,dimensionless,,object identifier or foreign key per schema,blank allowed unless required,Schema field sample_id in prediction/deformation_contribution_ledger.csv,SAMPLE_001
prediction/deformation_contribution_ledger.csv,DeformationContributionLedger,contribution_record_ids,string,False,0..1,dimensionless,,,blank allowed unless required,Schema field contribution_record_ids in prediction/deformation_contribution_ledger.csv,CONTR_SMS_PANEL;CONTR_SMS_RIB;CONTR_SMS_SPAR;CONTR_SMS_BRACKET;CONTR_CLAMP_02_1;CONTR_CLAMP_02_2;CONTR_CLAMP_02_3;CONTR_CLAMP_02_4;CONTR_JOIN_03_1;CONTR_JOIN_03_2;CONTR_JOIN_03_3;CONTR_JOIN_03_4;CONTR_RELEASE_04_1;CONTR_RELEASE_04_2;CONTR_RELEASE_04_3;CONTR_RELEASE_04_4
prediction/deformation_contribution_ledger.csv,DeformationContributionLedger,allowed_source_classes,string,False,0..1,dimensionless,,,blank allowed unless required,Schema field allowed_source_classes in prediction/deformation_contribution_ledger.csv,SMS;STAGE_INCREMENT;PROCESS_ERROR;REBOUND;MEASUREMENT_UNCERTAINTY;OVERCONSTRAINT_REACTION
prediction/deformation_contribution_ledger.csv,DeformationContributionLedger,aggregation_policy,string,False,0..1,dimensionless,,,blank allowed unless required,Schema field aggregation_policy in prediction/deformation_contribution_ledger.csv,ONE_SMS_PER_PART_PLUS_ONE_INCREMENT_PER_INTERFACE_STAGE
prediction/deformation_contribution_ledger.csv,DeformationContributionLedger,unique_source_key_rule,string,False,0..1,dimensionless,,,blank allowed unless required,Schema field unique_source_key_rule in prediction/deformation_contribution_ledger.csv,sample_id+source_class+source_id+origin_stage_id+increment_definition_id
prediction/deformation_contribution_ledger.csv,DeformationContributionLedger,parent_ledger_id_optional,string,False,0..1,dimensionless,,,blank allowed unless required,Schema field parent_ledger_id_optional in prediction/deformation_contribution_ledger.csv,
prediction/deformation_contribution_ledger.csv,DeformationContributionLedger,ledger_hash,string,False,0..1,dimensionless,,,blank allowed unless required,Schema field ledger_hash in prediction/deformation_contribution_ledger.csv,208dbf555caca87454870f95543e8d8dbe0a051eb4917673f18dde2b31045acd
prediction/deformation_contribution_ledger.csv,DeformationContributionLedger,quality_flag,string,False,0..1,dimensionless,,,blank allowed unless required,Schema field quality_flag in prediction/deformation_contribution_ledger.csv,PASS
prediction/deformation_contribution_ledger.csv,DeformationContributionLedger,metadata,string,False,0..1,dimensionless,,,blank allowed unless required,Schema field metadata in prediction/deformation_contribution_ledger.csv,"{""data_nature"":""SYNTHETIC_NUMERICAL_CONSISTENCY_CASE"",""engineering_claim_allowed"":false,""schema_version"":""V2.5"",""schema_revision"":""MULTI_PART_SERIAL_PARALLEL_2026-07""}"
prediction/double_count_check_result.csv,DoubleCountCheckResult,double_count_check_id,string,False,0..1,dimensionless,,object identifier or foreign key per schema,blank allowed unless required,Schema field double_count_check_id in prediction/double_count_check_result.csv,DCC_MULTIPART
prediction/double_count_check_result.csv,DoubleCountCheckResult,contribution_ledger_id,string,False,0..1,dimensionless,,object identifier or foreign key per schema,blank allowed unless required,Schema field contribution_ledger_id in prediction/double_count_check_result.csv,LEDGER_MULTIPART
prediction/double_count_check_result.csv,DoubleCountCheckResult,duplicate_source_ids,string,False,0..1,dimensionless,,,blank allowed unless required,Schema field duplicate_source_ids in prediction/double_count_check_result.csv,
prediction/double_count_check_result.csv,DoubleCountCheckResult,reference_state_conflicts,string,False,0..1,dimensionless,,,blank allowed unless required,Schema field reference_state_conflicts in prediction/double_count_check_result.csv,
prediction/double_count_check_result.csv,DoubleCountCheckResult,absolute_increment_conflicts,string,False,0..1,dimensionless,,,blank allowed unless required,Schema field absolute_increment_conflicts in prediction/double_count_check_result.csv,
prediction/double_count_check_result.csv,DoubleCountCheckResult,included_excluded_overlap,string,False,0..1,dimensionless,,,blank allowed unless required,Schema field included_excluded_overlap in prediction/double_count_check_result.csv,
prediction/double_count_check_result.csv,DoubleCountCheckResult,check_rules_version,string,False,0..1,dimensionless,,,blank allowed unless required,Schema field check_rules_version in prediction/double_count_check_result.csv,V2.5_MULTIPART
prediction/double_count_check_result.csv,DoubleCountCheckResult,pass_warn_fail,string,False,0..1,dimensionless,,,blank allowed unless required,Schema field pass_warn_fail in prediction/double_count_check_result.csv,PASS
prediction/double_count_check_result.csv,DoubleCountCheckResult,required_action,string,False,0..1,dimensionless,,,blank allowed unless required,Schema field required_action in prediction/double_count_check_result.csv,NONE
prediction/double_count_check_result.csv,DoubleCountCheckResult,metadata,string,False,0..1,dimensionless,,,blank allowed unless required,Schema field metadata in prediction/double_count_check_result.csv,"{""data_nature"":""SYNTHETIC_NUMERICAL_CONSISTENCY_CASE"",""engineering_claim_allowed"":false,""schema_version"":""V2.5"",""schema_revision"":""MULTI_PART_SERIAL_PARALLEL_2026-07""}"
prediction/equivalent_error_item.csv,EquivalentErrorItem,equivalent_error_id,string,False,0..1,dimensionless,,object identifier or foreign key per schema,blank allowed unless required,Schema field equivalent_error_id in prediction/equivalent_error_item.csv,EEI_1_RELEASE
prediction/equivalent_error_item.csv,EquivalentErrorItem,interface_id,string,False,0..1,dimensionless,,object identifier or foreign key per schema,blank allowed unless required,Schema field interface_id in prediction/equivalent_error_item.csv,G_AB
prediction/equivalent_error_item.csv,EquivalentErrorItem,stage_id,string,False,0..1,dimensionless,,object identifier or foreign key per schema,blank allowed unless required,Schema field stage_id in prediction/equivalent_error_item.csv,S_RELEASE_04
prediction/equivalent_error_item.csv,EquivalentErrorItem,contact_mode_id,string,False,0..1,dimensionless,,object identifier or foreign key per schema,blank allowed unless required,Schema field contact_mode_id in prediction/equivalent_error_item.csv,MODE_RELEASE_04
prediction/equivalent_error_item.csv,EquivalentErrorItem,error_vector,string,False,0..1,dimensionless,,,blank allowed unless required,Schema field error_vector in prediction/equivalent_error_item.csv,"[0.0010911862,0.0034898384,0.0029889227]"
prediction/equivalent_error_item.csv,EquivalentErrorItem,normal_compression_contribution,string,False,0..1,dimensionless,,,blank allowed unless required,Schema field normal_compression_contribution in prediction/equivalent_error_item.csv,"[0.0010911862,0.0,0.0]"
prediction/equivalent_error_item.csv,EquivalentErrorItem,tangential_slip_contribution_optional,string,False,0..1,dimensionless,,,blank allowed unless required,Schema field tangential_slip_contribution_optional in prediction/equivalent_error_item.csv,[]
prediction/equivalent_error_item.csv,EquivalentErrorItem,rebound_contribution_optional,string,False,0..1,dimensionless,,,blank allowed unless required,Schema field rebound_contribution_optional in prediction/equivalent_error_item.csv,"[0.0,0.0034898384,0.0029889227]"
prediction/equivalent_error_item.csv,EquivalentErrorItem,Rn_id,string,False,0..1,dimensionless,,object identifier or foreign key per schema,blank allowed unless required,Schema field Rn_id in prediction/equivalent_error_item.csv,RN_1
prediction/equivalent_error_item.csv,EquivalentErrorItem,Rt_id_optional,string,False,0..1,dimensionless,,,blank allowed unless required,Schema field Rt_id_optional in prediction/equivalent_error_item.csv,
prediction/equivalent_error_item.csv,EquivalentErrorItem,Rr_id_optional,string,False,0..1,dimensionless,,,blank allowed unless required,Schema field Rr_id_optional in prediction/equivalent_error_item.csv,RR_1
prediction/equivalent_error_item.csv,EquivalentErrorItem,covariance_optional,string,False,0..1,dimensionless,,,blank allowed unless required,Schema field covariance_optional in prediction/equivalent_error_item.csv,
prediction/equivalent_error_item.csv,EquivalentErrorItem,reference_state_id,string,False,0..1,dimensionless,,object identifier or foreign key per schema,blank allowed unless required,Schema field reference_state_id in prediction/equivalent_error_item.csv,REF_NOMINAL
prediction/equivalent_error_item.csv,EquivalentErrorItem,increment_definition_id,string,False,0..1,dimensionless,,object identifier or foreign key per schema,blank allowed unless required,Schema field increment_definition_id in prediction/equivalent_error_item.csv,INC_INTERFACE_RELEASE
prediction/equivalent_error_item.csv,EquivalentErrorItem,source_state_ids,string,False,0..1,dimensionless,,,blank allowed unless required,Schema field source_state_ids in prediction/equivalent_error_item.csv,IF_STATE_1_RELEASE_04
prediction/equivalent_error_item.csv,EquivalentErrorItem,quality_flag,string,False,0..1,dimensionless,,,blank allowed unless required,Schema field quality_flag in prediction/equivalent_error_item.csv,PASS
prediction/equivalent_error_item.csv,EquivalentErrorItem,metadata,string,False,0..1,dimensionless,,,blank allowed unless required,Schema field metadata in prediction/equivalent_error_item.csv,"{""data_nature"":""SYNTHETIC_NUMERICAL_CONSISTENCY_CASE"",""engineering_claim_allowed"":false,""schema_version"":""V2.5"",""schema_revision"":""MULTI_PART_SERIAL_PARALLEL_2026-07""}"
prediction/jt_transfer_model.csv,JtTransferModel,jt_model_id,string,False,0..1,dimensionless,,object identifier or foreign key per schema,blank allowed unless required,Schema field jt_model_id in prediction/jt_transfer_model.csv,JT_MULTIPART
prediction/jt_transfer_model.csv,JtTransferModel,kcp_ids,string,False,0..1,dimensionless,,,blank allowed unless required,Schema field kcp_ids in prediction/jt_transfer_model.csv,KCP_END_GAP;KCP_STEP_AB;KCP_PARALLEL_BALANCE
prediction/jt_transfer_model.csv,JtTransferModel,part_pose_source_ids,string,False,0..1,dimensionless,,,blank allowed unless required,Schema field part_pose_source_ids in prediction/jt_transfer_model.csv,PART_STATE_PANEL_RELEASE_04;PART_STATE_RIB_RELEASE_04;PART_STATE_SPAR_RELEASE_04;PART_STATE_BRACKET_RELEASE_04
prediction/jt_transfer_model.csv,JtTransferModel,interface_error_source_ids,string,False,0..1,dimensionless,,,blank allowed unless required,Schema field interface_error_source_ids in prediction/jt_transfer_model.csv,EEI_1_RELEASE;EEI_2_RELEASE;EEI_3_RELEASE;EEI_4_RELEASE
prediction/jt_transfer_model.csv,JtTransferModel,J_part_matrices,string,False,0..1,dimensionless,,,blank allowed unless required,Schema field J_part_matrices in prediction/jt_transfer_model.csv,J_PART_ALL
prediction/jt_transfer_model.csv,JtTransferModel,J_interface_matrices,string,False,0..1,dimensionless,,,blank allowed unless required,Schema field J_interface_matrices in prediction/jt_transfer_model.csv,J_INTERFACE_ALL
prediction/jt_transfer_model.csv,JtTransferModel,J_process_matrix,string,False,0..1,dimensionless,,,blank allowed unless required,Schema field J_process_matrix in prediction/jt_transfer_model.csv,J_PROCESS_ALL
prediction/jt_transfer_model.csv,JtTransferModel,linearization_state,string,False,0..1,dimensionless,,,blank allowed unless required,Schema field linearization_state in prediction/jt_transfer_model.csv,REF_NOMINAL
prediction/jt_transfer_model.csv,JtTransferModel,validity_range,string,False,0..1,dimensionless,,,blank allowed unless required,Schema field validity_range in prediction/jt_transfer_model.csv,VD_MULTIPART
prediction/jt_transfer_model.csv,JtTransferModel,metadata,string,False,0..1,dimensionless,,,blank allowed unless required,Schema field metadata in prediction/jt_transfer_model.csv,"{""data_nature"":""SYNTHETIC_NUMERICAL_CONSISTENCY_CASE"",""engineering_claim_allowed"":false,""schema_version"":""V2.5"",""schema_revision"":""MULTI_PART_SERIAL_PARALLEL_2026-07""}"
prediction/kcp_prediction_result.csv,KcpPredictionResult,prediction_result_id,string,False,0..1,dimensionless,,object identifier or foreign key per schema,blank allowed unless required,Schema field prediction_result_id in prediction/kcp_prediction_result.csv,PRED_MULTIPART
prediction/kcp_prediction_result.csv,KcpPredictionResult,prediction_input_id,string,False,0..1,dimensionless,,object identifier or foreign key per schema,blank allowed unless required,Schema field prediction_input_id in prediction/kcp_prediction_result.csv,INPUT_MULTIPART
prediction/kcp_prediction_result.csv,KcpPredictionResult,kcp_ids,string,False,0..1,dimensionless,,,blank allowed unless required,Schema field kcp_ids in prediction/kcp_prediction_result.csv,KCP_END_GAP;KCP_STEP_AB;KCP_PARALLEL_BALANCE
prediction/kcp_prediction_result.csv,KcpPredictionResult,predicted_values,string,False,0..1,dimensionless,,,blank allowed unless required,Schema field predicted_values in prediction/kcp_prediction_result.csv,"[0.0092070493,0.000454407,0.0018970489]"
prediction/kcp_prediction_result.csv,KcpPredictionResult,nominal_values,string,False,0..1,dimensionless,,,blank allowed unless required,Schema field nominal_values in prediction/kcp_prediction_result.csv,"[0.0,0.0,0.0]"
prediction/kcp_prediction_result.csv,KcpPredictionResult,tolerance_status,string,False,0..1,dimensionless,,,blank allowed unless required,Schema field tolerance_status in prediction/kcp_prediction_result.csv,PASS
prediction/kcp_prediction_result.csv,KcpPredictionResult,sms_contribution,string,False,0..1,dimensionless,,,blank allowed unless required,Schema field sms_contribution in prediction/kcp_prediction_result.csv,"[0.009,0.001,0.002]"
prediction/kcp_prediction_result.csv,KcpPredictionResult,contact_contribution,string,False,0..1,dimensionless,,,blank allowed unless required,Schema field contact_contribution in prediction/kcp_prediction_result.csv,"[0.0002070493,-0.000545593,-0.0001029511]"
prediction/kcp_prediction_result.csv,KcpPredictionResult,slip_contribution_optional,string,False,0..1,dimensionless,,,blank allowed unless required,Schema field slip_contribution_optional in prediction/kcp_prediction_result.csv,[]
prediction/kcp_prediction_result.csv,KcpPredictionResult,rebound_contribution,string,False,0..1,dimensionless,,,blank allowed unless required,Schema field rebound_contribution in prediction/kcp_prediction_result.csv,"[0.0,0.0,0.0]"
prediction/kcp_prediction_result.csv,KcpPredictionResult,process_contribution,string,False,0..1,dimensionless,,,blank allowed unless required,Schema field process_contribution in prediction/kcp_prediction_result.csv,"[0.0,0.0,0.0]"
prediction/kcp_prediction_result.csv,KcpPredictionResult,measurement_uncertainty_contribution_optional,string,False,0..1,dimensionless,,,blank allowed unless required,Schema field measurement_uncertainty_contribution_optional in prediction/kcp_prediction_result.csv,[]
prediction/kcp_prediction_result.csv,KcpPredictionResult,contribution_reference_state_ids,string,False,0..1,dimensionless,,,blank allowed unless required,Schema field contribution_reference_state_ids in prediction/kcp_prediction_result.csv,REF_NOMINAL
prediction/kcp_prediction_result.csv,KcpPredictionResult,contact_mode_ids,string,False,0..1,dimensionless,,,blank allowed unless required,Schema field contact_mode_ids in prediction/kcp_prediction_result.csv,MODE_LOCATE_01;MODE_CLAMP_02;MODE_JOIN_03;MODE_RELEASE_04
prediction/kcp_prediction_result.csv,KcpPredictionResult,out_of_domain_flags,string,False,0..1,dimensionless,,,blank allowed unless required,Schema field out_of_domain_flags in prediction/kcp_prediction_result.csv,[]
prediction/kcp_prediction_result.csv,KcpPredictionResult,runtime_breakdown,string,False,0..1,dimensionless,,,blank allowed unless required,Schema field runtime_breakdown in prediction/kcp_prediction_result.csv,"{""case"":""synthetic_fixture""}"
prediction/kcp_prediction_result.csv,KcpPredictionResult,convergence_summary,string,False,0..1,dimensionless,,,blank allowed unless required,Schema field convergence_summary in prediction/kcp_prediction_result.csv,ALL_4_STAGES_CONVERGED
prediction/kcp_prediction_result.csv,KcpPredictionResult,contribution_ledger_id,string,False,0..1,dimensionless,,object identifier or foreign key per schema,blank allowed unless required,Schema field contribution_ledger_id in prediction/kcp_prediction_result.csv,LEDGER_MULTIPART
prediction/kcp_prediction_result.csv,KcpPredictionResult,double_count_check_result_id,string,False,0..1,dimensionless,,object identifier or foreign key per schema,blank allowed unless required,Schema field double_count_check_result_id in prediction/kcp_prediction_result.csv,DCC_MULTIPART
prediction/kcp_prediction_result.csv,KcpPredictionResult,aggregation_policy,string,False,0..1,dimensionless,,,blank allowed unless required,Schema field aggregation_policy in prediction/kcp_prediction_result.csv,ONE_SMS_PER_PART_PLUS_ONE_INCREMENT_PER_INTERFACE_STAGE
prediction/kcp_prediction_result.csv,KcpPredictionResult,source_consumption_summary,string,False,0..1,dimensionless,,,blank allowed unless required,Schema field source_consumption_summary in prediction/kcp_prediction_result.csv,"{""sms_records"":4,""interface_stage_increment_records"":12}"
prediction/kcp_prediction_result.csv,KcpPredictionResult,reference_state_consistency_flag,string,False,0..1,dimensionless,,,blank allowed unless required,Schema field reference_state_consistency_flag in prediction/kcp_prediction_result.csv,PASS
prediction/kcp_prediction_result.csv,KcpPredictionResult,quality_flag,string,False,0..1,dimensionless,,,blank allowed unless required,Schema field quality_flag in prediction/kcp_prediction_result.csv,PASS
prediction/kcp_prediction_result.csv,KcpPredictionResult,metadata,string,False,0..1,dimensionless,,,blank allowed unless required,Schema field metadata in prediction/kcp_prediction_result.csv,"{""data_nature"":""SYNTHETIC_NUMERICAL_CONSISTENCY_CASE"",""engineering_claim_allowed"":false,""schema_version"":""V2.5"",""schema_revision"":""MULTI_PART_SERIAL_PARALLEL_2026-07""}"
sms_update/sms_basis.csv,SmsBasis,basis_id,string,False,0..1,dimensionless,,object identifier or foreign key per schema,blank allowed unless required,Schema field basis_id in sms_update/sms_basis.csv,SMS_BASIS_PANEL
sms_update/sms_basis.csv,SmsBasis,part_id,string,False,0..1,dimensionless,,object identifier or foreign key per schema,blank allowed unless required,Schema field part_id in sms_update/sms_basis.csv,P_A
sms_update/sms_basis.csv,SmsBasis,basis_type,string,False,0..1,dimensionless,,,blank allowed unless required,Schema field basis_type in sms_update/sms_basis.csv,synthetic_single_normal_mode
sms_update/sms_basis.csv,SmsBasis,N_matrix_id,string,False,0..1,dimensionless,,object identifier or foreign key per schema,blank allowed unless required,Schema field N_matrix_id in sms_update/sms_basis.csv,SMS_BASIS_PANEL
sms_update/sms_basis.csv,SmsBasis,mode_names,string,False,0..1,dimensionless,,,blank allowed unless required,Schema field mode_names in sms_update/sms_basis.csv,MODE_NORMAL_1
sms_update/sms_basis.csv,SmsBasis,mode_units,string,False,0..1,dimensionless,,,blank allowed unless required,Schema field mode_units in sms_update/sms_basis.csv,mm
sms_update/sms_basis.csv,SmsBasis,orthogonality_info,string,False,0..1,dimensionless,,,blank allowed unless required,Schema field orthogonality_info in sms_update/sms_basis.csv,single_mode
sms_update/sms_basis.csv,SmsBasis,training_sample_ids,string,False,0..1,dimensionless,,,blank allowed unless required,Schema field training_sample_ids in sms_update/sms_basis.csv,SYNTHETIC_SEED
sms_update/sms_basis.csv,SmsBasis,retained_energy_ratio_optional,number,False,0..1,dimensionless,,,blank allowed unless required,Schema field retained_energy_ratio_optional in sms_update/sms_basis.csv,1.0
sms_update/sms_basis.csv,SmsBasis,boundary_constraints,string,False,0..1,dimensionless,,,blank allowed unless required,Schema field boundary_constraints in sms_update/sms_basis.csv,FREE_REFERENCE
sms_update/sms_basis.csv,SmsBasis,observable_kcm_ids,string,False,0..1,dimensionless,,,blank allowed unless required,Schema field observable_kcm_ids in sms_update/sms_basis.csv,KCM_PANEL_PROFILE
sms_update/sms_basis.csv,SmsBasis,metadata,string,False,0..1,dimensionless,,,blank allowed unless required,Schema field metadata in sms_update/sms_basis.csv,"{""data_nature"":""SYNTHETIC_NUMERICAL_CONSISTENCY_CASE"",""engineering_claim_allowed"":false,""schema_version"":""V2.5"",""schema_revision"":""MULTI_PART_SERIAL_PARALLEL_2026-07""}"
sms_update/sms_field.csv,SmsField,sms_field_id,string,False,0..1,dimensionless,,object identifier or foreign key per schema,blank allowed unless required,Schema field sms_field_id in sms_update/sms_field.csv,SMS_FIELD_PANEL
sms_update/sms_field.csv,SmsField,part_id,string,False,0..1,dimensionless,,object identifier or foreign key per schema,blank allowed unless required,Schema field part_id in sms_update/sms_field.csv,P_A
sms_update/sms_field.csv,SmsField,representation_type,string,False,0..1,dimensionless,,,blank allowed unless required,Schema field representation_type in sms_update/sms_field.csv,modal
sms_update/sms_field.csv,SmsField,reference_nominal_model_id,string,False,0..1,dimensionless,,object identifier or foreign key per schema,blank allowed unless required,Schema field reference_nominal_model_id in sms_update/sms_field.csv,NM_MULTIPART
sms_update/sms_field.csv,SmsField,coordinate_system_id,string,False,0..1,dimensionless,,object identifier or foreign key per schema,blank allowed unless required,Schema field coordinate_system_id in sms_update/sms_field.csv,CS_ASSEMBLY
sms_update/sms_field.csv,SmsField,value_location_type,string,False,0..1,dimensionless,,,blank allowed unless required,Schema field value_location_type in sms_update/sms_field.csv,contact_support_points
sms_update/sms_field.csv,SmsField,values,string,False,0..1,dimensionless,,,blank allowed unless required,Schema field values in sms_update/sms_field.csv,"[0.005,-0.002,0.003]"
sms_update/sms_field.csv,SmsField,direction_type,string,False,0..1,dimensionless,,,blank allowed unless required,Schema field direction_type in sms_update/sms_field.csv,surface_normal
sms_update/sms_field.csv,SmsField,basis_id_optional,string,False,0..1,dimensionless,,,blank allowed unless required,Schema field basis_id_optional in sms_update/sms_field.csv,SMS_BASIS_PANEL
sms_update/sms_field.csv,SmsField,alpha_optional,string,False,0..1,dimensionless,,,blank allowed unless required,Schema field alpha_optional in sms_update/sms_field.csv,[0.005]
sms_update/sms_field.csv,SmsField,covariance_optional,string,False,0..1,dimensionless,,,blank allowed unless required,Schema field covariance_optional in sms_update/sms_field.csv,COV_SMS_PANEL
sms_update/sms_field.csv,SmsField,support_state,string,False,0..1,dimensionless,,,blank allowed unless required,Schema field support_state in sms_update/sms_field.csv,FREE
sms_update/sms_field.csv,SmsField,gravity_compensation_state,string,False,0..1,dimensionless,,,blank allowed unless required,Schema field gravity_compensation_state in sms_update/sms_field.csv,COMPENSATED
sms_update/sms_field.csv,SmsField,source_measurement_set_id_optional,string,False,0..1,dimensionless,,,blank allowed unless required,Schema field source_measurement_set_id_optional in sms_update/sms_field.csv,SYNTHETIC_SEED
sms_update/sms_field.csv,SmsField,reconstruction_error,number,False,0..1,dimensionless,,,blank allowed unless required,Schema field reconstruction_error in sms_update/sms_field.csv,0.0
sms_update/sms_field.csv,SmsField,valid_region,string,False,0..1,dimensionless,,,blank allowed unless required,Schema field valid_region in sms_update/sms_field.csv,FIXTURE_ONLY
sms_update/sms_field.csv,SmsField,metadata,string,False,0..1,dimensionless,,,blank allowed unless required,Schema field metadata in sms_update/sms_field.csv,"{""data_nature"":""SYNTHETIC_NUMERICAL_CONSISTENCY_CASE"",""engineering_claim_allowed"":false,""schema_version"":""V2.5"",""schema_revision"":""MULTI_PART_SERIAL_PARALLEL_2026-07""}"
sms_update/sms_pointcloud_mapping.csv,SmsPointcloudMapping,mapping_id,string,False,0..1,dimensionless,,object identifier or foreign key per schema,blank allowed unless required,Schema field mapping_id in sms_update/sms_pointcloud_mapping.csv,SMS_MAP_AB
sms_update/sms_pointcloud_mapping.csv,SmsPointcloudMapping,part_id,string,False,0..1,dimensionless,,object identifier or foreign key per schema,blank allowed unless required,Schema field part_id in sms_update/sms_pointcloud_mapping.csv,P_A
sms_update/sms_pointcloud_mapping.csv,SmsPointcloudMapping,sms_field_id,string,False,0..1,dimensionless,,object identifier or foreign key per schema,blank allowed unless required,Schema field sms_field_id in sms_update/sms_pointcloud_mapping.csv,SMS_FIELD_PANEL
sms_update/sms_pointcloud_mapping.csv,SmsPointcloudMapping,contact_domain_id,string,False,0..1,dimensionless,,object identifier or foreign key per schema,blank allowed unless required,Schema field contact_domain_id in sms_update/sms_pointcloud_mapping.csv,CD_AB
sms_update/sms_pointcloud_mapping.csv,SmsPointcloudMapping,sms_representation_type,string,False,0..1,dimensionless,,,blank allowed unless required,Schema field sms_representation_type in sms_update/sms_pointcloud_mapping.csv,modal
sms_update/sms_pointcloud_mapping.csv,SmsPointcloudMapping,source_point_ids_or_mode_ids,string,False,0..1,dimensionless,,,blank allowed unless required,Schema field source_point_ids_or_mode_ids in sms_update/sms_pointcloud_mapping.csv,MODE_NORMAL_1
sms_update/sms_pointcloud_mapping.csv,SmsPointcloudMapping,target_contact_point_ids,string,False,0..1,dimensionless,,,blank allowed unless required,Schema field target_contact_point_ids in sms_update/sms_pointcloud_mapping.csv,CP_AB_01;CP_AB_02;CP_AB_03
sms_update/sms_pointcloud_mapping.csv,SmsPointcloudMapping,interpolation_method,string,False,0..1,dimensionless,,,blank allowed unless required,Schema field interpolation_method in sms_update/sms_pointcloud_mapping.csv,direct_synthetic_mode
sms_update/sms_pointcloud_mapping.csv,SmsPointcloudMapping,projection_direction_rule,string,False,0..1,dimensionless,,,blank allowed unless required,Schema field projection_direction_rule in sms_update/sms_pointcloud_mapping.csv,contact_normal
sms_update/sms_pointcloud_mapping.csv,SmsPointcloudMapping,G_gap_mapping_id,string,False,0..1,dimensionless,,object identifier or foreign key per schema,blank allowed unless required,Schema field G_gap_mapping_id in sms_update/sms_pointcloud_mapping.csv,G_GAP_AB
sms_update/sms_pointcloud_mapping.csv,SmsPointcloudMapping,mapping_residual_statistics,string,False,0..1,dimensionless,,,blank allowed unless required,Schema field mapping_residual_statistics in sms_update/sms_pointcloud_mapping.csv,"{""rmse"":0.0}"
sms_update/sms_pointcloud_mapping.csv,SmsPointcloudMapping,validity_region,string,False,0..1,dimensionless,,,blank allowed unless required,Schema field validity_region in sms_update/sms_pointcloud_mapping.csv,FIXTURE_ONLY
sms_update/sms_pointcloud_mapping.csv,SmsPointcloudMapping,metadata,string,False,0..1,dimensionless,,,blank allowed unless required,Schema field metadata in sms_update/sms_pointcloud_mapping.csv,"{""data_nature"":""SYNTHETIC_NUMERICAL_CONSISTENCY_CASE"",""engineering_claim_allowed"":false,""schema_version"":""V2.5"",""schema_revision"":""MULTI_PART_SERIAL_PARALLEL_2026-07""}"
sms_update/sms_update_config.csv,SmsUpdateConfig,update_config_id,string,False,0..1,dimensionless,,object identifier or foreign key per schema,blank allowed unless required,Schema field update_config_id in sms_update/sms_update_config.csv,SMS_CFG_PANEL
sms_update/sms_update_config.csv,SmsUpdateConfig,sms_prior_id,string,False,0..1,dimensionless,,object identifier or foreign key per schema,blank allowed unless required,Schema field sms_prior_id in sms_update/sms_update_config.csv,SMS_PRIOR_PANEL
sms_update/sms_update_config.csv,SmsUpdateConfig,sms_basis_id,string,False,0..1,dimensionless,,object identifier or foreign key per schema,blank allowed unless required,Schema field sms_basis_id in sms_update/sms_update_config.csv,SMS_BASIS_PANEL
sms_update/sms_update_config.csv,SmsUpdateConfig,kcm_measurement_set_ids,string,False,0..1,dimensionless,,,blank allowed unless required,Schema field kcm_measurement_set_ids in sms_update/sms_update_config.csv,MEAS_SET_PANEL
sms_update/sms_update_config.csv,SmsUpdateConfig,H_m_id,string,False,0..1,dimensionless,,object identifier or foreign key per schema,blank allowed unless required,Schema field H_m_id in sms_update/sms_update_config.csv,H_M_PANEL
sms_update/sms_update_config.csv,SmsUpdateConfig,R_m_id,string,False,0..1,dimensionless,,object identifier or foreign key per schema,blank allowed unless required,Schema field R_m_id in sms_update/sms_update_config.csv,COV_SMS_PANEL
sms_update/sms_update_config.csv,SmsUpdateConfig,regularization_type,string,False,0..1,dimensionless,,,blank allowed unless required,Schema field regularization_type in sms_update/sms_update_config.csv,TIKHONOV
sms_update/sms_update_config.csv,SmsUpdateConfig,regularization_matrix_L,string,False,0..1,dimensionless,,,blank allowed unless required,Schema field regularization_matrix_L in sms_update/sms_update_config.csv,IDENTITY
sms_update/sms_update_config.csv,SmsUpdateConfig,lambda_value,number,False,0..1,dimensionless,,,blank allowed unless required,Schema field lambda_value in sms_update/sms_update_config.csv,0.0
sms_update/sms_update_config.csv,SmsUpdateConfig,lambda_selection_method,string,False,0..1,dimensionless,,,blank allowed unless required,Schema field lambda_selection_method in sms_update/sms_update_config.csv,FIXED_SYNTHETIC
sms_update/sms_update_config.csv,SmsUpdateConfig,constraints_optional,string,False,0..1,dimensionless,,,blank allowed unless required,Schema field constraints_optional in sms_update/sms_update_config.csv,
sms_update/sms_update_config.csv,SmsUpdateConfig,solver_name,string,False,0..1,dimensionless,,,blank allowed unless required,Schema field solver_name in sms_update/sms_update_config.csv,DIRECT
sms_update/sms_update_config.csv,SmsUpdateConfig,convergence_tolerance,number,False,0..1,dimensionless,,,blank allowed unless required,Schema field convergence_tolerance in sms_update/sms_update_config.csv,1e-10
sms_update/sms_update_config.csv,SmsUpdateConfig,data_role_allowed,string,False,0..1,dimensionless,,,blank allowed unless required,Schema field data_role_allowed in sms_update/sms_update_config.csv,IDENTIFY
sms_update/sms_update_config.csv,SmsUpdateConfig,measurement_state_snapshot_id,string,False,0..1,dimensionless,,object identifier or foreign key per schema,blank allowed unless required,Schema field measurement_state_snapshot_id in sms_update/sms_update_config.csv,MEAS_STATE_PANEL
sms_update/sms_update_config.csv,SmsUpdateConfig,compensation_result_id,string,False,0..1,dimensionless,,object identifier or foreign key per schema,blank allowed unless required,Schema field compensation_result_id in sms_update/sms_update_config.csv,COMP_PANEL
sms_update/sms_update_config.csv,SmsUpdateConfig,target_reference_state_id,string,False,0..1,dimensionless,,object identifier or foreign key per schema,blank allowed unless required,Schema field target_reference_state_id in sms_update/sms_update_config.csv,REF_NOMINAL
sms_update/sms_update_config.csv,SmsUpdateConfig,allowed_compensation_methods,string,False,0..1,dimensionless,,,blank allowed unless required,Schema field allowed_compensation_methods in sms_update/sms_update_config.csv,FE_CORRECTION
sms_update/sms_update_config.csv,SmsUpdateConfig,forbidden_deformation_source_ids,string,False,0..1,dimensionless,,,blank allowed unless required,Schema field forbidden_deformation_source_ids in sms_update/sms_update_config.csv,GRAVITY_M;FIXTURE_M;LOCAL_CONTACT_M
sms_update/sms_update_config.csv,SmsUpdateConfig,metadata,string,False,0..1,dimensionless,,,blank allowed unless required,Schema field metadata in sms_update/sms_update_config.csv,"{""data_nature"":""SYNTHETIC_NUMERICAL_CONSISTENCY_CASE"",""engineering_claim_allowed"":false,""schema_version"":""V2.5"",""schema_revision"":""MULTI_PART_SERIAL_PARALLEL_2026-07""}"
sms_update/sms_update_result.csv,SmsUpdateResult,update_result_id,string,False,0..1,dimensionless,,object identifier or foreign key per schema,blank allowed unless required,Schema field update_result_id in sms_update/sms_update_result.csv,SMS_UPD_PANEL
sms_update/sms_update_result.csv,SmsUpdateResult,update_config_id,string,False,0..1,dimensionless,,object identifier or foreign key per schema,blank allowed unless required,Schema field update_config_id in sms_update/sms_update_result.csv,SMS_CFG_PANEL
sms_update/sms_update_result.csv,SmsUpdateResult,alpha_prior,string,False,0..1,dimensionless,,,blank allowed unless required,Schema field alpha_prior in sms_update/sms_update_result.csv,[0.0]
sms_update/sms_update_result.csv,SmsUpdateResult,covariance_prior,string,False,0..1,dimensionless,,,blank allowed unless required,Schema field covariance_prior in sms_update/sms_update_result.csv,COV_SMS_PANEL
sms_update/sms_update_result.csv,SmsUpdateResult,alpha_posterior,string,False,0..1,dimensionless,,,blank allowed unless required,Schema field alpha_posterior in sms_update/sms_update_result.csv,[0.005]
sms_update/sms_update_result.csv,SmsUpdateResult,covariance_posterior,string,False,0..1,dimensionless,,,blank allowed unless required,Schema field covariance_posterior in sms_update/sms_update_result.csv,COV_SMS_PANEL
sms_update/sms_update_result.csv,SmsUpdateResult,reconstructed_sms_field_id,string,False,0..1,dimensionless,,object identifier or foreign key per schema,blank allowed unless required,Schema field reconstructed_sms_field_id in sms_update/sms_update_result.csv,SMS_FIELD_PANEL
sms_update/sms_update_result.csv,SmsUpdateResult,predicted_kcm,string,False,0..1,dimensionless,,,blank allowed unless required,Schema field predicted_kcm in sms_update/sms_update_result.csv,[0.005]
sms_update/sms_update_result.csv,SmsUpdateResult,residual_kcm,string,False,0..1,dimensionless,,,blank allowed unless required,Schema field residual_kcm in sms_update/sms_update_result.csv,[0.0]
sms_update/sms_update_result.csv,SmsUpdateResult,weighted_residual_norm,number,False,0..1,dimensionless,,,blank allowed unless required,Schema field weighted_residual_norm in sms_update/sms_update_result.csv,0.0
sms_update/sms_update_result.csv,SmsUpdateResult,regularization_norm,number,False,0..1,dimensionless,,,blank allowed unless required,Schema field regularization_norm in sms_update/sms_update_result.csv,0.0
sms_update/sms_update_result.csv,SmsUpdateResult,condition_number,number,False,0..1,dimensionless,,,blank allowed unless required,Schema field condition_number in sms_update/sms_update_result.csv,1.0
sms_update/sms_update_result.csv,SmsUpdateResult,observability_rank,boolean,False,0..1,dimensionless,,,blank allowed unless required,Schema field observability_rank in sms_update/sms_update_result.csv,1
sms_update/sms_update_result.csv,SmsUpdateResult,posterior_variance_reduction,number,False,0..1,dimensionless,,,blank allowed unless required,Schema field posterior_variance_reduction in sms_update/sms_update_result.csv,0.0
sms_update/sms_update_result.csv,SmsUpdateResult,active_constraints,string,False,0..1,dimensionless,,,blank allowed unless required,Schema field active_constraints in sms_update/sms_update_result.csv,[]
sms_update/sms_update_result.csv,SmsUpdateResult,reference_state_id,string,False,0..1,dimensionless,,object identifier or foreign key per schema,blank allowed unless required,Schema field reference_state_id in sms_update/sms_update_result.csv,REF_NOMINAL
sms_update/sms_update_result.csv,SmsUpdateResult,compensation_trace_ids,string,False,0..1,dimensionless,,,blank allowed unless required,Schema field compensation_trace_ids in sms_update/sms_update_result.csv,COMP_PANEL
sms_update/sms_update_result.csv,SmsUpdateResult,included_source_ids,string,False,0..1,dimensionless,,,blank allowed unless required,Schema field included_source_ids in sms_update/sms_update_result.csv,SYNTHETIC_PANEL_SMS
sms_update/sms_update_result.csv,SmsUpdateResult,excluded_source_ids,string,False,0..1,dimensionless,,,blank allowed unless required,Schema field excluded_source_ids in sms_update/sms_update_result.csv,GRAVITY_M;FIXTURE_M;LOCAL_CONTACT_M
sms_update/sms_update_result.csv,SmsUpdateResult,transfer_package_id,string,False,0..1,dimensionless,,object identifier or foreign key per schema,blank allowed unless required,Schema field transfer_package_id in sms_update/sms_update_result.csv,SMS_TRANSFER_PANEL
sms_update/sms_update_result.csv,SmsUpdateResult,posterior_cross_covariance_optional,string,False,0..1,dimensionless,,,blank allowed unless required,Schema field posterior_cross_covariance_optional in sms_update/sms_update_result.csv,
sms_update/sms_update_result.csv,SmsUpdateResult,quality_flag,string,False,0..1,dimensionless,,,blank allowed unless required,Schema field quality_flag in sms_update/sms_update_result.csv,PASS
sms_update/sms_update_result.csv,SmsUpdateResult,metadata,string,False,0..1,dimensionless,,,blank allowed unless required,Schema field metadata in sms_update/sms_update_result.csv,"{""data_nature"":""SYNTHETIC_NUMERICAL_CONSISTENCY_CASE"",""engineering_claim_allowed"":false,""schema_version"":""V2.5"",""schema_revision"":""MULTI_PART_SERIAL_PARALLEL_2026-07""}"
sms_update/sms_update_transfer_package.csv,SmsUpdateTransferPackage,sms_transfer_package_id,string,False,0..1,dimensionless,,object identifier or foreign key per schema,blank allowed unless required,Schema field sms_transfer_package_id in sms_update/sms_update_transfer_package.csv,SMS_TRANSFER_PANEL
sms_update/sms_update_transfer_package.csv,SmsUpdateTransferPackage,part_id,string,False,0..1,dimensionless,,object identifier or foreign key per schema,blank allowed unless required,Schema field part_id in sms_update/sms_update_transfer_package.csv,P_A
sms_update/sms_update_transfer_package.csv,SmsUpdateTransferPackage,sample_id,string,False,0..1,dimensionless,,object identifier or foreign key per schema,blank allowed unless required,Schema field sample_id in sms_update/sms_update_transfer_package.csv,SAMPLE_001
sms_update/sms_update_transfer_package.csv,SmsUpdateTransferPackage,sms_update_result_id,string,False,0..1,dimensionless,,object identifier or foreign key per schema,blank allowed unless required,Schema field sms_update_result_id in sms_update/sms_update_transfer_package.csv,SMS_UPD_PANEL
sms_update/sms_update_transfer_package.csv,SmsUpdateTransferPackage,reconstructed_sms_field_id,string,False,0..1,dimensionless,,object identifier or foreign key per schema,blank allowed unless required,Schema field reconstructed_sms_field_id in sms_update/sms_update_transfer_package.csv,SMS_FIELD_PANEL
sms_update/sms_update_transfer_package.csv,SmsUpdateTransferPackage,alpha_posterior,string,False,0..1,dimensionless,,,blank allowed unless required,Schema field alpha_posterior in sms_update/sms_update_transfer_package.csv,[0.005]
sms_update/sms_update_transfer_package.csv,SmsUpdateTransferPackage,covariance_posterior,string,False,0..1,dimensionless,,,blank allowed unless required,Schema field covariance_posterior in sms_update/sms_update_transfer_package.csv,COV_SMS_PANEL
sms_update/sms_update_transfer_package.csv,SmsUpdateTransferPackage,target_reference_state_id,string,False,0..1,dimensionless,,object identifier or foreign key per schema,blank allowed unless required,Schema field target_reference_state_id in sms_update/sms_update_transfer_package.csv,REF_NOMINAL
sms_update/sms_update_transfer_package.csv,SmsUpdateTransferPackage,compensation_result_id,string,False,0..1,dimensionless,,object identifier or foreign key per schema,blank allowed unless required,Schema field compensation_result_id in sms_update/sms_update_transfer_package.csv,COMP_PANEL
sms_update/sms_update_transfer_package.csv,SmsUpdateTransferPackage,included_source_ids,string,False,0..1,dimensionless,,,blank allowed unless required,Schema field included_source_ids in sms_update/sms_update_transfer_package.csv,SYNTHETIC_PANEL_SMS
sms_update/sms_update_transfer_package.csv,SmsUpdateTransferPackage,excluded_source_ids,string,False,0..1,dimensionless,,,blank allowed unless required,Schema field excluded_source_ids in sms_update/sms_update_transfer_package.csv,GRAVITY_M;FIXTURE_M;LOCAL_CONTACT_M
sms_update/sms_update_transfer_package.csv,SmsUpdateTransferPackage,valid_for_stage_ids,string,False,0..1,dimensionless,,,blank allowed unless required,Schema field valid_for_stage_ids in sms_update/sms_update_transfer_package.csv,S_LOCATE_01;S_CLAMP_02;S_JOIN_03;S_RELEASE_04
sms_update/sms_update_transfer_package.csv,SmsUpdateTransferPackage,gap_mapping_version,string,False,0..1,dimensionless,,,blank allowed unless required,Schema field gap_mapping_version in sms_update/sms_update_transfer_package.csv,MULTIPART_LAYOUT_12
sms_update/sms_update_transfer_package.csv,SmsUpdateTransferPackage,package_hash,string,False,0..1,dimensionless,,,blank allowed unless required,Schema field package_hash in sms_update/sms_update_transfer_package.csv,5eba0926cedd36cf19a5fca691c27065414183bcbaf815c3008b6508a9687d3c
sms_update/sms_update_transfer_package.csv,SmsUpdateTransferPackage,quality_flag,string,False,0..1,dimensionless,,,blank allowed unless required,Schema field quality_flag in sms_update/sms_update_transfer_package.csv,PASS
sms_update/sms_update_transfer_package.csv,SmsUpdateTransferPackage,metadata,string,False,0..1,dimensionless,,,blank allowed unless required,Schema field metadata in sms_update/sms_update_transfer_package.csv,"{""data_nature"":""SYNTHETIC_NUMERICAL_CONSISTENCY_CASE"",""engineering_claim_allowed"":false,""schema_version"":""V2.5"",""schema_revision"":""MULTI_PART_SERIAL_PARALLEL_2026-07""}"
solver/active_set_stability_trace.csv,ActiveSetStabilityTrace,trace_id,string,False,0..1,dimensionless,,object identifier or foreign key per schema,blank allowed unless required,Schema field trace_id in solver/active_set_stability_trace.csv,AST_S_LOCATE_01
solver/active_set_stability_trace.csv,ActiveSetStabilityTrace,solution_id,string,False,0..1,dimensionless,,object identifier or foreign key per schema,blank allowed unless required,Schema field solution_id in solver/active_set_stability_trace.csv,ELCP_SOL_S_LOCATE_01
solver/active_set_stability_trace.csv,ActiveSetStabilityTrace,iteration_contact_sets,string,False,0..1,dimensionless,,,blank allowed unless required,Schema field iteration_contact_sets in solver/active_set_stability_trace.csv,[[]]
solver/active_set_stability_trace.csv,ActiveSetStabilityTrace,mode_switch_count,boolean,False,0..1,dimensionless,,,blank allowed unless required,Schema field mode_switch_count in solver/active_set_stability_trace.csv,0
solver/active_set_stability_trace.csv,ActiveSetStabilityTrace,rho_chi_history,string,False,0..1,dimensionless,,,blank allowed unless required,Schema field rho_chi_history in solver/active_set_stability_trace.csv,[1.0]
solver/active_set_stability_trace.csv,ActiveSetStabilityTrace,final_rho_chi,number,False,0..1,dimensionless,,,blank allowed unless required,Schema field final_rho_chi in solver/active_set_stability_trace.csv,1.0
solver/active_set_stability_trace.csv,ActiveSetStabilityTrace,oscillation_flag,boolean,False,0..1,dimensionless,,,blank allowed unless required,Schema field oscillation_flag in solver/active_set_stability_trace.csv,FALSE
solver/active_set_stability_trace.csv,ActiveSetStabilityTrace,stabilization_action,string,False,0..1,dimensionless,,,blank allowed unless required,Schema field stabilization_action in solver/active_set_stability_trace.csv,NONE
solver/active_set_stability_trace.csv,ActiveSetStabilityTrace,quality_flag,string,False,0..1,dimensionless,,,blank allowed unless required,Schema field quality_flag in solver/active_set_stability_trace.csv,PASS
solver/active_set_stability_trace.csv,ActiveSetStabilityTrace,metadata,string,False,0..1,dimensionless,,,blank allowed unless required,Schema field metadata in solver/active_set_stability_trace.csv,"{""data_nature"":""SYNTHETIC_NUMERICAL_CONSISTENCY_CASE"",""engineering_claim_allowed"":false,""schema_version"":""V2.5"",""schema_revision"":""MULTI_PART_SERIAL_PARALLEL_2026-07""}"
solver/complementarity_solver_config.csv,ComplementaritySolverConfig,solver_config_id,string,False,0..1,dimensionless,,object identifier or foreign key per schema,blank allowed unless required,Schema field solver_config_id in solver/complementarity_solver_config.csv,SOLVER_CFG_MULTIPART
solver/complementarity_solver_config.csv,ComplementaritySolverConfig,solver_type,string,False,0..1,dimensionless,,,blank allowed unless required,Schema field solver_type in solver/complementarity_solver_config.csv,ACTIVE_SET_ENUMERATION_FIXTURE
solver/complementarity_solver_config.csv,ComplementaritySolverConfig,active_set_initialization,string,False,0..1,dimensionless,,,blank allowed unless required,Schema field active_set_initialization in solver/complementarity_solver_config.csv,WARM_START_PREVIOUS_STAGE
solver/complementarity_solver_config.csv,ComplementaritySolverConfig,gap_tolerance,number,False,0..1,dimensionless,,,blank allowed unless required,Schema field gap_tolerance in solver/complementarity_solver_config.csv,1e-8
solver/complementarity_solver_config.csv,ComplementaritySolverConfig,force_tolerance,number,False,0..1,dimensionless,,,blank allowed unless required,Schema field force_tolerance in solver/complementarity_solver_config.csv,1e-8
solver/complementarity_solver_config.csv,ComplementaritySolverConfig,complementarity_tolerance,number,False,0..1,dimensionless,,,blank allowed unless required,Schema field complementarity_tolerance in solver/complementarity_solver_config.csv,1e-8
solver/complementarity_solver_config.csv,ComplementaritySolverConfig,maximum_iterations,integer,False,0..1,dimensionless,,,blank allowed unless required,Schema field maximum_iterations in solver/complementarity_solver_config.csv,4096
solver/complementarity_solver_config.csv,ComplementaritySolverConfig,scaling_rule,string,False,0..1,dimensionless,,,blank allowed unless required,Schema field scaling_rule in solver/complementarity_solver_config.csv,none
solver/complementarity_solver_config.csv,ComplementaritySolverConfig,line_search_or_regularization_optional,string,False,0..1,dimensionless,,,blank allowed unless required,Schema field line_search_or_regularization_optional in solver/complementarity_solver_config.csv,
solver/complementarity_solver_config.csv,ComplementaritySolverConfig,warm_start_enabled,boolean,False,0..1,dimensionless,,,blank allowed unless required,Schema field warm_start_enabled in solver/complementarity_solver_config.csv,TRUE
solver/complementarity_solver_config.csv,ComplementaritySolverConfig,fallback_solver_optional,string,False,0..1,dimensionless,,,blank allowed unless required,Schema field fallback_solver_optional in solver/complementarity_solver_config.csv,
solver/complementarity_solver_config.csv,ComplementaritySolverConfig,metadata,string,False,0..1,dimensionless,,,blank allowed unless required,Schema field metadata in solver/complementarity_solver_config.csv,"{""data_nature"":""SYNTHETIC_NUMERICAL_CONSISTENCY_CASE"",""engineering_claim_allowed"":false,""schema_version"":""V2.5"",""schema_revision"":""MULTI_PART_SERIAL_PARALLEL_2026-07""}"
solver/contact_computation_trace.csv,ContactComputationTrace,trace_id,string,False,0..1,dimensionless,,object identifier or foreign key per schema,blank allowed unless required,Schema field trace_id in solver/contact_computation_trace.csv,TRACE_1_S_LOCATE_01
solver/contact_computation_trace.csv,ContactComputationTrace,sample_id,string,False,0..1,dimensionless,,object identifier or foreign key per schema,blank allowed unless required,Schema field sample_id in solver/contact_computation_trace.csv,SAMPLE_001
solver/contact_computation_trace.csv,ContactComputationTrace,stage_id,string,False,0..1,dimensionless,,object identifier or foreign key per schema,blank allowed unless required,Schema field stage_id in solver/contact_computation_trace.csv,S_LOCATE_01
solver/contact_computation_trace.csv,ContactComputationTrace,contact_domain_id,string,False,0..1,dimensionless,,object identifier or foreign key per schema,blank allowed unless required,Schema field contact_domain_id in solver/contact_computation_trace.csv,CD_AB
solver/contact_computation_trace.csv,ContactComputationTrace,sms_transfer_package_ids,string,False,0..1,dimensionless,,,blank allowed unless required,Schema field sms_transfer_package_ids in solver/contact_computation_trace.csv,SMS_TRANSFER_PANEL;SMS_TRANSFER_RIB;SMS_TRANSFER_SPAR;SMS_TRANSFER_BRACKET
solver/contact_computation_trace.csv,ContactComputationTrace,gap_field_id,string,False,0..1,dimensionless,,object identifier or foreign key per schema,blank allowed unless required,Schema field gap_field_id in solver/contact_computation_trace.csv,GF_INITIAL_AB
solver/contact_computation_trace.csv,ContactComputationTrace,stage_input_id,string,False,0..1,dimensionless,,object identifier or foreign key per schema,blank allowed unless required,Schema field stage_input_id in solver/contact_computation_trace.csv,STAGE_INPUT_S_LOCATE_01
solver/contact_computation_trace.csv,ContactComputationTrace,condensed_operator_id,string,False,0..1,dimensionless,,object identifier or foreign key per schema,blank allowed unless required,Schema field condensed_operator_id in solver/contact_computation_trace.csv,COND_S_LOCATE_01
solver/contact_computation_trace.csv,ContactComputationTrace,q_vector_id,string,False,0..1,dimensionless,,object identifier or foreign key per schema,blank allowed unless required,Schema field q_vector_id in solver/contact_computation_trace.csv,Q_LOCATE_01
solver/contact_computation_trace.csv,ContactComputationTrace,W_struct_id,string,False,0..1,dimensionless,,object identifier or foreign key per schema,blank allowed unless required,Schema field W_struct_id in solver/contact_computation_trace.csv,W_STRUCT_LOCATE_01
solver/contact_computation_trace.csv,ContactComputationTrace,Cn_local_id,string,False,0..1,dimensionless,,object identifier or foreign key per schema,blank allowed unless required,Schema field Cn_local_id in solver/contact_computation_trace.csv,CN_ALL
solver/contact_computation_trace.csv,ContactComputationTrace,W_total_id,string,False,0..1,dimensionless,,object identifier or foreign key per schema,blank allowed unless required,Schema field W_total_id in solver/contact_computation_trace.csv,W_TOTAL_LOCATE_01
solver/contact_computation_trace.csv,ContactComputationTrace,lcp_solution_id,string,False,0..1,dimensionless,,object identifier or foreign key per schema,blank allowed unless required,Schema field lcp_solution_id in solver/contact_computation_trace.csv,LCP_SOL_S_LOCATE_01
solver/contact_computation_trace.csv,ContactComputationTrace,pressure_field_id,string,False,0..1,dimensionless,,object identifier or foreign key per schema,blank allowed unless required,Schema field pressure_field_id in solver/contact_computation_trace.csv,PRESSURE_LOCATE_01
solver/contact_computation_trace.csv,ContactComputationTrace,local_compression_field_id,string,False,0..1,dimensionless,,object identifier or foreign key per schema,blank allowed unless required,Schema field local_compression_field_id in solver/contact_computation_trace.csv,LOCAL_COMPRESSION_LOCATE_01
solver/contact_computation_trace.csv,ContactComputationTrace,cache_ids_used,string,False,0..1,dimensionless,,,blank allowed unless required,Schema field cache_ids_used in solver/contact_computation_trace.csv,FACT_S_LOCATE_01
solver/contact_computation_trace.csv,ContactComputationTrace,double_count_check_id,string,False,0..1,dimensionless,,object identifier or foreign key per schema,blank allowed unless required,Schema field double_count_check_id in solver/contact_computation_trace.csv,DCC_MULTIPART
solver/contact_computation_trace.csv,ContactComputationTrace,quality_flag,string,False,0..1,dimensionless,,,blank allowed unless required,Schema field quality_flag in solver/contact_computation_trace.csv,PASS
solver/contact_computation_trace.csv,ContactComputationTrace,metadata,string,False,0..1,dimensionless,,,blank allowed unless required,Schema field metadata in solver/contact_computation_trace.csv,"{""data_nature"":""SYNTHETIC_NUMERICAL_CONSISTENCY_CASE"",""engineering_claim_allowed"":false,""schema_version"":""V2.5"",""schema_revision"":""MULTI_PART_SERIAL_PARALLEL_2026-07""}"
solver/contact_mode.csv,ContactMode,contact_mode_id,string,False,0..1,dimensionless,,object identifier or foreign key per schema,blank allowed unless required,Schema field contact_mode_id in solver/contact_mode.csv,MODE_LOCATE_01
solver/contact_mode.csv,ContactMode,stage_id,string,False,0..1,dimensionless,,object identifier or foreign key per schema,blank allowed unless required,Schema field stage_id in solver/contact_mode.csv,S_LOCATE_01
solver/contact_mode.csv,ContactMode,active_contact_indices,string,False,0..1,dimensionless,,,blank allowed unless required,Schema field active_contact_indices in solver/contact_mode.csv,[]
solver/contact_mode.csv,ContactMode,stick_indices,string,False,0..1,dimensionless,,,blank allowed unless required,Schema field stick_indices in solver/contact_mode.csv,[]
solver/contact_mode.csv,ContactMode,slip_indices,string,False,0..1,dimensionless,,,blank allowed unless required,Schema field slip_indices in solver/contact_mode.csv,[]
solver/contact_mode.csv,ContactMode,mode_hash,string,False,0..1,dimensionless,,,blank allowed unless required,Schema field mode_hash in solver/contact_mode.csv,4f53cda18c2baa0c0354bb5f9a3ecbe5ed12ab4d8e11ba873c2f11161202b945
solver/contact_mode.csv,ContactMode,feasible_region_description,string,False,0..1,dimensionless,,,blank allowed unless required,Schema field feasible_region_description in solver/contact_mode.csv,global 12-point active set
solver/contact_mode.csv,ContactMode,representative_sample_ids,string,False,0..1,dimensionless,,,blank allowed unless required,Schema field representative_sample_ids in solver/contact_mode.csv,SAMPLE_001
solver/contact_mode.csv,ContactMode,occurrence_count,boolean,False,0..1,dimensionless,,,blank allowed unless required,Schema field occurrence_count in solver/contact_mode.csv,1
solver/contact_mode.csv,ContactMode,metadata,string,False,0..1,dimensionless,,,blank allowed unless required,Schema field metadata in solver/contact_mode.csv,"{""data_nature"":""SYNTHETIC_NUMERICAL_CONSISTENCY_CASE"",""engineering_claim_allowed"":false,""schema_version"":""V2.5"",""schema_revision"":""MULTI_PART_SERIAL_PARALLEL_2026-07""}"
solver/extended_lcp_solution.csv,ExtendedLcpSolution,solution_id,string,False,0..1,dimensionless,,object identifier or foreign key per schema,blank allowed unless required,Schema field solution_id in solver/extended_lcp_solution.csv,ELCP_SOL_S_LOCATE_01
solver/extended_lcp_solution.csv,ExtendedLcpSolution,overconstraint_model_id,string,False,0..1,dimensionless,,object identifier or foreign key per schema,blank allowed unless required,Schema field overconstraint_model_id in solver/extended_lcp_solution.csv,OCM_S_LOCATE_01
solver/extended_lcp_solution.csv,ExtendedLcpSolution,lambda_ext,string,False,0..1,dimensionless,,,blank allowed unless required,Schema field lambda_ext in solver/extended_lcp_solution.csv,"[0.0,0.0,0.0,0.0,0.0,0.0,0.0,0.0,0.0,0.0,0.0,0.0]"
solver/extended_lcp_solution.csv,ExtendedLcpSolution,gap_ext,string,False,0..1,dimensionless,,,blank allowed unless required,Schema field gap_ext in solver/extended_lcp_solution.csv,"[0.08,0.04,0.06,0.05,0.03,0.04,0.1,0.07,0.09,0.09,0.06,0.08]"
solver/extended_lcp_solution.csv,ExtendedLcpSolution,active_ext_indices,string,False,0..1,dimensionless,,,blank allowed unless required,Schema field active_ext_indices in solver/extended_lcp_solution.csv,[]
solver/extended_lcp_solution.csv,ExtendedLcpSolution,inactive_ext_indices,string,False,0..1,dimensionless,,,blank allowed unless required,Schema field inactive_ext_indices in solver/extended_lcp_solution.csv,"[0,1,2,3,4,5,6,7,8,9,10,11]"
solver/extended_lcp_solution.csv,ExtendedLcpSolution,bilateral_reaction_optional,string,False,0..1,dimensionless,,,blank allowed unless required,Schema field bilateral_reaction_optional in solver/extended_lcp_solution.csv,[]
solver/extended_lcp_solution.csv,ExtendedLcpSolution,locator_reaction_components,string,False,0..1,dimensionless,,,blank allowed unless required,Schema field locator_reaction_components in solver/extended_lcp_solution.csv,[]
solver/extended_lcp_solution.csv,ExtendedLcpSolution,clamp_reaction_components,string,False,0..1,dimensionless,,,blank allowed unless required,Schema field clamp_reaction_components in solver/extended_lcp_solution.csv,[]
solver/extended_lcp_solution.csv,ExtendedLcpSolution,joint_reaction_components,string,False,0..1,dimensionless,,,blank allowed unless required,Schema field joint_reaction_components in solver/extended_lcp_solution.csv,[]
solver/extended_lcp_solution.csv,ExtendedLcpSolution,pressure_field_id_optional,string,False,0..1,dimensionless,,,blank allowed unless required,Schema field pressure_field_id_optional in solver/extended_lcp_solution.csv,PRESSURE_LOCATE_01
solver/extended_lcp_solution.csv,ExtendedLcpSolution,local_compression_field_id_optional,string,False,0..1,dimensionless,,,blank allowed unless required,Schema field local_compression_field_id_optional in solver/extended_lcp_solution.csv,LOCAL_COMPRESSION_LOCATE_01
solver/extended_lcp_solution.csv,ExtendedLcpSolution,equilibrium_residual,number,False,0..1,dimensionless,,,blank allowed unless required,Schema field equilibrium_residual in solver/extended_lcp_solution.csv,0.0
solver/extended_lcp_solution.csv,ExtendedLcpSolution,gap_violation,number,False,0..1,dimensionless,,,blank allowed unless required,Schema field gap_violation in solver/extended_lcp_solution.csv,0.0
solver/extended_lcp_solution.csv,ExtendedLcpSolution,force_violation,number,False,0..1,dimensionless,,,blank allowed unless required,Schema field force_violation in solver/extended_lcp_solution.csv,0.0
solver/extended_lcp_solution.csv,ExtendedLcpSolution,complementarity_residual,number,False,0..1,dimensionless,,,blank allowed unless required,Schema field complementarity_residual in solver/extended_lcp_solution.csv,0.000e+00
solver/extended_lcp_solution.csv,ExtendedLcpSolution,active_set_stability_trace_id,string,False,0..1,dimensionless,,object identifier or foreign key per schema,blank allowed unless required,Schema field active_set_stability_trace_id in solver/extended_lcp_solution.csv,AST_S_LOCATE_01
solver/extended_lcp_solution.csv,ExtendedLcpSolution,force_nonuniqueness_report_id_optional,string,False,0..1,dimensionless,,,blank allowed unless required,Schema field force_nonuniqueness_report_id_optional in solver/extended_lcp_solution.csv,FNR_S_LOCATE_01
solver/extended_lcp_solution.csv,ExtendedLcpSolution,convergence_status,string,False,0..1,dimensionless,,,blank allowed unless required,Schema field convergence_status in solver/extended_lcp_solution.csv,CONVERGED_SYNTHETIC_ORACLE
solver/extended_lcp_solution.csv,ExtendedLcpSolution,quality_flag,string,False,0..1,dimensionless,,,blank allowed unless required,Schema field quality_flag in solver/extended_lcp_solution.csv,PASS
solver/extended_lcp_solution.csv,ExtendedLcpSolution,metadata,string,False,0..1,dimensionless,,,blank allowed unless required,Schema field metadata in solver/extended_lcp_solution.csv,"{""data_nature"":""SYNTHETIC_NUMERICAL_CONSISTENCY_CASE"",""engineering_claim_allowed"":false,""schema_version"":""V2.5"",""schema_revision"":""MULTI_PART_SERIAL_PARALLEL_2026-07""}"
solver/force_nonuniqueness_report.csv,ForceNonuniquenessReport,report_id,string,False,0..1,dimensionless,,object identifier or foreign key per schema,blank allowed unless required,Schema field report_id in solver/force_nonuniqueness_report.csv,FNR_S_LOCATE_01
solver/force_nonuniqueness_report.csv,ForceNonuniquenessReport,solution_id,string,False,0..1,dimensionless,,object identifier or foreign key per schema,blank allowed unless required,Schema field solution_id in solver/force_nonuniqueness_report.csv,ELCP_SOL_S_LOCATE_01
solver/force_nonuniqueness_report.csv,ForceNonuniquenessReport,active_submatrix_id,string,False,0..1,dimensionless,,object identifier or foreign key per schema,blank allowed unless required,Schema field active_submatrix_id in solver/force_nonuniqueness_report.csv,W_TOTAL_LOCATE_01
solver/force_nonuniqueness_report.csv,ForceNonuniquenessReport,nullspace_dimension,boolean,False,0..1,dimensionless,,,blank allowed unless required,Schema field nullspace_dimension in solver/force_nonuniqueness_report.csv,0
solver/force_nonuniqueness_report.csv,ForceNonuniquenessReport,nullspace_basis_id_optional,string,False,0..1,dimensionless,,,blank allowed unless required,Schema field nullspace_basis_id_optional in solver/force_nonuniqueness_report.csv,
solver/force_nonuniqueness_report.csv,ForceNonuniquenessReport,alternative_force_solution_summary,string,False,0..1,dimensionless,,,blank allowed unless required,Schema field alternative_force_solution_summary in solver/force_nonuniqueness_report.csv,unique SPD solution
solver/force_nonuniqueness_report.csv,ForceNonuniquenessReport,output_variation_bounds,string,False,0..1,dimensionless,,,blank allowed unless required,Schema field output_variation_bounds in solver/force_nonuniqueness_report.csv,"[0.0,0.0]"
solver/force_nonuniqueness_report.csv,ForceNonuniquenessReport,eta_y_values,string,False,0..1,dimensionless,,,blank allowed unless required,Schema field eta_y_values in solver/force_nonuniqueness_report.csv,[0.0]
solver/force_nonuniqueness_report.csv,ForceNonuniquenessReport,selected_regularization_rule,string,False,0..1,dimensionless,,,blank allowed unless required,Schema field selected_regularization_rule in solver/force_nonuniqueness_report.csv,NONE
solver/force_nonuniqueness_report.csv,ForceNonuniquenessReport,kcp_output_stability,string,False,0..1,dimensionless,,,blank allowed unless required,Schema field kcp_output_stability in solver/force_nonuniqueness_report.csv,STABLE
solver/force_nonuniqueness_report.csv,ForceNonuniquenessReport,required_action,string,False,0..1,dimensionless,,,blank allowed unless required,Schema field required_action in solver/force_nonuniqueness_report.csv,NONE
solver/force_nonuniqueness_report.csv,ForceNonuniquenessReport,quality_flag,string,False,0..1,dimensionless,,,blank allowed unless required,Schema field quality_flag in solver/force_nonuniqueness_report.csv,PASS
solver/force_nonuniqueness_report.csv,ForceNonuniquenessReport,metadata,string,False,0..1,dimensionless,,,blank allowed unless required,Schema field metadata in solver/force_nonuniqueness_report.csv,"{""data_nature"":""SYNTHETIC_NUMERICAL_CONSISTENCY_CASE"",""engineering_claim_allowed"":false,""schema_version"":""V2.5"",""schema_revision"":""MULTI_PART_SERIAL_PARALLEL_2026-07""}"
solver/interface_lcp_model.csv,InterfaceLcpModel,lcp_model_id,string,False,0..1,dimensionless,,object identifier or foreign key per schema,blank allowed unless required,Schema field lcp_model_id in solver/interface_lcp_model.csv,LCP_MODEL_S_LOCATE_01
solver/interface_lcp_model.csv,InterfaceLcpModel,sample_id,string,False,0..1,dimensionless,,object identifier or foreign key per schema,blank allowed unless required,Schema field sample_id in solver/interface_lcp_model.csv,SAMPLE_001
solver/interface_lcp_model.csv,InterfaceLcpModel,stage_id,string,False,0..1,dimensionless,,object identifier or foreign key per schema,blank allowed unless required,Schema field stage_id in solver/interface_lcp_model.csv,S_LOCATE_01
solver/interface_lcp_model.csv,InterfaceLcpModel,contact_domain_ids,string,False,0..1,dimensionless,,,blank allowed unless required,Schema field contact_domain_ids in solver/interface_lcp_model.csv,CD_AB;CD_BC;CD_AD;CD_DB
solver/interface_lcp_model.csv,InterfaceLcpModel,q_mapping_components,string,False,0..1,dimensionless,,,blank allowed unless required,Schema field q_mapping_components in solver/interface_lcp_model.csv,Q_LOCATE_01
solver/interface_lcp_model.csv,InterfaceLcpModel,W_struct,string,False,0..1,dimensionless,,,blank allowed unless required,Schema field W_struct in solver/interface_lcp_model.csv,W_STRUCT_LOCATE_01
solver/interface_lcp_model.csv,InterfaceLcpModel,Cn_local,string,False,0..1,dimensionless,,,blank allowed unless required,Schema field Cn_local in solver/interface_lcp_model.csv,CN_ALL
solver/interface_lcp_model.csv,InterfaceLcpModel,W_total,string,False,0..1,dimensionless,,,blank allowed unless required,Schema field W_total in solver/interface_lcp_model.csv,W_TOTAL_LOCATE_01
solver/interface_lcp_model.csv,InterfaceLcpModel,area_weight_matrix_id,string,False,0..1,dimensionless,,object identifier or foreign key per schema,blank allowed unless required,Schema field area_weight_matrix_id in solver/interface_lcp_model.csv,QA_ALL
solver/interface_lcp_model.csv,InterfaceLcpModel,unknown_type,string,False,0..1,dimensionless,,,blank allowed unless required,Schema field unknown_type in solver/interface_lcp_model.csv,generalized_contact_force_global_layout
solver/interface_lcp_model.csv,InterfaceLcpModel,gap_sign_convention,string,False,0..1,dimensionless,,,blank allowed unless required,Schema field gap_sign_convention in solver/interface_lcp_model.csv,g>0 separation
solver/interface_lcp_model.csv,InterfaceLcpModel,complementarity_tolerances,string,False,0..1,dimensionless,,,blank allowed unless required,Schema field complementarity_tolerances in solver/interface_lcp_model.csv,"{""gap"":1e-8,""force"":1e-8,""comp"":1e-8}"
solver/interface_lcp_model.csv,InterfaceLcpModel,solver_config_id,string,False,0..1,dimensionless,,object identifier or foreign key per schema,blank allowed unless required,Schema field solver_config_id in solver/interface_lcp_model.csv,SOLVER_CFG_MULTIPART
solver/interface_lcp_model.csv,InterfaceLcpModel,validity_region,string,False,0..1,dimensionless,,,blank allowed unless required,Schema field validity_region in solver/interface_lcp_model.csv,FIXTURE_ONLY
solver/interface_lcp_model.csv,InterfaceLcpModel,metadata,string,False,0..1,dimensionless,,,blank allowed unless required,Schema field metadata in solver/interface_lcp_model.csv,"{""data_nature"":""SYNTHETIC_NUMERICAL_CONSISTENCY_CASE"",""engineering_claim_allowed"":false,""schema_version"":""V2.5"",""schema_revision"":""MULTI_PART_SERIAL_PARALLEL_2026-07""}"
solver/lcp_regularization_config.csv,LcpRegularizationConfig,regularization_config_id,string,False,0..1,dimensionless,,object identifier or foreign key per schema,blank allowed unless required,Schema field regularization_config_id in solver/lcp_regularization_config.csv,REG_MULTIPART
solver/lcp_regularization_config.csv,LcpRegularizationConfig,method,string,False,0..1,dimensionless,,,blank allowed unless required,Schema field method in solver/lcp_regularization_config.csv,NONE_REQUIRED_SPD
solver/lcp_regularization_config.csv,LcpRegularizationConfig,epsilon_value_optional,number,False,0..1,dimensionless,,,blank allowed unless required,Schema field epsilon_value_optional in solver/lcp_regularization_config.csv,0.0
solver/lcp_regularization_config.csv,LcpRegularizationConfig,trigger_reason,string,False,0..1,dimensionless,,,blank allowed unless required,Schema field trigger_reason in solver/lcp_regularization_config.csv,none
solver/lcp_regularization_config.csv,LcpRegularizationConfig,affected_matrix_ids,string,False,0..1,dimensionless,,,blank allowed unless required,Schema field affected_matrix_ids in solver/lcp_regularization_config.csv,
solver/lcp_regularization_config.csv,LcpRegularizationConfig,output_impact_check,string,False,0..1,dimensionless,,,blank allowed unless required,Schema field output_impact_check in solver/lcp_regularization_config.csv,PASS
solver/lcp_regularization_config.csv,LcpRegularizationConfig,metadata,string,False,0..1,dimensionless,,,blank allowed unless required,Schema field metadata in solver/lcp_regularization_config.csv,"{""data_nature"":""SYNTHETIC_NUMERICAL_CONSISTENCY_CASE"",""engineering_claim_allowed"":false,""schema_version"":""V2.5"",""schema_revision"":""MULTI_PART_SERIAL_PARALLEL_2026-07""}"
solver/lcp_solution.csv,LcpSolution,solution_id,string,False,0..1,dimensionless,,object identifier or foreign key per schema,blank allowed unless required,Schema field solution_id in solver/lcp_solution.csv,LCP_SOL_S_LOCATE_01
solver/lcp_solution.csv,LcpSolution,lcp_model_id,string,False,0..1,dimensionless,,object identifier or foreign key per schema,blank allowed unless required,Schema field lcp_model_id in solver/lcp_solution.csv,LCP_MODEL_S_LOCATE_01
solver/lcp_solution.csv,LcpSolution,sample_id,string,False,0..1,dimensionless,,object identifier or foreign key per schema,blank allowed unless required,Schema field sample_id in solver/lcp_solution.csv,SAMPLE_001
solver/lcp_solution.csv,LcpSolution,stage_id,string,False,0..1,dimensionless,,object identifier or foreign key per schema,blank allowed unless required,Schema field stage_id in solver/lcp_solution.csv,S_LOCATE_01
solver/lcp_solution.csv,LcpSolution,lambda_n,string,False,0..1,dimensionless,,,blank allowed unless required,Schema field lambda_n in solver/lcp_solution.csv,"[0.0,0.0,0.0,0.0,0.0,0.0,0.0,0.0,0.0,0.0,0.0,0.0]"
solver/lcp_solution.csv,LcpSolution,pressure_p_n,string,False,0..1,dimensionless,,,blank allowed unless required,Schema field pressure_p_n in solver/lcp_solution.csv,"[0.0,0.0,0.0,0.0,0.0,0.0,0.0,0.0,0.0,0.0,0.0,0.0]"
solver/lcp_solution.csv,LcpSolution,gap_g,string,False,0..1,dimensionless,,,blank allowed unless required,Schema field gap_g in solver/lcp_solution.csv,"[0.08,0.04,0.06,0.05,0.03,0.04,0.1,0.07,0.09,0.09,0.06,0.08]"
solver/lcp_solution.csv,LcpSolution,active_contact_indices,string,False,0..1,dimensionless,,,blank allowed unless required,Schema field active_contact_indices in solver/lcp_solution.csv,[]
solver/lcp_solution.csv,LcpSolution,inactive_indices,string,False,0..1,dimensionless,,,blank allowed unless required,Schema field inactive_indices in solver/lcp_solution.csv,"[0,1,2,3,4,5,6,7,8,9,10,11]"
solver/lcp_solution.csv,LcpSolution,equilibrium_residual,number,False,0..1,dimensionless,,,blank allowed unless required,Schema field equilibrium_residual in solver/lcp_solution.csv,0.000e+00
solver/lcp_solution.csv,LcpSolution,gap_violation,number,False,0..1,dimensionless,,,blank allowed unless required,Schema field gap_violation in solver/lcp_solution.csv,0.000e+00
solver/lcp_solution.csv,LcpSolution,force_violation,number,False,0..1,dimensionless,,,blank allowed unless required,Schema field force_violation in solver/lcp_solution.csv,0.000e+00
solver/lcp_solution.csv,LcpSolution,complementarity_residual,number,False,0..1,dimensionless,,,blank allowed unless required,Schema field complementarity_residual in solver/lcp_solution.csv,0.000e+00
solver/lcp_solution.csv,LcpSolution,iteration_count,boolean,False,0..1,dimensionless,,,blank allowed unless required,Schema field iteration_count in solver/lcp_solution.csv,1
solver/lcp_solution.csv,LcpSolution,convergence_status,string,False,0..1,dimensionless,,,blank allowed unless required,Schema field convergence_status in solver/lcp_solution.csv,CONVERGED_SYNTHETIC_ORACLE
solver/lcp_solution.csv,LcpSolution,warm_start_source_id_optional,string,False,0..1,dimensionless,,,blank allowed unless required,Schema field warm_start_source_id_optional in solver/lcp_solution.csv,LCP_SOL_S_LOCATE_01
solver/lcp_solution.csv,LcpSolution,metadata,string,False,0..1,dimensionless,,,blank allowed unless required,Schema field metadata in solver/lcp_solution.csv,"{""data_nature"":""SYNTHETIC_NUMERICAL_CONSISTENCY_CASE"",""engineering_claim_allowed"":false,""schema_version"":""V2.5"",""schema_revision"":""MULTI_PART_SERIAL_PARALLEL_2026-07""}"
solver/overconstraint_contact_model.csv,OverconstraintContactModel,overconstraint_model_id,string,False,0..1,dimensionless,,object identifier or foreign key per schema,blank allowed unless required,Schema field overconstraint_model_id in solver/overconstraint_contact_model.csv,OCM_S_LOCATE_01
solver/overconstraint_contact_model.csv,OverconstraintContactModel,sample_id,string,False,0..1,dimensionless,,object identifier or foreign key per schema,blank allowed unless required,Schema field sample_id in solver/overconstraint_contact_model.csv,SAMPLE_001
solver/overconstraint_contact_model.csv,OverconstraintContactModel,stage_id,string,False,0..1,dimensionless,,object identifier or foreign key per schema,blank allowed unless required,Schema field stage_id in solver/overconstraint_contact_model.csv,S_LOCATE_01
solver/overconstraint_contact_model.csv,OverconstraintContactModel,extended_domain_id,string,False,0..1,dimensionless,,object identifier or foreign key per schema,blank allowed unless required,Schema field extended_domain_id in solver/overconstraint_contact_model.csv,ECD_MULTIPART
solver/overconstraint_contact_model.csv,OverconstraintContactModel,q_ext_vector_id,string,False,0..1,dimensionless,,object identifier or foreign key per schema,blank allowed unless required,Schema field q_ext_vector_id in solver/overconstraint_contact_model.csv,Q_LOCATE_01
solver/overconstraint_contact_model.csv,OverconstraintContactModel,W_ext_matrix_id,string,False,0..1,dimensionless,,object identifier or foreign key per schema,blank allowed unless required,Schema field W_ext_matrix_id in solver/overconstraint_contact_model.csv,W_TOTAL_LOCATE_01
solver/overconstraint_contact_model.csv,OverconstraintContactModel,unilateral_indices,string,False,0..1,dimensionless,,,blank allowed unless required,Schema field unilateral_indices in solver/overconstraint_contact_model.csv,"[0,1,2,3,4,5,6,7,8,9,10,11]"
solver/overconstraint_contact_model.csv,OverconstraintContactModel,bilateral_indices_optional,string,False,0..1,dimensionless,,,blank allowed unless required,Schema field bilateral_indices_optional in solver/overconstraint_contact_model.csv,[]
solver/overconstraint_contact_model.csv,OverconstraintContactModel,lambda_ext_unknown_definition,string,False,0..1,dimensionless,,,blank allowed unless required,Schema field lambda_ext_unknown_definition in solver/overconstraint_contact_model.csv,global_12_contact_force
solver/overconstraint_contact_model.csv,OverconstraintContactModel,gap_sign_convention,string,False,0..1,dimensionless,,,blank allowed unless required,Schema field gap_sign_convention in solver/overconstraint_contact_model.csv,g_ext>0 separation
solver/overconstraint_contact_model.csv,OverconstraintContactModel,solver_config_id,string,False,0..1,dimensionless,,object identifier or foreign key per schema,blank allowed unless required,Schema field solver_config_id in solver/overconstraint_contact_model.csv,SOLVER_CFG_MULTIPART
solver/overconstraint_contact_model.csv,OverconstraintContactModel,regularization_config_id_optional,string,False,0..1,dimensionless,,,blank allowed unless required,Schema field regularization_config_id_optional in solver/overconstraint_contact_model.csv,REG_MULTIPART
solver/overconstraint_contact_model.csv,OverconstraintContactModel,fallback_policy,string,False,0..1,dimensionless,,,blank allowed unless required,Schema field fallback_policy in solver/overconstraint_contact_model.csv,NONE_REQUIRED
solver/overconstraint_contact_model.csv,OverconstraintContactModel,validity_region,string,False,0..1,dimensionless,,,blank allowed unless required,Schema field validity_region in solver/overconstraint_contact_model.csv,FIXTURE_ONLY
solver/overconstraint_contact_model.csv,OverconstraintContactModel,metadata,string,False,0..1,dimensionless,,,blank allowed unless required,Schema field metadata in solver/overconstraint_contact_model.csv,"{""data_nature"":""SYNTHETIC_NUMERICAL_CONSISTENCY_CASE"",""engineering_claim_allowed"":false,""schema_version"":""V2.5"",""schema_revision"":""MULTI_PART_SERIAL_PARALLEL_2026-07""}"
validation/quality_gate.csv,QualityGate,quality_gate_id,string,False,0..1,dimensionless,,object identifier or foreign key per schema,blank allowed unless required,Schema field quality_gate_id in validation/quality_gate.csv,QG_TOPOLOGY_STEP_FIXTURE
validation/quality_gate.csv,QualityGate,gate_name,string,False,0..1,dimensionless,,,blank allowed unless required,Schema field gate_name in validation/quality_gate.csv,topology_step fixture self-validation
validation/quality_gate.csv,QualityGate,target_object_type,string,False,0..1,dimensionless,,,blank allowed unless required,Schema field target_object_type in validation/quality_gate.csv,Package
validation/quality_gate.csv,QualityGate,target_object_ids,string,False,0..1,dimensionless,,,blank allowed unless required,Schema field target_object_ids in validation/quality_gate.csv,02_TOPOLOGY_STEP_MIN_CASE
validation/quality_gate.csv,QualityGate,check_items,string,False,0..1,dimensionless,,,blank allowed unless required,Schema field check_items in validation/quality_gate.csv,GRAPH;CONTACT_COUNTS;ROUTE;VECTOR_LAYOUT;MATRIX_MANIFEST;OPERATORS;CROSS_BLOCKS;ORACLE;DICTIONARY;OBJECT_MAP;TRUTH
validation/quality_gate.csv,QualityGate,thresholds,string,False,0..1,dimensionless,,,blank allowed unless required,Schema field thresholds in validation/quality_gate.csv,blocking checks must all PASS
validation/quality_gate.csv,QualityGate,pass_fail,string,False,0..1,dimensionless,,,blank allowed unless required,Schema field pass_fail in validation/quality_gate.csv,PASS
validation/quality_gate.csv,QualityGate,warn_items,string,False,0..1,dimensionless,,,blank allowed unless required,Schema field warn_items in validation/quality_gate.csv,synthetic_data_not_engineering_evidence
validation/quality_gate.csv,QualityGate,fail_items,string,False,0..1,dimensionless,,,blank allowed unless required,Schema field fail_items in validation/quality_gate.csv,
validation/quality_gate.csv,QualityGate,reviewer_optional,string,False,0..1,dimensionless,,,blank allowed unless required,Schema field reviewer_optional in validation/quality_gate.csv,AUTO
validation/quality_gate.csv,QualityGate,timestamp,string,False,0..1,dimensionless,,,blank allowed unless required,Schema field timestamp in validation/quality_gate.csv,2026-07-23T00:00:01+08:00
validation/quality_gate.csv,QualityGate,metadata,string,False,0..1,dimensionless,,,blank allowed unless required,Schema field metadata in validation/quality_gate.csv,"{""data_nature"":""SYNTHETIC_NUMERICAL_CONSISTENCY_CASE"",""engineering_claim_allowed"":false,""schema_revision"":""DETERMINISTIC_MULTI_ROUND_TOPOLOGY_STEP_2026-07""}"
validation/run_log.csv,RunLog,run_id,string,False,0..1,dimensionless,,object identifier or foreign key per schema,blank allowed unless required,Schema field run_id in validation/run_log.csv,RUN_TOPOLOGY_STEP_BUILD
validation/run_log.csv,RunLog,model_version,string,False,0..1,dimensionless,,,blank allowed unless required,Schema field model_version in validation/run_log.csv,V2.5_TOPOLOGY_STEP_FIXTURE
validation/run_log.csv,RunLog,input_package_id,string,False,0..1,dimensionless,,object identifier or foreign key per schema,blank allowed unless required,Schema field input_package_id in validation/run_log.csv,02_TOPOLOGY_STEP_MIN_CASE
validation/run_log.csv,RunLog,started_at,string,False,0..1,dimensionless,,,blank allowed unless required,Schema field started_at in validation/run_log.csv,2026-07-23T00:00:00+08:00
validation/run_log.csv,RunLog,finished_at,string,False,0..1,dimensionless,,,blank allowed unless required,Schema field finished_at in validation/run_log.csv,2026-07-23T00:00:01+08:00
validation/run_log.csv,RunLog,operator_or_script,string,False,0..1,dimensionless,,,blank allowed unless required,Schema field operator_or_script in validation/run_log.csv,scripts/build_topology_step_fixture.py
validation/run_log.csv,RunLog,software_versions,string,False,0..1,dimensionless,,,blank allowed unless required,Schema field software_versions in validation/run_log.csv,python=3.11;numpy;pandas
validation/run_log.csv,RunLog,object_ids_used,string,False,0..1,dimensionless,,,blank allowed unless required,Schema field object_ids_used in validation/run_log.csv,TOPOLOGY_STEP_MIN_CASE
validation/run_log.csv,RunLog,cache_ids_used,string,False,0..1,dimensionless,,,blank allowed unless required,Schema field cache_ids_used in validation/run_log.csv,
validation/run_log.csv,RunLog,quality_gate_ids,string,False,0..1,dimensionless,,,blank allowed unless required,Schema field quality_gate_ids in validation/run_log.csv,QG_TOPOLOGY_STEP_FIXTURE
validation/run_log.csv,RunLog,warnings,string,False,0..1,dimensionless,,,blank allowed unless required,Schema field warnings in validation/run_log.csv,synthetic fixture only
validation/run_log.csv,RunLog,errors,string,False,0..1,dimensionless,,,blank allowed unless required,Schema field errors in validation/run_log.csv,
validation/run_log.csv,RunLog,runtime_summary,string,False,0..1,dimensionless,,,blank allowed unless required,Schema field runtime_summary in validation/run_log.csv,deterministic package rebuild and self-validation
validation/run_log.csv,RunLog,output_object_ids,string,False,0..1,dimensionless,,,blank allowed unless required,Schema field output_object_ids in validation/run_log.csv,TOPOLOGY_STEP_LCP_ORACLE;VALIDATION_RESULTS
validation/run_log.csv,RunLog,matrix_manifest_count,integer,False,0..1,dimensionless,,,blank allowed unless required,Schema field matrix_manifest_count in validation/run_log.csv,156
validation/run_log.csv,RunLog,npz_key_count,integer,False,0..1,dimensionless,,,blank allowed unless required,Schema field npz_key_count in validation/run_log.csv,156
validation/run_log.csv,RunLog,metadata,string,False,0..1,dimensionless,,,blank allowed unless required,Schema field metadata in validation/run_log.csv,"{""data_nature"":""SYNTHETIC_NUMERICAL_CONSISTENCY_CASE"",""engineering_claim_allowed"":false,""schema_revision"":""DETERMINISTIC_MULTI_ROUND_TOPOLOGY_STEP_2026-07""}"
validation/topology_step_lcp_oracle.csv,TopologyStepLcpOracle,topology_step_id,string,False,0..1,dimensionless,,PK TopologyStepSpec,blank allowed unless required,Schema field topology_step_id in validation/topology_step_lcp_oracle.csv,TS101
validation/topology_step_lcp_oracle.csv,TopologyStepLcpOracle,operator_set_id,string,False,0..1,dimensionless,,object identifier or foreign key per schema,blank allowed unless required,Schema field operator_set_id in validation/topology_step_lcp_oracle.csv,OP_TS101
validation/topology_step_lcp_oracle.csv,TopologyStepLcpOracle,active_interface_ids,string,False,0..1,dimensionless,,,blank allowed unless required,Schema field active_interface_ids in validation/topology_step_lcp_oracle.csv,G_AB
validation/topology_step_lcp_oracle.csv,TopologyStepLcpOracle,active_indices,string,False,0..1,dimensionless,,,blank allowed unless required,Schema field active_indices in validation/topology_step_lcp_oracle.csv,"[0,1,2]"
validation/topology_step_lcp_oracle.csv,TopologyStepLcpOracle,lambda_active,string,False,0..1,dimensionless,,,blank allowed unless required,Schema field lambda_active in validation/topology_step_lcp_oracle.csv,"[0.0,0.0,0.0]"
validation/topology_step_lcp_oracle.csv,TopologyStepLcpOracle,gap_active,string,False,0..1,dimensionless,,,blank allowed unless required,Schema field gap_active in validation/topology_step_lcp_oracle.csv,"[0.08,0.04,0.06]"
validation/topology_step_lcp_oracle.csv,TopologyStepLcpOracle,equilibrium_residual,number,False,0..1,dimensionless,,,blank allowed unless required,Schema field equilibrium_residual in validation/topology_step_lcp_oracle.csv,0.0
validation/topology_step_lcp_oracle.csv,TopologyStepLcpOracle,complementarity_residual,number,False,0..1,dimensionless,,,blank allowed unless required,Schema field complementarity_residual in validation/topology_step_lcp_oracle.csv,0.0
validation/topology_step_lcp_oracle.csv,TopologyStepLcpOracle,oracle_method,string,False,0..1,dimensionless,,,blank allowed unless required,Schema field oracle_method in validation/topology_step_lcp_oracle.csv,INDEPENDENT_ACTIVE_SET_ENUMERATION
validation/validation_result.csv,ValidationResults,validation_result_id,string,False,0..1,dimensionless,,object identifier or foreign key per schema,blank allowed unless required,Schema field validation_result_id in validation/validation_result.csv,VAL_TOPOLOGY_STEP_LCP_ORACLE
validation/validation_result.csv,ValidationResults,model_version,string,False,0..1,dimensionless,,,blank allowed unless required,Schema field model_version in validation/validation_result.csv,V2.5_TOPOLOGY_STEP_FIXTURE
validation/validation_result.csv,ValidationResults,validation_sample_ids,string,False,0..1,dimensionless,,,blank allowed unless required,Schema field validation_sample_ids in validation/validation_result.csv,TS101;TS102;TS103;TS104;TS201;TS202;TS203;TS204;TS301;TS302;TS303;TS304
validation/validation_result.csv,ValidationResults,reference_type,string,False,0..1,dimensionless,,,blank allowed unless required,Schema field reference_type in validation/validation_result.csv,SYNTHETIC_INDEPENDENT_LCP_ORACLE
validation/validation_result.csv,ValidationResults,kcp_ids,string,False,0..1,dimensionless,,,blank allowed unless required,Schema field kcp_ids in validation/validation_result.csv,
validation/validation_result.csv,ValidationResults,predicted_values,string,False,0..1,dimensionless,,,blank allowed unless required,Schema field predicted_values in validation/validation_result.csv,"[0.0,1.734723475976807e-18,0.0,0.0,0.0,1.734723475976807e-18,0.0,0.0,0.0,1.734723475976807e-18,1.734723475976807e-18,8.673617379884035e-19]"
validation/validation_result.csv,ValidationResults,reference_values,string,False,0..1,dimensionless,,,blank allowed unless required,Schema field reference_values in validation/validation_result.csv,"[0.0, 0.0, 0.0, 0.0, 0.0, 0.0, 0.0, 0.0, 0.0, 0.0, 0.0, 0.0]"
validation/validation_result.csv,ValidationResults,residuals,string,False,0..1,dimensionless,,,blank allowed unless required,Schema field residuals in validation/validation_result.csv,"[0.0,0.0,0.0,0.0,0.0,0.0,0.0,0.0,0.0,0.0,0.0,0.0]"
validation/validation_result.csv,ValidationResults,MAE,number,False,0..1,dimensionless,,,blank allowed unless required,Schema field MAE in validation/validation_result.csv,0.0
validation/validation_result.csv,ValidationResults,RMSE,number,False,0..1,dimensionless,,,blank allowed unless required,Schema field RMSE in validation/validation_result.csv,0.0
validation/validation_result.csv,ValidationResults,maximum_absolute_error,number,False,0..1,dimensionless,,,blank allowed unless required,Schema field maximum_absolute_error in validation/validation_result.csv,0.0
validation/validation_result.csv,ValidationResults,correlation_optional,string,False,0..1,dimensionless,,,blank allowed unless required,Schema field correlation_optional in validation/validation_result.csv,
validation/validation_result.csv,ValidationResults,failure_probability_error_optional,string,False,0..1,dimensionless,,,blank allowed unless required,Schema field failure_probability_error_optional in validation/validation_result.csv,
validation/validation_result.csv,ValidationResults,contact_mode_agreement_optional,string,False,0..1,dimensionless,,,blank allowed unless required,Schema field contact_mode_agreement_optional in validation/validation_result.csv,
validation/validation_result.csv,ValidationResults,overconstraint_reaction_agreement_optional,string,False,0..1,dimensionless,,,blank allowed unless required,Schema field overconstraint_reaction_agreement_optional in validation/validation_result.csv,
validation/validation_result.csv,ValidationResults,acceleration_ratio_optional,string,False,0..1,dimensionless,,,blank allowed unless required,Schema field acceleration_ratio_optional in validation/validation_result.csv,
validation/validation_result.csv,ValidationResults,acceptance_criteria,string,False,0..1,dimensionless,,,blank allowed unless required,Schema field acceptance_criteria in validation/validation_result.csv,equilibrium<=1e-9;complementarity<=1e-8
validation/validation_result.csv,ValidationResults,pass_fail,string,False,0..1,dimensionless,,,blank allowed unless required,Schema field pass_fail in validation/validation_result.csv,PASS
validation/validation_result.csv,ValidationResults,metadata,string,False,0..1,dimensionless,,,blank allowed unless required,Schema field metadata in validation/validation_result.csv,"{""data_nature"":""SYNTHETIC_NUMERICAL_CONSISTENCY_CASE"",""engineering_claim_allowed"":false,""schema_revision"":""DETERMINISTIC_MULTI_ROUND_TOPOLOGY_STEP_2026-07""}"
