file_path,object_name,field_name,data_type,required,cardinality,unit,enum_or_format,key_semantics,missing_handling,description,example_value
I0/assembly_topology.csv,AssemblyTopology,topology_id,string,True,1,per_object_definition,,primary or foreign key,blocking if required,AssemblyTopology.topology_id,TOPOLOGY_STEP_MIN_CASE
I0/assembly_topology.csv,AssemblyTopology,measurement_checkpoint_id,string,True,1,per_object_definition,,primary or foreign key,blocking if required,AssemblyTopology.measurement_checkpoint_id,MCP_AFTER_ABC
I0/assembly_topology.csv,AssemblyTopology,reference_state_id,string,True,1,per_object_definition,,primary or foreign key,blocking if required,AssemblyTopology.reference_state_id,PARENT_RUNTIME_STATE
I0/assembly_topology.csv,AssemblyTopology,topology_step_id,string,True,1,per_object_definition,,primary or foreign key,blocking if required,AssemblyTopology.topology_step_id,TS000
I0/assembly_topology.csv,AssemblyTopology,step_order,string,False,0..1,per_object_definition,,,blank allowed,AssemblyTopology.step_order,0
I0/assembly_topology.csv,AssemblyTopology,parent_topology_step_id,string,True,1,per_object_definition,,primary or foreign key,blocking if required,AssemblyTopology.parent_topology_step_id,TS000
I0/assembly_topology.csv,AssemblyTopology,assembly_cycle_id,string,True,1,per_object_definition,,primary or foreign key,blocking if required,AssemblyTopology.assembly_cycle_id,CYCLE_INIT
I0/assembly_topology.csv,AssemblyTopology,operation_type,string,False,0..1,per_object_definition,,,blank allowed,AssemblyTopology.operation_type,INIT
I0/assembly_topology.csv,AssemblyTopology,stage_id,string,True,1,per_object_definition,,primary or foreign key,blocking if required,AssemblyTopology.stage_id,S_LOCATE_01
I0/assembly_topology.csv,AssemblyTopology,input_subassembly_id,string,True,1,per_object_definition,,primary or foreign key,blocking if required,AssemblyTopology.input_subassembly_id,ASM_A
I0/assembly_topology.csv,AssemblyTopology,result_subassembly_id,string,True,1,per_object_definition,,primary or foreign key,blocking if required,AssemblyTopology.result_subassembly_id,ASM_A
I0/assembly_topology.csv,AssemblyTopology,added_part_ids,string,False,0..1,per_object_definition,,,blank allowed,AssemblyTopology.added_part_ids,P_A
I0/assembly_topology.csv,AssemblyTopology,removed_part_ids,string,False,0..1,per_object_definition,,,blank allowed,AssemblyTopology.removed_part_ids,
I0/assembly_topology.csv,AssemblyTopology,activated_interface_ids,string,False,0..1,per_object_definition,,,blank allowed,AssemblyTopology.activated_interface_ids,G_AB
I0/assembly_topology.csv,AssemblyTopology,deactivated_interface_ids,string,False,0..1,per_object_definition,,,blank allowed,AssemblyTopology.deactivated_interface_ids,
I0/assembly_topology.csv,AssemblyTopology,activated_boundary_ids,string,False,0..1,per_object_definition,,,blank allowed,AssemblyTopology.activated_boundary_ids,BND_PANEL_BASE;BND_RIB_PIN
I0/assembly_topology.csv,AssemblyTopology,deactivated_boundary_ids,string,False,0..1,per_object_definition,,,blank allowed,AssemblyTopology.deactivated_boundary_ids,BND_PANEL_BASE;BND_RIB_PIN
I0/assembly_topology.csv,AssemblyTopology,activated_load_ids,string,False,0..1,per_object_definition,,,blank allowed,AssemblyTopology.activated_load_ids,LOAD_GRAVITY_ALL
I0/assembly_topology.csv,AssemblyTopology,removed_load_ids,string,False,0..1,per_object_definition,,,blank allowed,AssemblyTopology.removed_load_ids,LOAD_CLAMP_G_AB
I0/assembly_topology.csv,AssemblyTopology,activated_joint_ids,string,False,0..1,per_object_definition,,,blank allowed,AssemblyTopology.activated_joint_ids,JNT_AB
I0/assembly_topology.csv,AssemblyTopology,deactivated_joint_ids,string,False,0..1,per_object_definition,,,blank allowed,AssemblyTopology.deactivated_joint_ids,
I0/assembly_topology.csv,AssemblyTopology,operator_set_id,string,True,1,per_object_definition,,primary or foreign key,blocking if required,AssemblyTopology.operator_set_id,OP_TS101
I0/assembly_topology.csv,AssemblyTopology,solve_required,string,False,0..1,per_object_definition,,,blank allowed,AssemblyTopology.solve_required,False
I0/assembly_topology.csv,AssemblyTopology,notes,string,False,0..1,per_object_definition,,,blank allowed,AssemblyTopology.notes,Initialize the first part without solving.
I0/assembly_topology.csv,AssemblyTopology,assembly_step,string,False,0..1,per_object_definition,,,blank allowed,AssemblyTopology.assembly_step,0
I0/assembly_topology.csv,AssemblyTopology,part_in,string,False,0..1,per_object_definition,,,blank allowed,AssemblyTopology.part_in,P_A
I0/assembly_topology.csv,AssemblyTopology,existing_subassembly,string,False,0..1,per_object_definition,,,blank allowed,AssemblyTopology.existing_subassembly,ASM_A
I0/assembly_topology.csv,AssemblyTopology,result_subassembly,string,False,0..1,per_object_definition,,,blank allowed,AssemblyTopology.result_subassembly,ASM_A
I0/assembly_topology.csv,AssemblyTopology,predecessor_step_id,string,True,1,per_object_definition,,primary or foreign key,blocking if required,AssemblyTopology.predecessor_step_id,TS000
I0/assembly_topology.csv,AssemblyTopology,successor_step_id,string,True,1,per_object_definition,,primary or foreign key,blocking if required,AssemblyTopology.successor_step_id,TS101
I0/interface.csv,Interface,interface_id,string,True,1,per_object_definition,,primary or foreign key,blocking if required,Interface.interface_id,G_AB
I0/interface.csv,Interface,interface_name,string,False,0..1,per_object_definition,,,blank allowed,Interface.interface_name,PANEL_A_TO_RIB_B
I0/interface.csv,Interface,part_i,string,False,0..1,per_object_definition,,,blank allowed,Interface.part_i,P_A
I0/interface.csv,Interface,part_j,string,False,0..1,per_object_definition,,,blank allowed,Interface.part_j,P_B
I0/interface.csv,Interface,side_i_region_id,string,True,1,per_object_definition,,primary or foreign key,blocking if required,Interface.side_i_region_id,REG_PANEL_AB
I0/interface.csv,Interface,side_j_region_id,string,True,1,per_object_definition,,primary or foreign key,blocking if required,Interface.side_j_region_id,REG_RIB_AB
I0/interface.csv,Interface,material_pair,string,False,0..1,per_object_definition,,,blank allowed,Interface.material_pair,CFRP-CFRP
I0/interface.csv,Interface,nominal_gap,string,False,0..1,per_object_definition,,,blank allowed,Interface.nominal_gap,0.06
I0/interface.csv,Interface,contact_candidate_flag,string,False,0..1,per_object_definition,,,blank allowed,Interface.contact_candidate_flag,TRUE
I0/interface.csv,Interface,key_contact_flag,string,False,0..1,per_object_definition,,,blank allowed,Interface.key_contact_flag,TRUE
I0/interface.csv,Interface,coordinate_system_id,string,True,1,per_object_definition,,primary or foreign key,blocking if required,Interface.coordinate_system_id,CS_ASSEMBLY
I0/interface.csv,Interface,metadata,string,False,0..1,per_object_definition,,,blank allowed,Interface.metadata,"{""connection_pattern"":""SERIAL_SEED_AND_DIRECT_PARALLEL_PATH"",""data_nature"":""SYNTHETIC""}"
I0/joint_definition.csv,JointDefinition,joint_id,string,True,1,per_object_definition,,primary or foreign key,blocking if required,JointDefinition.joint_id,JNT_AB
I0/joint_definition.csv,JointDefinition,interface_id,string,True,1,per_object_definition,,primary or foreign key,blocking if required,JointDefinition.interface_id,G_AB
I0/joint_definition.csv,JointDefinition,part_i,string,False,0..1,per_object_definition,,,blank allowed,JointDefinition.part_i,P_A
I0/joint_definition.csv,JointDefinition,part_j,string,False,0..1,per_object_definition,,,blank allowed,JointDefinition.part_j,P_B
I0/joint_definition.csv,JointDefinition,joint_type,string,False,0..1,per_object_definition,,,blank allowed,JointDefinition.joint_type,FINITE_STIFFNESS_LOCK
I0/joint_definition.csv,JointDefinition,constrained_dofs,string,False,0..1,per_object_definition,,,blank allowed,JointDefinition.constrained_dofs,NORMAL
I0/joint_definition.csv,JointDefinition,stiffness_matrix_id,string,True,1,per_object_definition,,primary or foreign key,blocking if required,JointDefinition.stiffness_matrix_id,KJ_JNT_AB
I0/joint_definition.csv,JointDefinition,preload_definition_id,string,True,1,per_object_definition,,primary or foreign key,blocking if required,JointDefinition.preload_definition_id,PRELOAD_JNT_AB
I0/joint_definition.csv,JointDefinition,activation_stage_id,string,True,1,per_object_definition,,primary or foreign key,blocking if required,JointDefinition.activation_stage_id,S_JOIN_03
I0/joint_definition.csv,JointDefinition,retention_rule,string,False,0..1,per_object_definition,,,blank allowed,JointDefinition.retention_rule,RETAIN_THROUGH_RELEASE
I0/joint_definition.csv,JointDefinition,metadata,string,False,0..1,per_object_definition,,,blank allowed,JointDefinition.metadata,"{""data_nature"":""SYNTHETIC_NUMERICAL_CONSISTENCY_CASE"",""engineering_claim_allowed"":false,""schema_version"":""V2.5"",""schema_revision"":""MULTI_PART_SERIAL_PARALLEL_2026-07""}"
I0/local_region_definition.csv,LocalRegionDefinition,local_region_id,string,True,1,per_object_definition,,primary or foreign key,blocking if required,LocalRegionDefinition.local_region_id,LR_AB
I0/local_region_definition.csv,LocalRegionDefinition,interface_id,string,True,1,per_object_definition,,primary or foreign key,blocking if required,LocalRegionDefinition.interface_id,G_AB
I0/local_region_definition.csv,LocalRegionDefinition,included_geometry_regions,string,False,0..1,per_object_definition,,,blank allowed,LocalRegionDefinition.included_geometry_regions,REG_AB_I;REG_AB_J
I0/local_region_definition.csv,LocalRegionDefinition,candidate_contact_region_ids,string,False,0..1,per_object_definition,,,blank allowed,LocalRegionDefinition.candidate_contact_region_ids,CD_AB
I0/local_region_definition.csv,LocalRegionDefinition,kcp_sensitive_region_ids,string,False,0..1,per_object_definition,,,blank allowed,LocalRegionDefinition.kcp_sensitive_region_ids,KCP_ZONE_MULTIPART
I0/local_region_definition.csv,LocalRegionDefinition,margin_rule,string,False,0..1,per_object_definition,,,blank allowed,LocalRegionDefinition.margin_rule,fixed_synthetic_margin
I0/local_region_definition.csv,LocalRegionDefinition,margin_distance,string,False,0..1,per_object_definition,,,blank allowed,LocalRegionDefinition.margin_distance,10.0
I0/local_region_definition.csv,LocalRegionDefinition,cut_boundary_definition,string,False,0..1,per_object_definition,,,blank allowed,LocalRegionDefinition.cut_boundary_definition,CUT_AB
I0/local_region_definition.csv,LocalRegionDefinition,selection_rationale,string,False,0..1,per_object_definition,,,blank allowed,LocalRegionDefinition.selection_rationale,cover three-point contact block and KCP transfer support
I0/local_region_definition.csv,LocalRegionDefinition,metadata,string,False,0..1,per_object_definition,,,blank allowed,LocalRegionDefinition.metadata,"{""data_nature"":""SYNTHETIC_NUMERICAL_CONSISTENCY_CASE"",""engineering_claim_allowed"":false,""schema_version"":""V2.5"",""schema_revision"":""MULTI_PART_SERIAL_PARALLEL_2026-07""}"
I0/material.csv,Material,material_id,string,True,1,per_object_definition,,primary or foreign key,blocking if required,Material.material_id,MAT_CFRP_DEFAULT
I0/material.csv,Material,material_name,string,False,0..1,per_object_definition,,,blank allowed,Material.material_name,SYNTHETIC_CFRP
I0/material.csv,Material,material_type,string,False,0..1,per_object_definition,,,blank allowed,Material.material_type,CFRP
I0/material.csv,Material,E,string,False,0..1,per_object_definition,,,blank allowed,Material.E,70000
I0/material.csv,Material,nu,string,False,0..1,per_object_definition,,,blank allowed,Material.nu,0.30
I0/material.csv,Material,G,string,False,0..1,per_object_definition,,,blank allowed,Material.G,27000
I0/material.csv,Material,density,string,False,0..1,per_object_definition,,,blank allowed,Material.density,1.60e-9
I0/material.csv,Material,orthotropic_constants,string,False,0..1,per_object_definition,,,blank allowed,Material.orthotropic_constants,{}
I0/material.csv,Material,temperature_range,string,False,0..1,per_object_definition,,,blank allowed,Material.temperature_range,"[20,20]"
I0/material.csv,Material,source,string,False,0..1,per_object_definition,,,blank allowed,Material.source,SYNTHETIC_FIXTURE
I0/material.csv,Material,quality_flag,string,False,0..1,per_object_definition,,,blank allowed,Material.quality_flag,PASS
I0/material.csv,Material,metadata,string,False,0..1,per_object_definition,,,blank allowed,Material.metadata,"{""data_nature"":""SYNTHETIC_NUMERICAL_CONSISTENCY_CASE"",""engineering_claim_allowed"":false,""schema_version"":""V2.5"",""schema_revision"":""MULTI_PART_SERIAL_PARALLEL_2026-07""}"
I0/nominal_model.csv,NominalModel,nominal_model_id,string,True,1,per_object_definition,,primary or foreign key,blocking if required,NominalModel.nominal_model_id,NM_MULTIPART
I0/nominal_model.csv,NominalModel,model_name,string,False,0..1,per_object_definition,,,blank allowed,NominalModel.model_name,SYNTHETIC_FOUR_PART_ASSEMBLY
I0/nominal_model.csv,NominalModel,cad_reference,string,False,0..1,per_object_definition,,,blank allowed,NominalModel.cad_reference,SYNTHETIC_NOT_PROVIDED
I0/nominal_model.csv,NominalModel,mesh_reference,string,False,0..1,per_object_definition,,,blank allowed,NominalModel.mesh_reference,SYNTHETIC_REDUCED_MODEL
I0/nominal_model.csv,NominalModel,coordinate_system_id,string,True,1,per_object_definition,,primary or foreign key,blocking if required,NominalModel.coordinate_system_id,CS_ASSEMBLY
I0/nominal_model.csv,NominalModel,revision_id,string,True,1,per_object_definition,,primary or foreign key,blocking if required,NominalModel.revision_id,MULTIPART_2026_07
I0/nominal_model.csv,NominalModel,definition_source,string,False,0..1,per_object_definition,,,blank allowed,NominalModel.definition_source,SYNTHETIC_NUMERICAL_FIXTURE
I0/nominal_model.csv,NominalModel,quality_flag,string,False,0..1,per_object_definition,,,blank allowed,NominalModel.quality_flag,PASS
I0/nominal_model.csv,NominalModel,metadata,string,False,0..1,per_object_definition,,,blank allowed,NominalModel.metadata,"{""data_nature"":""SYNTHETIC_NUMERICAL_CONSISTENCY_CASE"",""engineering_claim_allowed"":false,""schema_version"":""V2.5"",""schema_revision"":""MULTI_PART_SERIAL_PARALLEL_2026-07""}"
I0/part.csv,Part,part_id,string,True,1,per_object_definition,,primary or foreign key,blocking if required,Part.part_id,P_A
I0/part.csv,Part,part_name,string,False,0..1,per_object_definition,,,blank allowed,Part.part_name,FLEXIBLE_PANEL_A
I0/part.csv,Part,material_type,string,False,0..1,per_object_definition,,,blank allowed,Part.material_type,CFRP
I0/part.csv,Part,role_in_assembly,string,False,0..1,per_object_definition,,,blank allowed,Part.role_in_assembly,shared_flexible_base
I0/part.csv,Part,nominal_model_id,string,True,1,per_object_definition,,primary or foreign key,blocking if required,Part.nominal_model_id,NM_MULTIPART
I0/part.csv,Part,sms_prior_id,string,True,1,per_object_definition,,primary or foreign key,blocking if required,Part.sms_prior_id,SMS_PRIOR_PANEL
I0/part.csv,Part,material_id,string,True,1,per_object_definition,,primary or foreign key,blocking if required,Part.material_id,MAT_CFRP_DEFAULT
I0/part.csv,Part,thickness_definition_id,string,True,1,per_object_definition,,primary or foreign key,blocking if required,Part.thickness_definition_id,THK_PANEL
I0/part.csv,Part,layup_id_optional,string,False,0..1,per_object_definition,,,blank allowed,Part.layup_id_optional,LAYUP_PANEL
I0/part.csv,Part,local_coordinate_system_id,string,True,1,per_object_definition,,primary or foreign key,blocking if required,Part.local_coordinate_system_id,CS_ASSEMBLY
I0/part.csv,Part,mesh_or_point_set_id,string,True,1,per_object_definition,,primary or foreign key,blocking if required,Part.mesh_or_point_set_id,MESH_PANEL
I0/part.csv,Part,key_interface_ids,string,False,0..1,per_object_definition,,,blank allowed,Part.key_interface_ids,G_AB;G_AD
I0/part.csv,Part,related_kcm_ids,string,False,0..1,per_object_definition,,,blank allowed,Part.related_kcm_ids,KCM_PANEL_PROFILE
I0/part.csv,Part,related_kcp_ids,string,False,0..1,per_object_definition,,,blank allowed,Part.related_kcp_ids,KCP_END_GAP;KCP_STEP_AB;KCP_PARALLEL_BALANCE
I0/part.csv,Part,metadata,string,False,0..1,per_object_definition,,,blank allowed,Part.metadata,"{""data_nature"":""SYNTHETIC_NUMERICAL_CONSISTENCY_CASE"",""engineering_claim_allowed"":false,""schema_version"":""V2.5"",""schema_revision"":""MULTI_PART_SERIAL_PARALLEL_2026-07""}"
I0/sms_prior.csv,SmsPrior,sms_prior_id,string,True,1,per_object_definition,,primary or foreign key,blocking if required,SmsPrior.sms_prior_id,SMS_PRIOR_PANEL
I0/sms_prior.csv,SmsPrior,part_id,string,True,1,per_object_definition,,primary or foreign key,blocking if required,SmsPrior.part_id,P_A
I0/sms_prior.csv,SmsPrior,prior_type,string,False,0..1,per_object_definition,,,blank allowed,SmsPrior.prior_type,synthetic_zero_mean
I0/sms_prior.csv,SmsPrior,basis_id,string,True,1,per_object_definition,,primary or foreign key,blocking if required,SmsPrior.basis_id,SMS_BASIS_PANEL
I0/sms_prior.csv,SmsPrior,alpha_mean,string,False,0..1,per_object_definition,,,blank allowed,SmsPrior.alpha_mean,[0.0]
I0/sms_prior.csv,SmsPrior,alpha_covariance_id,string,True,1,per_object_definition,,primary or foreign key,blocking if required,SmsPrior.alpha_covariance_id,COV_SMS_PANEL
I0/sms_prior.csv,SmsPrior,source_sample_ids,string,False,0..1,per_object_definition,,,blank allowed,SmsPrior.source_sample_ids,SYNTHETIC_SEED
I0/sms_prior.csv,SmsPrior,valid_region,string,False,0..1,per_object_definition,,,blank allowed,SmsPrior.valid_region,FIXTURE_ONLY
I0/sms_prior.csv,SmsPrior,quality_flag,string,False,0..1,per_object_definition,,,blank allowed,SmsPrior.quality_flag,PASS
I0/sms_prior.csv,SmsPrior,metadata,string,False,0..1,per_object_definition,,,blank allowed,SmsPrior.metadata,"{""data_nature"":""SYNTHETIC_NUMERICAL_CONSISTENCY_CASE"",""engineering_claim_allowed"":false,""schema_version"":""V2.5"",""schema_revision"":""MULTI_PART_SERIAL_PARALLEL_2026-07""}"
I0/stage_definition.csv,StageDefinition,stage_id,string,True,1,per_object_definition,,primary or foreign key,blocking if required,StageDefinition.stage_id,S_LOCATE_01
I0/stage_definition.csv,StageDefinition,stage_order,string,False,0..1,per_object_definition,,,blank allowed,StageDefinition.stage_order,1
I0/stage_definition.csv,StageDefinition,stage_type,string,False,0..1,per_object_definition,,,blank allowed,StageDefinition.stage_type,LOCATE
I0/stage_definition.csv,StageDefinition,subassembly_id,string,True,1,per_object_definition,,primary or foreign key,blocking if required,StageDefinition.subassembly_id,ASM_ABCD
I0/stage_definition.csv,StageDefinition,active_part_ids,string,False,0..1,per_object_definition,,,blank allowed,StageDefinition.active_part_ids,P_A;P_B;P_C;P_D
I0/stage_definition.csv,StageDefinition,active_interface_ids,string,False,0..1,per_object_definition,,,blank allowed,StageDefinition.active_interface_ids,G_AB;G_BC;G_AD;G_DB
I0/stage_definition.csv,StageDefinition,predecessor_stage_id,string,True,1,per_object_definition,,primary or foreign key,blocking if required,StageDefinition.predecessor_stage_id,S_LOCATE_01
I0/stage_definition.csv,StageDefinition,successor_stage_id,string,True,1,per_object_definition,,primary or foreign key,blocking if required,StageDefinition.successor_stage_id,S_CLAMP_02
I0/stage_definition.csv,StageDefinition,metadata,string,False,0..1,per_object_definition,,,blank allowed,StageDefinition.metadata,"{""data_nature"":""SYNTHETIC_NUMERICAL_CONSISTENCY_CASE"",""engineering_claim_allowed"":false,""schema_version"":""V2.5"",""schema_revision"":""MULTI_PART_SERIAL_PARALLEL_2026-07""}"
I0/subassembly.csv,Subassembly,subassembly_id,string,True,1,per_object_definition,,primary or foreign key,blocking if required,Subassembly.subassembly_id,ASM_A
I0/subassembly.csv,Subassembly,parent_subassembly_id,string,True,1,per_object_definition,,primary or foreign key,blocking if required,Subassembly.parent_subassembly_id,ASM_A
I0/subassembly.csv,Subassembly,assembly_step,string,False,0..1,per_object_definition,,,blank allowed,Subassembly.assembly_step,1
I0/subassembly.csv,Subassembly,member_part_ids,string,False,0..1,per_object_definition,,,blank allowed,Subassembly.member_part_ids,P_A
I0/subassembly.csv,Subassembly,active_interface_ids,string,False,0..1,per_object_definition,,,blank allowed,Subassembly.active_interface_ids,G_AB
I0/subassembly.csv,Subassembly,active_joint_ids,string,False,0..1,per_object_definition,,,blank allowed,Subassembly.active_joint_ids,JNT_AB;JNT_BC;JNT_AD;JNT_DB
I0/subassembly.csv,Subassembly,reference_state_id,string,True,1,per_object_definition,,primary or foreign key,blocking if required,Subassembly.reference_state_id,REF_NOMINAL
I0/subassembly.csv,Subassembly,metadata,string,False,0..1,per_object_definition,,,blank allowed,Subassembly.metadata,"{""data_nature"":""SYNTHETIC_NUMERICAL_CONSISTENCY_CASE"",""engineering_claim_allowed"":false,""schema_version"":""V2.5"",""schema_revision"":""MULTI_PART_SERIAL_PARALLEL_2026-07""}"
I0/subassembly_membership.csv,SubassemblyMembership,membership_id,string,True,1,per_object_definition,,primary or foreign key,blocking if required,SubassemblyMembership.membership_id,MEM_ASM_A_P_A
I0/subassembly_membership.csv,SubassemblyMembership,subassembly_id,string,True,1,per_object_definition,,primary or foreign key,blocking if required,SubassemblyMembership.subassembly_id,ASM_A
I0/subassembly_membership.csv,SubassemblyMembership,part_id,string,True,1,per_object_definition,,primary or foreign key,blocking if required,SubassemblyMembership.part_id,P_A
I0/subassembly_membership.csv,SubassemblyMembership,added_at_step,string,False,0..1,per_object_definition,,,blank allowed,SubassemblyMembership.added_at_step,1
I0/subassembly_membership.csv,SubassemblyMembership,removed_at_step_optional,string,False,0..1,per_object_definition,,,blank allowed,SubassemblyMembership.removed_at_step_optional,
I0/subassembly_membership.csv,SubassemblyMembership,membership_role,string,False,0..1,per_object_definition,,,blank allowed,SubassemblyMembership.membership_role,MEMBER
I0/subassembly_membership.csv,SubassemblyMembership,metadata,string,False,0..1,per_object_definition,,,blank allowed,SubassemblyMembership.metadata,"{""data_nature"":""SYNTHETIC_NUMERICAL_CONSISTENCY_CASE"",""engineering_claim_allowed"":false,""schema_version"":""V2.5"",""schema_revision"":""MULTI_PART_SERIAL_PARALLEL_2026-07""}"
I_Gamma/area_weight_matrix.csv,AreaWeightMatrix,area_weight_matrix_id,string,True,1,per_object_definition,,primary or foreign key,blocking if required,AreaWeightMatrix.area_weight_matrix_id,QA_AB
I_Gamma/area_weight_matrix.csv,AreaWeightMatrix,contact_domain_id,string,True,1,per_object_definition,,primary or foreign key,blocking if required,AreaWeightMatrix.contact_domain_id,CD_AB
I_Gamma/area_weight_matrix.csv,AreaWeightMatrix,matrix_id,string,True,1,per_object_definition,,primary or foreign key,blocking if required,AreaWeightMatrix.matrix_id,QA_AB_MATRIX
I_Gamma/area_weight_matrix.csv,AreaWeightMatrix,candidate_point_ids,string,False,0..1,per_object_definition,,,blank allowed,AreaWeightMatrix.candidate_point_ids,CP_AB_01;CP_AB_02;CP_AB_03
I_Gamma/area_weight_matrix.csv,AreaWeightMatrix,area_values,string,False,0..1,per_object_definition,,,blank allowed,AreaWeightMatrix.area_values,"[1200.0,1000.0,800.0]"
I_Gamma/area_weight_matrix.csv,AreaWeightMatrix,unit,string,False,0..1,per_object_definition,,,blank allowed,AreaWeightMatrix.unit,mm^2
I_Gamma/area_weight_matrix.csv,AreaWeightMatrix,area_sum,string,False,0..1,per_object_definition,,,blank allowed,AreaWeightMatrix.area_sum,3000.0
I_Gamma/area_weight_matrix.csv,AreaWeightMatrix,quality_flag,string,False,0..1,per_object_definition,,,blank allowed,AreaWeightMatrix.quality_flag,PASS
I_Gamma/area_weight_matrix.csv,AreaWeightMatrix,metadata,string,False,0..1,per_object_definition,,,blank allowed,AreaWeightMatrix.metadata,"{""data_nature"":""SYNTHETIC_NUMERICAL_CONSISTENCY_CASE"",""engineering_claim_allowed"":false,""schema_version"":""V2.5"",""schema_revision"":""MULTI_PART_SERIAL_PARALLEL_2026-07""}"
I_Gamma/contact_domain.csv,ContactDomain,contact_domain_id,string,True,1,per_object_definition,,primary or foreign key,blocking if required,ContactDomain.contact_domain_id,CD_AB
I_Gamma/contact_domain.csv,ContactDomain,interface_id,string,True,1,per_object_definition,,primary or foreign key,blocking if required,ContactDomain.interface_id,G_AB
I_Gamma/contact_domain.csv,ContactDomain,side_i_region_id,string,True,1,per_object_definition,,primary or foreign key,blocking if required,ContactDomain.side_i_region_id,REG_PANEL_AB
I_Gamma/contact_domain.csv,ContactDomain,side_j_region_id,string,True,1,per_object_definition,,primary or foreign key,blocking if required,ContactDomain.side_j_region_id,REG_RIB_AB
I_Gamma/contact_domain.csv,ContactDomain,contact_point_ids,string,False,0..1,per_object_definition,,,blank allowed,ContactDomain.contact_point_ids,CP_AB_01;CP_AB_02;CP_AB_03
I_Gamma/contact_domain.csv,ContactDomain,correspondence_method,string,False,0..1,per_object_definition,,,blank allowed,ContactDomain.correspondence_method,nominal_fixed_synthetic
I_Gamma/contact_domain.csv,ContactDomain,normal_definition_method,string,False,0..1,per_object_definition,,,blank allowed,ContactDomain.normal_definition_method,side_i_nominal_normal
I_Gamma/contact_domain.csv,ContactDomain,tangent_definition_method,string,False,0..1,per_object_definition,,,blank allowed,ContactDomain.tangent_definition_method,orthonormal_from_normal
I_Gamma/contact_domain.csv,ContactDomain,area_weight_matrix_id,string,True,1,per_object_definition,,primary or foreign key,blocking if required,ContactDomain.area_weight_matrix_id,QA_AB
I_Gamma/contact_domain.csv,ContactDomain,G_gap_mapping_id,string,True,1,per_object_definition,,primary or foreign key,blocking if required,ContactDomain.G_gap_mapping_id,G_GAP_AB
I_Gamma/contact_domain.csv,ContactDomain,Bn_mapping_id,string,True,1,per_object_definition,,primary or foreign key,blocking if required,ContactDomain.Bn_mapping_id,BN_AB
I_Gamma/contact_domain.csv,ContactDomain,Bt_mapping_id_optional,string,False,0..1,per_object_definition,,,blank allowed,ContactDomain.Bt_mapping_id_optional,
I_Gamma/contact_domain.csv,ContactDomain,nominal_gap_field_id,string,True,1,per_object_definition,,primary or foreign key,blocking if required,ContactDomain.nominal_gap_field_id,GF_INITIAL_AB
I_Gamma/contact_domain.csv,ContactDomain,initial_contact_parameter_id,string,True,1,per_object_definition,,primary or foreign key,blocking if required,ContactDomain.initial_contact_parameter_id,IPAR_AB
I_Gamma/contact_domain.csv,ContactDomain,candidate_region_margin,string,False,0..1,per_object_definition,,,blank allowed,ContactDomain.candidate_region_margin,5.0
I_Gamma/contact_domain.csv,ContactDomain,density_level,string,False,0..1,per_object_definition,,,blank allowed,ContactDomain.density_level,minimal_3pt
I_Gamma/contact_domain.csv,ContactDomain,validity_region,string,False,0..1,per_object_definition,,,blank allowed,ContactDomain.validity_region,FIXTURE_ONLY
I_Gamma/contact_domain.csv,ContactDomain,metadata,string,False,0..1,per_object_definition,,,blank allowed,ContactDomain.metadata,"{""data_nature"":""SYNTHETIC_NUMERICAL_CONSISTENCY_CASE"",""engineering_claim_allowed"":false,""schema_version"":""V2.5"",""schema_revision"":""MULTI_PART_SERIAL_PARALLEL_2026-07""}"
I_Gamma/contact_point.csv,ContactPoint,point_id,string,True,1,per_object_definition,,primary or foreign key,blocking if required,ContactPoint.point_id,CP_AB_01
I_Gamma/contact_point.csv,ContactPoint,contact_domain_id,string,True,1,per_object_definition,,primary or foreign key,blocking if required,ContactPoint.contact_domain_id,CD_AB
I_Gamma/contact_point.csv,ContactPoint,local_index,string,False,0..1,per_object_definition,,,blank allowed,ContactPoint.local_index,0
I_Gamma/contact_point.csv,ContactPoint,x_i0,string,False,0..1,per_object_definition,,,blank allowed,ContactPoint.x_i0,"[0.0,0.0,0.0]"
I_Gamma/contact_point.csv,ContactPoint,x_j0,string,False,0..1,per_object_definition,,,blank allowed,ContactPoint.x_j0,"[0.0,0.0,0.08]"
I_Gamma/contact_point.csv,ContactPoint,normal_n,string,False,0..1,per_object_definition,,,blank allowed,ContactPoint.normal_n,"[0.0,0.0,1.0]"
I_Gamma/contact_point.csv,ContactPoint,tangent_basis_T,string,False,0..1,per_object_definition,,,blank allowed,ContactPoint.tangent_basis_T,"[[1,0,0],[0,1,0]]"
I_Gamma/contact_point.csv,ContactPoint,area_weight,string,False,0..1,per_object_definition,,,blank allowed,ContactPoint.area_weight,1200.0
I_Gamma/contact_point.csv,ContactPoint,local_coordinate_system_id,string,True,1,per_object_definition,,primary or foreign key,blocking if required,ContactPoint.local_coordinate_system_id,CS_ASSEMBLY
I_Gamma/contact_point.csv,ContactPoint,candidate_flag,string,False,0..1,per_object_definition,,,blank allowed,ContactPoint.candidate_flag,TRUE
I_Gamma/contact_point.csv,ContactPoint,edge_or_interior_flag,string,False,0..1,per_object_definition,,,blank allowed,ContactPoint.edge_or_interior_flag,EDGE
I_Gamma/contact_point.csv,ContactPoint,correspondence_quality,string,False,0..1,per_object_definition,,,blank allowed,ContactPoint.correspondence_quality,PASS
I_Gamma/contact_point.csv,ContactPoint,metadata,string,False,0..1,per_object_definition,,,blank allowed,ContactPoint.metadata,"{""data_nature"":""SYNTHETIC_NUMERICAL_CONSISTENCY_CASE"",""engineering_claim_allowed"":false,""schema_version"":""V2.5"",""schema_revision"":""MULTI_PART_SERIAL_PARALLEL_2026-07""}"
I_Gamma/extended_contact_domain.csv,ExtendedContactDomain,extended_domain_id,string,True,1,per_object_definition,,primary or foreign key,blocking if required,ExtendedContactDomain.extended_domain_id,ECD_MULTIPART
I_Gamma/extended_contact_domain.csv,ExtendedContactDomain,stage_id,string,True,1,per_object_definition,,primary or foreign key,blocking if required,ExtendedContactDomain.stage_id,S_LOCATE_01;S_CLAMP_02;S_JOIN_03;S_RELEASE_04
I_Gamma/extended_contact_domain.csv,ExtendedContactDomain,part_contact_domain_ids,string,False,0..1,per_object_definition,,,blank allowed,ExtendedContactDomain.part_contact_domain_ids,CD_AB;CD_BC;CD_AD;CD_DB
I_Gamma/extended_contact_domain.csv,ExtendedContactDomain,locator_domain_ids,string,False,0..1,per_object_definition,,,blank allowed,ExtendedContactDomain.locator_domain_ids,LOCGRP_MULTIPART
I_Gamma/extended_contact_domain.csv,ExtendedContactDomain,clamp_domain_ids,string,False,0..1,per_object_definition,,,blank allowed,ExtendedContactDomain.clamp_domain_ids,CLAMP_ALL
I_Gamma/extended_contact_domain.csv,ExtendedContactDomain,joint_domain_ids,string,False,0..1,per_object_definition,,,blank allowed,ExtendedContactDomain.joint_domain_ids,JNT_AB;JNT_BC;JNT_AD;JNT_DB
I_Gamma/extended_contact_domain.csv,ExtendedContactDomain,extended_contact_point_ids,string,False,0..1,per_object_definition,,,blank allowed,ExtendedContactDomain.extended_contact_point_ids,CP_AB_01;CP_AB_02;CP_AB_03;CP_BC_01;CP_BC_02;CP_BC_03;CP_AD_01;CP_AD_02;CP_AD_03;CP_BD_01;CP_BD_02;CP_BD_03
I_Gamma/extended_contact_domain.csv,ExtendedContactDomain,extended_gap_mapping_id,string,True,1,per_object_definition,,primary or foreign key,blocking if required,ExtendedContactDomain.extended_gap_mapping_id,G_EXT_ALL
I_Gamma/extended_contact_domain.csv,ExtendedContactDomain,extended_B_mapping_id,string,True,1,per_object_definition,,primary or foreign key,blocking if required,ExtendedContactDomain.extended_B_mapping_id,B_EXT_ALL
I_Gamma/extended_contact_domain.csv,ExtendedContactDomain,locator_group_ids,string,False,0..1,per_object_definition,,,blank allowed,ExtendedContactDomain.locator_group_ids,LOCGRP_MULTIPART
I_Gamma/extended_contact_domain.csv,ExtendedContactDomain,validity_region,string,False,0..1,per_object_definition,,,blank allowed,ExtendedContactDomain.validity_region,FIXTURE_ONLY
I_Gamma/extended_contact_domain.csv,ExtendedContactDomain,quality_flag,string,False,0..1,per_object_definition,,,blank allowed,ExtendedContactDomain.quality_flag,PASS
I_Gamma/extended_contact_domain.csv,ExtendedContactDomain,metadata,string,False,0..1,per_object_definition,,,blank allowed,ExtendedContactDomain.metadata,"{""data_nature"":""SYNTHETIC_NUMERICAL_CONSISTENCY_CASE"",""engineering_claim_allowed"":false,""schema_version"":""V2.5"",""schema_revision"":""MULTI_PART_SERIAL_PARALLEL_2026-07""}"
I_Gamma/extended_gap_and_compliance.csv,ExtendedGapAndCompliance,ext_gap_compliance_id,string,True,1,per_object_definition,,primary or foreign key,blocking if required,ExtendedGapAndCompliance.ext_gap_compliance_id,EGC_S_LOCATE_01
I_Gamma/extended_gap_and_compliance.csv,ExtendedGapAndCompliance,sample_id,string,True,1,per_object_definition,,primary or foreign key,blocking if required,ExtendedGapAndCompliance.sample_id,SAMPLE_001
I_Gamma/extended_gap_and_compliance.csv,ExtendedGapAndCompliance,stage_id,string,True,1,per_object_definition,,primary or foreign key,blocking if required,ExtendedGapAndCompliance.stage_id,S_LOCATE_01
I_Gamma/extended_gap_and_compliance.csv,ExtendedGapAndCompliance,extended_domain_id,string,True,1,per_object_definition,,primary or foreign key,blocking if required,ExtendedGapAndCompliance.extended_domain_id,ECD_MULTIPART
I_Gamma/extended_gap_and_compliance.csv,ExtendedGapAndCompliance,g_ext0_vector_id,string,True,1,per_object_definition,,primary or foreign key,blocking if required,ExtendedGapAndCompliance.g_ext0_vector_id,Q_LOCATE_01
I_Gamma/extended_gap_and_compliance.csv,ExtendedGapAndCompliance,B_ext_mapping_id,string,True,1,per_object_definition,,primary or foreign key,blocking if required,ExtendedGapAndCompliance.B_ext_mapping_id,B_EXT_ALL
I_Gamma/extended_gap_and_compliance.csv,ExtendedGapAndCompliance,free_displacement_vector_id,string,True,1,per_object_definition,,primary or foreign key,blocking if required,ExtendedGapAndCompliance.free_displacement_vector_id,U_FREE_LOCATE_01
I_Gamma/extended_gap_and_compliance.csv,ExtendedGapAndCompliance,command_displacement_vector_id,string,True,1,per_object_definition,,primary or foreign key,blocking if required,ExtendedGapAndCompliance.command_displacement_vector_id,D_CMD_LOCATE_01
I_Gamma/extended_gap_and_compliance.csv,ExtendedGapAndCompliance,q_ext_vector_id,string,True,1,per_object_definition,,primary or foreign key,blocking if required,ExtendedGapAndCompliance.q_ext_vector_id,Q_LOCATE_01
I_Gamma/extended_gap_and_compliance.csv,ExtendedGapAndCompliance,W_struct_ext_id,string,True,1,per_object_definition,,primary or foreign key,blocking if required,ExtendedGapAndCompliance.W_struct_ext_id,W_STRUCT_LOCATE_01
I_Gamma/extended_gap_and_compliance.csv,ExtendedGapAndCompliance,C_interface_id,string,True,1,per_object_definition,,primary or foreign key,blocking if required,ExtendedGapAndCompliance.C_interface_id,CN_ALL
I_Gamma/extended_gap_and_compliance.csv,ExtendedGapAndCompliance,C_locator_id,string,True,1,per_object_definition,,primary or foreign key,blocking if required,ExtendedGapAndCompliance.C_locator_id,
I_Gamma/extended_gap_and_compliance.csv,ExtendedGapAndCompliance,C_joint_id,string,True,1,per_object_definition,,primary or foreign key,blocking if required,ExtendedGapAndCompliance.C_joint_id,KJ_ALL
I_Gamma/extended_gap_and_compliance.csv,ExtendedGapAndCompliance,W_ext_matrix_id,string,True,1,per_object_definition,,primary or foreign key,blocking if required,ExtendedGapAndCompliance.W_ext_matrix_id,W_TOTAL_LOCATE_01
I_Gamma/extended_gap_and_compliance.csv,ExtendedGapAndCompliance,unit_check_result,string,False,0..1,per_object_definition,,,blank allowed,ExtendedGapAndCompliance.unit_check_result,PASS
I_Gamma/extended_gap_and_compliance.csv,ExtendedGapAndCompliance,dependency_hash,string,False,0..1,per_object_definition,,,blank allowed,ExtendedGapAndCompliance.dependency_hash,fbbe00eccad0fc30fc688b617b87f01ce30fc1f6cfa74ff2f4a48fd882a605df
I_Gamma/extended_gap_and_compliance.csv,ExtendedGapAndCompliance,quality_flag,string,False,0..1,per_object_definition,,,blank allowed,ExtendedGapAndCompliance.quality_flag,PASS
I_Gamma/extended_gap_and_compliance.csv,ExtendedGapAndCompliance,metadata,string,False,0..1,per_object_definition,,,blank allowed,ExtendedGapAndCompliance.metadata,"{""data_nature"":""SYNTHETIC_NUMERICAL_CONSISTENCY_CASE"",""engineering_claim_allowed"":false,""schema_version"":""V2.5"",""schema_revision"":""MULTI_PART_SERIAL_PARALLEL_2026-07""}"
I_Gamma/gap_field.csv,GapField,gap_field_id,string,True,1,per_object_definition,,primary or foreign key,blocking if required,GapField.gap_field_id,GF_INITIAL_AB
I_Gamma/gap_field.csv,GapField,contact_domain_id,string,True,1,per_object_definition,,primary or foreign key,blocking if required,GapField.contact_domain_id,CD_AB
I_Gamma/gap_field.csv,GapField,sample_id,string,True,1,per_object_definition,,primary or foreign key,blocking if required,GapField.sample_id,SAMPLE_001
I_Gamma/gap_field.csv,GapField,stage_id_or_initial,string,False,0..1,per_object_definition,,,blank allowed,GapField.stage_id_or_initial,INITIAL
I_Gamma/gap_field.csv,GapField,values_g,string,False,0..1,per_object_definition,,,blank allowed,GapField.values_g,"[0.08,0.04,0.06]"
I_Gamma/gap_field.csv,GapField,nominal_component,string,False,0..1,per_object_definition,,,blank allowed,GapField.nominal_component,"[0.075,0.042,0.057]"
I_Gamma/gap_field.csv,GapField,sms_component,string,False,0..1,per_object_definition,,,blank allowed,GapField.sms_component,"[0.005,-0.002,0.003]"
I_Gamma/gap_field.csv,GapField,pose_bias_component_optional,string,False,0..1,per_object_definition,,,blank allowed,GapField.pose_bias_component_optional,"[0.0,0.0,0.0]"
I_Gamma/gap_field.csv,GapField,sign_convention,string,False,0..1,per_object_definition,,,blank allowed,GapField.sign_convention,g>0 separation; g=0 contact; g<0 initial interference
I_Gamma/gap_field.csv,GapField,source_sms_update_result_ids,string,False,0..1,per_object_definition,,,blank allowed,GapField.source_sms_update_result_ids,SMS_UPD_PANEL;SMS_UPD_RIB;SMS_UPD_SPAR;SMS_UPD_BRACKET
I_Gamma/gap_field.csv,GapField,source_sms_transfer_package_ids,string,False,0..1,per_object_definition,,,blank allowed,GapField.source_sms_transfer_package_ids,SMS_TRANSFER_PANEL;SMS_TRANSFER_RIB;SMS_TRANSFER_SPAR;SMS_TRANSFER_BRACKET
I_Gamma/gap_field.csv,GapField,excluded_measurement_deformation_source_ids,string,False,0..1,per_object_definition,,,blank allowed,GapField.excluded_measurement_deformation_source_ids,GRAVITY_M;FIXTURE_M;LOCAL_CONTACT_M
I_Gamma/gap_field.csv,GapField,double_count_check_id,string,True,1,per_object_definition,,primary or foreign key,blocking if required,GapField.double_count_check_id,DCC_MULTIPART
I_Gamma/gap_field.csv,GapField,reference_state_id,string,True,1,per_object_definition,,primary or foreign key,blocking if required,GapField.reference_state_id,REF_NOMINAL
I_Gamma/gap_field.csv,GapField,unit,string,False,0..1,per_object_definition,,,blank allowed,GapField.unit,mm
I_Gamma/gap_field.csv,GapField,metadata,string,False,0..1,per_object_definition,,,blank allowed,GapField.metadata,"{""data_nature"":""SYNTHETIC_NUMERICAL_CONSISTENCY_CASE"",""engineering_claim_allowed"":false,""schema_version"":""V2.5"",""schema_revision"":""MULTI_PART_SERIAL_PARALLEL_2026-07""}"
I_key/feature_mapping.csv,FeatureMapping,feature_mapping_id,string,True,1,per_object_definition,,primary or foreign key,blocking if required,FeatureMapping.feature_mapping_id,FM_PANEL_KCP_END_GAP
I_key/feature_mapping.csv,FeatureMapping,source_feature_id,string,True,1,per_object_definition,,primary or foreign key,blocking if required,FeatureMapping.source_feature_id,KCM_PANEL_PROFILE
I_key/feature_mapping.csv,FeatureMapping,target_feature_id,string,True,1,per_object_definition,,primary or foreign key,blocking if required,FeatureMapping.target_feature_id,KCP_END_GAP
I_key/feature_mapping.csv,FeatureMapping,mapping_type,string,False,0..1,per_object_definition,,,blank allowed,FeatureMapping.mapping_type,MULTIPART_JT
I_key/feature_mapping.csv,FeatureMapping,matrix_id,string,True,1,per_object_definition,,primary or foreign key,blocking if required,FeatureMapping.matrix_id,J_PART_ALL
I_key/feature_mapping.csv,FeatureMapping,sign_convention,string,False,0..1,per_object_definition,,,blank allowed,FeatureMapping.sign_convention,positive_normal
I_key/feature_mapping.csv,FeatureMapping,reference_state_id,string,True,1,per_object_definition,,primary or foreign key,blocking if required,FeatureMapping.reference_state_id,REF_NOMINAL
I_key/feature_mapping.csv,FeatureMapping,quality_flag,string,False,0..1,per_object_definition,,,blank allowed,FeatureMapping.quality_flag,PASS
I_key/feature_mapping.csv,FeatureMapping,metadata,string,False,0..1,per_object_definition,,,blank allowed,FeatureMapping.metadata,"{""data_nature"":""SYNTHETIC_NUMERICAL_CONSISTENCY_CASE"",""engineering_claim_allowed"":false,""schema_version"":""V2.5"",""schema_revision"":""MULTI_PART_SERIAL_PARALLEL_2026-07""}"
I_key/kcm_definition.csv,KcmDefinition,kcm_id,string,True,1,per_object_definition,,primary or foreign key,blocking if required,KcmDefinition.kcm_id,KCM_PANEL_PROFILE
I_key/kcm_definition.csv,KcmDefinition,kcm_name,string,False,0..1,per_object_definition,,,blank allowed,KcmDefinition.kcm_name,PANEL_FREE_PROFILE
I_key/kcm_definition.csv,KcmDefinition,feature_type,string,False,0..1,per_object_definition,,,blank allowed,KcmDefinition.feature_type,point_deviation
I_key/kcm_definition.csv,KcmDefinition,target_object_type,string,False,0..1,per_object_definition,,,blank allowed,KcmDefinition.target_object_type,Part
I_key/kcm_definition.csv,KcmDefinition,target_object_id,string,True,1,per_object_definition,,primary or foreign key,blocking if required,KcmDefinition.target_object_id,P_A
I_key/kcm_definition.csv,KcmDefinition,stage_id_optional,string,False,0..1,per_object_definition,,,blank allowed,KcmDefinition.stage_id_optional,FREE
I_key/kcm_definition.csv,KcmDefinition,nominal_location,string,False,0..1,per_object_definition,,,blank allowed,KcmDefinition.nominal_location,"[50,0,0]"
I_key/kcm_definition.csv,KcmDefinition,evaluation_direction,string,False,0..1,per_object_definition,,,blank allowed,KcmDefinition.evaluation_direction,"[0,0,1]"
I_key/kcm_definition.csv,KcmDefinition,extraction_or_measurement_matrix_id,string,True,1,per_object_definition,,primary or foreign key,blocking if required,KcmDefinition.extraction_or_measurement_matrix_id,H_M_PANEL
I_key/kcm_definition.csv,KcmDefinition,nominal_value,string,False,0..1,per_object_definition,,,blank allowed,KcmDefinition.nominal_value,0.0
I_key/kcm_definition.csv,KcmDefinition,expected_unit,string,False,0..1,per_object_definition,,,blank allowed,KcmDefinition.expected_unit,mm
I_key/kcm_definition.csv,KcmDefinition,measurement_method,string,False,0..1,per_object_definition,,,blank allowed,KcmDefinition.measurement_method,SYNTHETIC_FIXTURE
I_key/kcm_definition.csv,KcmDefinition,required_uncertainty,string,False,0..1,per_object_definition,,,blank allowed,KcmDefinition.required_uncertainty,0.01
I_key/kcm_definition.csv,KcmDefinition,update_target,string,False,0..1,per_object_definition,,,blank allowed,KcmDefinition.update_target,SMS
I_key/kcm_definition.csv,KcmDefinition,metadata,string,False,0..1,per_object_definition,,,blank allowed,KcmDefinition.metadata,"{""data_nature"":""SYNTHETIC_NUMERICAL_CONSISTENCY_CASE"",""engineering_claim_allowed"":false,""schema_version"":""V2.5"",""schema_revision"":""MULTI_PART_SERIAL_PARALLEL_2026-07""}"
I_key/kcp_definition.csv,KcpDefinition,kcp_id,string,True,1,per_object_definition,,primary or foreign key,blocking if required,KcpDefinition.kcp_id,KCP_END_GAP
I_key/kcp_definition.csv,KcpDefinition,kcp_name,string,False,0..1,per_object_definition,,,blank allowed,KcpDefinition.kcp_name,SERIAL_PATH_END_GAP_AT_SPAR
I_key/kcp_definition.csv,KcpDefinition,feature_type,string,False,0..1,per_object_definition,,,blank allowed,KcpDefinition.feature_type,gap
I_key/kcp_definition.csv,KcpDefinition,target_object_type,string,False,0..1,per_object_definition,,,blank allowed,KcpDefinition.target_object_type,Subassembly
I_key/kcp_definition.csv,KcpDefinition,target_object_id,string,True,1,per_object_definition,,primary or foreign key,blocking if required,KcpDefinition.target_object_id,ASM_ABCD
I_key/kcp_definition.csv,KcpDefinition,stage_id_optional,string,False,0..1,per_object_definition,,,blank allowed,KcpDefinition.stage_id_optional,S_RELEASE_04
I_key/kcp_definition.csv,KcpDefinition,nominal_location,string,False,0..1,per_object_definition,,,blank allowed,KcpDefinition.nominal_location,"[50,50,0]"
I_key/kcp_definition.csv,KcpDefinition,evaluation_direction,string,False,0..1,per_object_definition,,,blank allowed,KcpDefinition.evaluation_direction,"[0,0,1]"
I_key/kcp_definition.csv,KcpDefinition,extraction_matrix_id,string,True,1,per_object_definition,,primary or foreign key,blocking if required,KcpDefinition.extraction_matrix_id,J_INTERFACE_ALL
I_key/kcp_definition.csv,KcpDefinition,nominal_value,string,False,0..1,per_object_definition,,,blank allowed,KcpDefinition.nominal_value,0.0
I_key/kcp_definition.csv,KcpDefinition,lower_tol,string,False,0..1,per_object_definition,,,blank allowed,KcpDefinition.lower_tol,-0.1
I_key/kcp_definition.csv,KcpDefinition,upper_tol,string,False,0..1,per_object_definition,,,blank allowed,KcpDefinition.upper_tol,0.1
I_key/kcp_definition.csv,KcpDefinition,expected_unit,string,False,0..1,per_object_definition,,,blank allowed,KcpDefinition.expected_unit,mm
I_key/kcp_definition.csv,KcpDefinition,acceptance_rule,string,False,0..1,per_object_definition,,,blank allowed,KcpDefinition.acceptance_rule,within_tolerance
I_key/kcp_definition.csv,KcpDefinition,metadata,string,False,0..1,per_object_definition,,,blank allowed,KcpDefinition.metadata,"{""data_nature"":""SYNTHETIC_NUMERICAL_CONSISTENCY_CASE"",""engineering_claim_allowed"":false,""schema_version"":""V2.5"",""schema_revision"":""MULTI_PART_SERIAL_PARALLEL_2026-07""}"
I_key/kcp_definition.csv,KcpDefinition,kcp_set_id,string,True,1,per_object_definition,,primary or foreign key,blocking if required,KcpDefinition.kcp_set_id,KCP_SET_MULTIPART
I_meas/data_split.csv,DataSplit,data_split_id,string,True,1,per_object_definition,,primary or foreign key,blocking if required,DataSplit.data_split_id,DS_MULTIPART
I_meas/data_split.csv,DataSplit,identification_sample_ids,string,False,0..1,per_object_definition,,,blank allowed,DataSplit.identification_sample_ids,SAMPLE_001
I_meas/data_split.csv,DataSplit,calibration_sample_ids,string,False,0..1,per_object_definition,,,blank allowed,DataSplit.calibration_sample_ids,
I_meas/data_split.csv,DataSplit,validation_sample_ids,string,False,0..1,per_object_definition,,,blank allowed,DataSplit.validation_sample_ids,SAMPLE_ORACLE
I_meas/data_split.csv,DataSplit,split_strategy,string,False,0..1,per_object_definition,,,blank allowed,DataSplit.split_strategy,SYNTHETIC_SEPARATE_ORACLE
I_meas/data_split.csv,DataSplit,grouping_constraint,string,False,0..1,per_object_definition,,,blank allowed,DataSplit.grouping_constraint,fixture_only
I_meas/data_split.csv,DataSplit,leakage_check_result,string,False,0..1,per_object_definition,,,blank allowed,DataSplit.leakage_check_result,PASS
I_meas/data_split.csv,DataSplit,random_seed_optional,string,False,0..1,per_object_definition,,,blank allowed,DataSplit.random_seed_optional,
I_meas/data_split.csv,DataSplit,metadata,string,False,0..1,per_object_definition,,,blank allowed,DataSplit.metadata,"{""data_nature"":""SYNTHETIC_NUMERICAL_CONSISTENCY_CASE"",""engineering_claim_allowed"":false,""schema_version"":""V2.5"",""schema_revision"":""MULTI_PART_SERIAL_PARALLEL_2026-07""}"
I_meas/fixture_calibration.csv,FixtureCalibration,fixture_calibration_id,string,True,1,per_object_definition,,primary or foreign key,blocking if required,FixtureCalibration.fixture_calibration_id,FIXCAL_SYNTH
I_meas/fixture_calibration.csv,FixtureCalibration,fixture_id,string,True,1,per_object_definition,,primary or foreign key,blocking if required,FixtureCalibration.fixture_id,FIXTURE_SYNTH
I_meas/fixture_calibration.csv,FixtureCalibration,calibration_method,string,False,0..1,per_object_definition,,,blank allowed,FixtureCalibration.calibration_method,SYNTHETIC_EXACT
I_meas/fixture_calibration.csv,FixtureCalibration,load_range,string,False,0..1,per_object_definition,,,blank allowed,FixtureCalibration.load_range,"[0,100]"
I_meas/fixture_calibration.csv,FixtureCalibration,compliance_matrix_id,string,True,1,per_object_definition,,primary or foreign key,blocking if required,FixtureCalibration.compliance_matrix_id,C_FIXTURE_SYNTH
I_meas/fixture_calibration.csv,FixtureCalibration,uncertainty,string,False,0..1,per_object_definition,,,blank allowed,FixtureCalibration.uncertainty,0.0
I_meas/fixture_calibration.csv,FixtureCalibration,validity_domain_id,string,True,1,per_object_definition,,primary or foreign key,blocking if required,FixtureCalibration.validity_domain_id,VD_MULTIPART
I_meas/fixture_calibration.csv,FixtureCalibration,quality_flag,string,False,0..1,per_object_definition,,,blank allowed,FixtureCalibration.quality_flag,PASS
I_meas/fixture_calibration.csv,FixtureCalibration,metadata,string,False,0..1,per_object_definition,,,blank allowed,FixtureCalibration.metadata,"{""data_nature"":""SYNTHETIC_NUMERICAL_CONSISTENCY_CASE"",""engineering_claim_allowed"":false,""schema_version"":""V2.5"",""schema_revision"":""MULTI_PART_SERIAL_PARALLEL_2026-07""}"
I_meas/interface_test_setup.csv,InterfaceTestSetup,setup_id,string,True,1,per_object_definition,,primary or foreign key,blocking if required,InterfaceTestSetup.setup_id,SETUP_AB
I_meas/interface_test_setup.csv,InterfaceTestSetup,specimen_id,string,True,1,per_object_definition,,primary or foreign key,blocking if required,InterfaceTestSetup.specimen_id,SPEC_AB
I_meas/interface_test_setup.csv,InterfaceTestSetup,fixture_id,string,True,1,per_object_definition,,primary or foreign key,blocking if required,InterfaceTestSetup.fixture_id,FIXTURE_SYNTH
I_meas/interface_test_setup.csv,InterfaceTestSetup,loading_machine_id,string,True,1,per_object_definition,,primary or foreign key,blocking if required,InterfaceTestSetup.loading_machine_id,MACHINE_SYNTH
I_meas/interface_test_setup.csv,InterfaceTestSetup,sensor_ids,string,False,0..1,per_object_definition,,,blank allowed,InterfaceTestSetup.sensor_ids,SENSOR_SYNTH
I_meas/interface_test_setup.csv,InterfaceTestSetup,coordinate_system_id,string,True,1,per_object_definition,,primary or foreign key,blocking if required,InterfaceTestSetup.coordinate_system_id,CS_ASSEMBLY
I_meas/interface_test_setup.csv,InterfaceTestSetup,support_state,string,False,0..1,per_object_definition,,,blank allowed,InterfaceTestSetup.support_state,FIXTURED
I_meas/interface_test_setup.csv,InterfaceTestSetup,load_state,string,False,0..1,per_object_definition,,,blank allowed,InterfaceTestSetup.load_state,CLAMPED
I_meas/interface_test_setup.csv,InterfaceTestSetup,environmental_conditions,string,False,0..1,per_object_definition,,,blank allowed,InterfaceTestSetup.environmental_conditions,20C
I_meas/interface_test_setup.csv,InterfaceTestSetup,fixture_calibration_id,string,True,1,per_object_definition,,primary or foreign key,blocking if required,InterfaceTestSetup.fixture_calibration_id,FIXCAL_SYNTH
I_meas/interface_test_setup.csv,InterfaceTestSetup,sensor_calibration_ids,string,False,0..1,per_object_definition,,,blank allowed,InterfaceTestSetup.sensor_calibration_ids,SENCAL_SYNTH
I_meas/interface_test_setup.csv,InterfaceTestSetup,metadata,string,False,0..1,per_object_definition,,,blank allowed,InterfaceTestSetup.metadata,"{""data_nature"":""SYNTHETIC_NUMERICAL_CONSISTENCY_CASE"",""engineering_claim_allowed"":false,""schema_version"":""V2.5"",""schema_revision"":""MULTI_PART_SERIAL_PARALLEL_2026-07""}"
I_meas/interface_test_specimen.csv,InterfaceTestSpecimen,specimen_id,string,True,1,per_object_definition,,primary or foreign key,blocking if required,InterfaceTestSpecimen.specimen_id,SPEC_AB
I_meas/interface_test_specimen.csv,InterfaceTestSpecimen,interface_id,string,True,1,per_object_definition,,primary or foreign key,blocking if required,InterfaceTestSpecimen.interface_id,G_AB
I_meas/interface_test_specimen.csv,InterfaceTestSpecimen,side_i_material_id,string,True,1,per_object_definition,,primary or foreign key,blocking if required,InterfaceTestSpecimen.side_i_material_id,MAT_CFRP_DEFAULT
I_meas/interface_test_specimen.csv,InterfaceTestSpecimen,side_j_material_id,string,True,1,per_object_definition,,primary or foreign key,blocking if required,InterfaceTestSpecimen.side_j_material_id,MAT_CFRP_DEFAULT
I_meas/interface_test_specimen.csv,InterfaceTestSpecimen,layup_ids_optional,string,False,0..1,per_object_definition,,,blank allowed,InterfaceTestSpecimen.layup_ids_optional,LAYUP_PANEL;LAYUP_RIB
I_meas/interface_test_specimen.csv,InterfaceTestSpecimen,thickness_values,string,False,0..1,per_object_definition,,,blank allowed,InterfaceTestSpecimen.thickness_values,"[2.0,2.0]"
I_meas/interface_test_specimen.csv,InterfaceTestSpecimen,surface_treatment,string,False,0..1,per_object_definition,,,blank allowed,InterfaceTestSpecimen.surface_treatment,SYNTHETIC_SMOOTH
I_meas/interface_test_specimen.csv,InterfaceTestSpecimen,coating_or_sealant_optional,string,False,0..1,per_object_definition,,,blank allowed,InterfaceTestSpecimen.coating_or_sealant_optional,
I_meas/interface_test_specimen.csv,InterfaceTestSpecimen,fastener_or_joint_description,string,False,0..1,per_object_definition,,,blank allowed,InterfaceTestSpecimen.fastener_or_joint_description,JNT_AB
I_meas/interface_test_specimen.csv,InterfaceTestSpecimen,geometry_similarity_to_real_interface,string,False,0..1,per_object_definition,,,blank allowed,InterfaceTestSpecimen.geometry_similarity_to_real_interface,SYNTHETIC_NOT_APPLICABLE
I_meas/interface_test_specimen.csv,InterfaceTestSpecimen,manufacturing_batch,string,False,0..1,per_object_definition,,,blank allowed,InterfaceTestSpecimen.manufacturing_batch,SYNTHETIC
I_meas/interface_test_specimen.csv,InterfaceTestSpecimen,metadata,string,False,0..1,per_object_definition,,,blank allowed,InterfaceTestSpecimen.metadata,"{""data_nature"":""SYNTHETIC_NUMERICAL_CONSISTENCY_CASE"",""engineering_claim_allowed"":false,""schema_version"":""V2.5"",""schema_revision"":""MULTI_PART_SERIAL_PARALLEL_2026-07""}"
I_meas/loading_path.csv,LoadingPath,loading_path_id,string,True,1,per_object_definition,,primary or foreign key,blocking if required,LoadingPath.loading_path_id,LOADPATH_AB
I_meas/loading_path.csv,LoadingPath,stage_equivalent,string,False,0..1,per_object_definition,,,blank allowed,LoadingPath.stage_equivalent,S_CLAMP_02;S_JOIN_03;S_RELEASE_04
I_meas/loading_path.csv,LoadingPath,normal_load_sequence,string,False,0..1,per_object_definition,,,blank allowed,LoadingPath.normal_load_sequence,"[0,25,40,15]"
I_meas/loading_path.csv,LoadingPath,tangential_load_sequence_optional,string,False,0..1,per_object_definition,,,blank allowed,LoadingPath.tangential_load_sequence_optional,[]
I_meas/loading_path.csv,LoadingPath,preload_sequence_optional,string,False,0..1,per_object_definition,,,blank allowed,LoadingPath.preload_sequence_optional,"[0,0,15,15]"
I_meas/loading_path.csv,LoadingPath,hold_time_sequence_optional,string,False,0..1,per_object_definition,,,blank allowed,LoadingPath.hold_time_sequence_optional,"[0,1,1,1]"
I_meas/loading_path.csv,LoadingPath,unloading_sequence_optional,string,False,0..1,per_object_definition,,,blank allowed,LoadingPath.unloading_sequence_optional,"[40,15]"
I_meas/loading_path.csv,LoadingPath,rate_information_optional,string,False,0..1,per_object_definition,,,blank allowed,LoadingPath.rate_information_optional,SYNTHETIC_QUASISTATIC
I_meas/loading_path.csv,LoadingPath,metadata,string,False,0..1,per_object_definition,,,blank allowed,LoadingPath.metadata,"{""data_nature"":""SYNTHETIC_NUMERICAL_CONSISTENCY_CASE"",""engineering_claim_allowed"":false,""schema_version"":""V2.5"",""schema_revision"":""MULTI_PART_SERIAL_PARALLEL_2026-07""}"
I_meas/measurement_checkpoint.csv,MeasurementCheckpoint,checkpoint_id,string,True,1,per_object_definition,,primary or foreign key,blocking if required,MeasurementCheckpoint.checkpoint_id,MCP_AFTER_ABC
I_meas/measurement_checkpoint.csv,MeasurementCheckpoint,topology_id,string,True,1,per_object_definition,,primary or foreign key,blocking if required,MeasurementCheckpoint.topology_id,TOPOLOGY_STEP_MIN_CASE
I_meas/measurement_checkpoint.csv,MeasurementCheckpoint,topology_step_id,string,True,1,per_object_definition,,primary or foreign key,blocking if required,MeasurementCheckpoint.topology_step_id,TS205
I_meas/measurement_checkpoint.csv,MeasurementCheckpoint,source_topology_step_id,string,True,1,per_object_definition,,primary or foreign key,blocking if required,MeasurementCheckpoint.source_topology_step_id,TS204
I_meas/measurement_checkpoint.csv,MeasurementCheckpoint,measurement_set_id,string,True,1,per_object_definition,,primary or foreign key,blocking if required,MeasurementCheckpoint.measurement_set_id,MEAS_SET_AFTER_ABC
I_meas/measurement_checkpoint.csv,MeasurementCheckpoint,update_config_id,string,True,1,per_object_definition,,primary or foreign key,blocking if required,MeasurementCheckpoint.update_config_id,MUCFG_AFTER_ABC
I_meas/measurement_checkpoint.csv,MeasurementCheckpoint,reference_state_id,string,True,1,per_object_definition,,primary or foreign key,blocking if required,MeasurementCheckpoint.reference_state_id,PARENT_RUNTIME_STATE
I_meas/measurement_checkpoint.csv,MeasurementCheckpoint,missing_measurement_policy,string,False,0..1,per_object_definition,,,blank allowed,MeasurementCheckpoint.missing_measurement_policy,BLOCK
I_meas/measurement_checkpoint.csv,MeasurementCheckpoint,rollback_policy,string,False,0..1,per_object_definition,,,blank allowed,MeasurementCheckpoint.rollback_policy,ROLLBACK_TO_PREDICTED
I_meas/measurement_checkpoint.csv,MeasurementCheckpoint,active_flag,string,False,0..1,per_object_definition,,,blank allowed,MeasurementCheckpoint.active_flag,True
I_meas/measurement_checkpoint.csv,MeasurementCheckpoint,notes,string,False,0..1,per_object_definition,,,blank allowed,MeasurementCheckpoint.notes,Synthetic checkpoint; no engineering accuracy claim.
I_meas/measurement_observation_map.csv,MeasurementObservationMap,observation_id,string,True,1,per_object_definition,,primary or foreign key,blocking if required,MeasurementObservationMap.observation_id,OBS_GAP_AB
I_meas/measurement_observation_map.csv,MeasurementObservationMap,checkpoint_id,string,True,1,per_object_definition,,primary or foreign key,blocking if required,MeasurementObservationMap.checkpoint_id,MCP_AFTER_ABC
I_meas/measurement_observation_map.csv,MeasurementObservationMap,measurement_id,string,True,1,per_object_definition,,primary or foreign key,blocking if required,MeasurementObservationMap.measurement_id,MEAS_GAP_AB_AFTER_RELEASE
I_meas/measurement_observation_map.csv,MeasurementObservationMap,observation_order,string,False,0..1,per_object_definition,,,blank allowed,MeasurementObservationMap.observation_order,0
I_meas/measurement_observation_map.csv,MeasurementObservationMap,observed_quantity,string,False,0..1,per_object_definition,,,blank allowed,MeasurementObservationMap.observed_quantity,GAP_G
I_meas/measurement_observation_map.csv,MeasurementObservationMap,vector_source,string,False,0..1,per_object_definition,,,blank allowed,MeasurementObservationMap.vector_source,RUNTIME_STAGE_STATE
I_meas/measurement_observation_map.csv,MeasurementObservationMap,global_index_optional,string,False,0..1,per_object_definition,,,blank allowed,MeasurementObservationMap.global_index_optional,1
I_meas/measurement_observation_map.csv,MeasurementObservationMap,target_object_id_optional,string,False,0..1,per_object_definition,,,blank allowed,MeasurementObservationMap.target_object_id_optional,G_AB
I_meas/measurement_observation_map.csv,MeasurementObservationMap,unit,string,False,0..1,per_object_definition,,,blank allowed,MeasurementObservationMap.unit,mm
I_meas/measurement_observation_map.csv,MeasurementObservationMap,coordinate_system_id,string,True,1,per_object_definition,,primary or foreign key,blocking if required,MeasurementObservationMap.coordinate_system_id,CS_ASSEMBLY
I_meas/measurement_observation_map.csv,MeasurementObservationMap,reference_state_id,string,True,1,per_object_definition,,primary or foreign key,blocking if required,MeasurementObservationMap.reference_state_id,PARENT_RUNTIME_STATE
I_meas/measurement_observation_map.csv,MeasurementObservationMap,sensitivity_row_index,string,False,0..1,per_object_definition,,,blank allowed,MeasurementObservationMap.sensitivity_row_index,0
I_meas/measurement_observation_map.csv,MeasurementObservationMap,quality_flag,string,False,0..1,per_object_definition,,,blank allowed,MeasurementObservationMap.quality_flag,PASS
I_meas/measurement_package.csv,MeasurementPackage,measurement_package_id,string,True,1,per_object_definition,,primary or foreign key,blocking if required,MeasurementPackage.measurement_package_id,MEAS_PKG_MULTIPART
I_meas/measurement_package.csv,MeasurementPackage,geometry_measurement_set_ids,string,False,0..1,per_object_definition,,,blank allowed,MeasurementPackage.geometry_measurement_set_ids,MEAS_SET_PANEL;MEAS_SET_RIB;MEAS_SET_SPAR;MEAS_SET_BRACKET
I_meas/measurement_package.csv,MeasurementPackage,kcm_measurement_set_ids,string,False,0..1,per_object_definition,,,blank allowed,MeasurementPackage.kcm_measurement_set_ids,MEAS_SET_PANEL;MEAS_SET_RIB;MEAS_SET_SPAR;MEAS_SET_BRACKET
I_meas/measurement_package.csv,MeasurementPackage,process_measurement_set_ids,string,False,0..1,per_object_definition,,,blank allowed,MeasurementPackage.process_measurement_set_ids,MEAS_SET_AFTER_ABC
I_meas/measurement_package.csv,MeasurementPackage,interface_test_set_ids,string,False,0..1,per_object_definition,,,blank allowed,MeasurementPackage.interface_test_set_ids,TEST_SET_AB;TEST_SET_BC;TEST_SET_AD;TEST_SET_BD
I_meas/measurement_package.csv,MeasurementPackage,kcp_measurement_set_ids,string,False,0..1,per_object_definition,,,blank allowed,MeasurementPackage.kcp_measurement_set_ids,SAMPLE_ORACLE
I_meas/measurement_package.csv,MeasurementPackage,data_split_id,string,True,1,per_object_definition,,primary or foreign key,blocking if required,MeasurementPackage.data_split_id,DS_MULTIPART
I_meas/measurement_package.csv,MeasurementPackage,common_coordinate_system_id,string,True,1,per_object_definition,,primary or foreign key,blocking if required,MeasurementPackage.common_coordinate_system_id,CS_ASSEMBLY
I_meas/measurement_package.csv,MeasurementPackage,unit_system_id,string,True,1,per_object_definition,,primary or foreign key,blocking if required,MeasurementPackage.unit_system_id,MM_N
I_meas/measurement_package.csv,MeasurementPackage,preprocessing_pipeline_id,string,True,1,per_object_definition,,primary or foreign key,blocking if required,MeasurementPackage.preprocessing_pipeline_id,SYNTHETIC_NONE
I_meas/measurement_package.csv,MeasurementPackage,metadata,string,False,0..1,per_object_definition,,,blank allowed,MeasurementPackage.metadata,"{""data_nature"":""SYNTHETIC_NUMERICAL_CONSISTENCY_CASE"",""engineering_claim_allowed"":false,""schema_version"":""V2.5"",""schema_revision"":""MULTI_PART_SERIAL_PARALLEL_2026-07""}"
I_meas/measurement_record.csv,MeasurementRecord,measurement_id,string,True,1,per_object_definition,,primary or foreign key,blocking if required,MeasurementRecord.measurement_id,MEAS_GAP_AB_AFTER_RELEASE
I_meas/measurement_record.csv,MeasurementRecord,measurement_set_id,string,True,1,per_object_definition,,primary or foreign key,blocking if required,MeasurementRecord.measurement_set_id,MEAS_SET_AFTER_ABC
I_meas/measurement_record.csv,MeasurementRecord,sample_id,string,True,1,per_object_definition,,primary or foreign key,blocking if required,MeasurementRecord.sample_id,SAMPLE_001
I_meas/measurement_record.csv,MeasurementRecord,object_type,string,False,0..1,per_object_definition,,,blank allowed,MeasurementRecord.object_type,Interface
I_meas/measurement_record.csv,MeasurementRecord,object_id,string,True,1,per_object_definition,,primary or foreign key,blocking if required,MeasurementRecord.object_id,G_AB
I_meas/measurement_record.csv,MeasurementRecord,interface_id_optional,string,False,0..1,per_object_definition,,,blank allowed,MeasurementRecord.interface_id_optional,G_AB
I_meas/measurement_record.csv,MeasurementRecord,part_id_optional,string,False,0..1,per_object_definition,,,blank allowed,MeasurementRecord.part_id_optional,
I_meas/measurement_record.csv,MeasurementRecord,stage_id,string,True,1,per_object_definition,,primary or foreign key,blocking if required,MeasurementRecord.stage_id,S_MEASURE_05
I_meas/measurement_record.csv,MeasurementRecord,measurement_type,string,False,0..1,per_object_definition,,,blank allowed,MeasurementRecord.measurement_type,GAP_G
I_meas/measurement_record.csv,MeasurementRecord,feature_definition_id,string,True,1,per_object_definition,,primary or foreign key,blocking if required,MeasurementRecord.feature_definition_id,GAP_G
I_meas/measurement_record.csv,MeasurementRecord,location,string,False,0..1,per_object_definition,,,blank allowed,MeasurementRecord.location,GLOBAL_CONTACT_INDEX_1
I_meas/measurement_record.csv,MeasurementRecord,direction,string,False,0..1,per_object_definition,,,blank allowed,MeasurementRecord.direction,NORMAL
I_meas/measurement_record.csv,MeasurementRecord,coordinate_system_id,string,True,1,per_object_definition,,primary or foreign key,blocking if required,MeasurementRecord.coordinate_system_id,CS_ASSEMBLY
I_meas/measurement_record.csv,MeasurementRecord,value,string,False,0..1,per_object_definition,,,blank allowed,MeasurementRecord.value,0.0032294449842736085
I_meas/measurement_record.csv,MeasurementRecord,unit,string,False,0..1,per_object_definition,,,blank allowed,MeasurementRecord.unit,mm
I_meas/measurement_record.csv,MeasurementRecord,standard_uncertainty,string,False,0..1,per_object_definition,,,blank allowed,MeasurementRecord.standard_uncertainty,0.002
I_meas/measurement_record.csv,MeasurementRecord,covariance_block_id_optional,string,False,0..1,per_object_definition,,,blank allowed,MeasurementRecord.covariance_block_id_optional,R_MEAS_MCP_AFTER_ABC
I_meas/measurement_record.csv,MeasurementRecord,sensor_or_device_id,string,True,1,per_object_definition,,primary or foreign key,blocking if required,MeasurementRecord.sensor_or_device_id,SYNTH_SENSOR_GAP
I_meas/measurement_record.csv,MeasurementRecord,update_target,string,False,0..1,per_object_definition,,,blank allowed,MeasurementRecord.update_target,STAGE_STATE
I_meas/measurement_record.csv,MeasurementRecord,data_role,string,False,0..1,per_object_definition,,,blank allowed,MeasurementRecord.data_role,CALIBRATE
I_meas/measurement_record.csv,MeasurementRecord,quality_flag,string,False,0..1,per_object_definition,,,blank allowed,MeasurementRecord.quality_flag,PASS
I_meas/measurement_record.csv,MeasurementRecord,reference_state_id_optional,string,False,0..1,per_object_definition,,,blank allowed,MeasurementRecord.reference_state_id_optional,PARENT_RUNTIME_STATE
I_meas/measurement_record.csv,MeasurementRecord,timestamp,string,False,0..1,per_object_definition,,,blank allowed,MeasurementRecord.timestamp,2026-07-25T00:00:00+08:00
I_meas/measurement_record.csv,MeasurementRecord,source,string,False,0..1,per_object_definition,,,blank allowed,MeasurementRecord.source,SYNTHETIC_DETERMINISTIC_GENERATOR
I_meas/measurement_state_compensation_result.csv,MeasurementStateCompensationResult,compensation_result_id,string,True,1,per_object_definition,,primary or foreign key,blocking if required,MeasurementStateCompensationResult.compensation_result_id,COMP_PANEL
I_meas/measurement_state_compensation_result.csv,MeasurementStateCompensationResult,measurement_state_id,string,True,1,per_object_definition,,primary or foreign key,blocking if required,MeasurementStateCompensationResult.measurement_state_id,MEAS_STATE_PANEL
I_meas/measurement_state_compensation_result.csv,MeasurementStateCompensationResult,raw_kcm_values,string,False,0..1,per_object_definition,,,blank allowed,MeasurementStateCompensationResult.raw_kcm_values,[0.005]
I_meas/measurement_state_compensation_result.csv,MeasurementStateCompensationResult,raw_covariance_R,string,False,0..1,per_object_definition,,,blank allowed,MeasurementStateCompensationResult.raw_covariance_R,COV_MEAS_SYNTH
I_meas/measurement_state_compensation_result.csv,MeasurementStateCompensationResult,pose_component,string,False,0..1,per_object_definition,,,blank allowed,MeasurementStateCompensationResult.pose_component,[0.0]
I_meas/measurement_state_compensation_result.csv,MeasurementStateCompensationResult,structural_component,string,False,0..1,per_object_definition,,,blank allowed,MeasurementStateCompensationResult.structural_component,[0.0]
I_meas/measurement_state_compensation_result.csv,MeasurementStateCompensationResult,local_contact_component_optional,string,False,0..1,per_object_definition,,,blank allowed,MeasurementStateCompensationResult.local_contact_component_optional,[0.0]
I_meas/measurement_state_compensation_result.csv,MeasurementStateCompensationResult,bias_component,string,False,0..1,per_object_definition,,,blank allowed,MeasurementStateCompensationResult.bias_component,[0.0]
I_meas/measurement_state_compensation_result.csv,MeasurementStateCompensationResult,equivalent_reference_kcm,string,False,0..1,per_object_definition,,,blank allowed,MeasurementStateCompensationResult.equivalent_reference_kcm,[0.005]
I_meas/measurement_state_compensation_result.csv,MeasurementStateCompensationResult,equivalent_covariance_R_ref,string,False,0..1,per_object_definition,,,blank allowed,MeasurementStateCompensationResult.equivalent_covariance_R_ref,COV_MEAS_SYNTH
I_meas/measurement_state_compensation_result.csv,MeasurementStateCompensationResult,compensation_method,string,False,0..1,per_object_definition,,,blank allowed,MeasurementStateCompensationResult.compensation_method,FE_CORRECTION
I_meas/measurement_state_compensation_result.csv,MeasurementStateCompensationResult,target_reference_state_id,string,True,1,per_object_definition,,primary or foreign key,blocking if required,MeasurementStateCompensationResult.target_reference_state_id,REF_NOMINAL
I_meas/measurement_state_compensation_result.csv,MeasurementStateCompensationResult,excluded_deformation_source_ids,string,False,0..1,per_object_definition,,,blank allowed,MeasurementStateCompensationResult.excluded_deformation_source_ids,GRAVITY_M;FIXTURE_M;LOCAL_CONTACT_M
I_meas/measurement_state_compensation_result.csv,MeasurementStateCompensationResult,identifiability_metrics,string,False,0..1,per_object_definition,,,blank allowed,MeasurementStateCompensationResult.identifiability_metrics,"{""rank"":1}"
I_meas/measurement_state_compensation_result.csv,MeasurementStateCompensationResult,quality_flag,string,False,0..1,per_object_definition,,,blank allowed,MeasurementStateCompensationResult.quality_flag,PASS
I_meas/measurement_state_compensation_result.csv,MeasurementStateCompensationResult,metadata,string,False,0..1,per_object_definition,,,blank allowed,MeasurementStateCompensationResult.metadata,"{""data_nature"":""SYNTHETIC_NUMERICAL_CONSISTENCY_CASE"",""engineering_claim_allowed"":false,""schema_version"":""V2.5"",""schema_revision"":""MULTI_PART_SERIAL_PARALLEL_2026-07""}"
I_meas/measurement_state_snapshot.csv,MeasurementStateSnapshot,measurement_state_id,string,True,1,per_object_definition,,primary or foreign key,blocking if required,MeasurementStateSnapshot.measurement_state_id,MEAS_STATE_PANEL
I_meas/measurement_state_snapshot.csv,MeasurementStateSnapshot,measurement_set_id,string,True,1,per_object_definition,,primary or foreign key,blocking if required,MeasurementStateSnapshot.measurement_set_id,MEAS_SET_PANEL
I_meas/measurement_state_snapshot.csv,MeasurementStateSnapshot,sample_id,string,True,1,per_object_definition,,primary or foreign key,blocking if required,MeasurementStateSnapshot.sample_id,SAMPLE_001
I_meas/measurement_state_snapshot.csv,MeasurementStateSnapshot,part_id,string,True,1,per_object_definition,,primary or foreign key,blocking if required,MeasurementStateSnapshot.part_id,P_A
I_meas/measurement_state_snapshot.csv,MeasurementStateSnapshot,support_state,string,False,0..1,per_object_definition,,,blank allowed,MeasurementStateSnapshot.support_state,KNOWN_SUPPORT
I_meas/measurement_state_snapshot.csv,MeasurementStateSnapshot,load_state,string,False,0..1,per_object_definition,,,blank allowed,MeasurementStateSnapshot.load_state,FREE
I_meas/measurement_state_snapshot.csv,MeasurementStateSnapshot,target_reference_state_id,string,True,1,per_object_definition,,primary or foreign key,blocking if required,MeasurementStateSnapshot.target_reference_state_id,REF_NOMINAL
I_meas/measurement_state_snapshot.csv,MeasurementStateSnapshot,boundary_condition_ids,string,False,0..1,per_object_definition,,,blank allowed,MeasurementStateSnapshot.boundary_condition_ids,BND_PANEL_BASE
I_meas/measurement_state_snapshot.csv,MeasurementStateSnapshot,measured_load_ids,string,False,0..1,per_object_definition,,,blank allowed,MeasurementStateSnapshot.measured_load_ids,
I_meas/measurement_state_snapshot.csv,MeasurementStateSnapshot,fixture_model_id,string,True,1,per_object_definition,,primary or foreign key,blocking if required,MeasurementStateSnapshot.fixture_model_id,FIXTURE_SYNTH
I_meas/measurement_state_snapshot.csv,MeasurementStateSnapshot,gravity_vector,string,False,0..1,per_object_definition,,,blank allowed,MeasurementStateSnapshot.gravity_vector,"[0,0,-9.81]"
I_meas/measurement_state_snapshot.csv,MeasurementStateSnapshot,temperature_optional,string,False,0..1,per_object_definition,,,blank allowed,MeasurementStateSnapshot.temperature_optional,20
I_meas/measurement_state_snapshot.csv,MeasurementStateSnapshot,measurement_coordinate_system_id,string,True,1,per_object_definition,,primary or foreign key,blocking if required,MeasurementStateSnapshot.measurement_coordinate_system_id,CS_ASSEMBLY
I_meas/measurement_state_snapshot.csv,MeasurementStateSnapshot,model_coordinate_system_id,string,True,1,per_object_definition,,primary or foreign key,blocking if required,MeasurementStateSnapshot.model_coordinate_system_id,CS_ASSEMBLY
I_meas/measurement_state_snapshot.csv,MeasurementStateSnapshot,coordinate_transform_id,string,True,1,per_object_definition,,primary or foreign key,blocking if required,MeasurementStateSnapshot.coordinate_transform_id,IDENTITY
I_meas/measurement_state_snapshot.csv,MeasurementStateSnapshot,transform_covariance_optional,string,False,0..1,per_object_definition,,,blank allowed,MeasurementStateSnapshot.transform_covariance_optional,
I_meas/measurement_state_snapshot.csv,MeasurementStateSnapshot,acquisition_timestamp,string,False,0..1,per_object_definition,,,blank allowed,MeasurementStateSnapshot.acquisition_timestamp,2026-07-14T00:00:00+09:00
I_meas/measurement_state_snapshot.csv,MeasurementStateSnapshot,state_quality_flag,string,False,0..1,per_object_definition,,,blank allowed,MeasurementStateSnapshot.state_quality_flag,PASS
I_meas/measurement_state_snapshot.csv,MeasurementStateSnapshot,metadata,string,False,0..1,per_object_definition,,,blank allowed,MeasurementStateSnapshot.metadata,"{""data_nature"":""SYNTHETIC_NUMERICAL_CONSISTENCY_CASE"",""engineering_claim_allowed"":false,""schema_version"":""V2.5"",""schema_revision"":""MULTI_PART_SERIAL_PARALLEL_2026-07""}"
I_meas/measurement_update_config.csv,MeasurementUpdateConfig,update_config_id,string,True,1,per_object_definition,,primary or foreign key,blocking if required,MeasurementUpdateConfig.update_config_id,MUCFG_AFTER_ABC
I_meas/measurement_update_config.csv,MeasurementUpdateConfig,update_state_layout_id,string,True,1,per_object_definition,,primary or foreign key,blocking if required,MeasurementUpdateConfig.update_state_layout_id,ETA_STAGE_AFTER_ABC_2
I_meas/measurement_update_config.csv,MeasurementUpdateConfig,prior_mean_matrix_id,string,True,1,per_object_definition,,primary or foreign key,blocking if required,MeasurementUpdateConfig.prior_mean_matrix_id,ETA_PRIOR_MCP_AFTER_ABC
I_meas/measurement_update_config.csv,MeasurementUpdateConfig,prior_covariance_matrix_id,string,True,1,per_object_definition,,primary or foreign key,blocking if required,MeasurementUpdateConfig.prior_covariance_matrix_id,P_PRIOR_MCP_AFTER_ABC
I_meas/measurement_update_config.csv,MeasurementUpdateConfig,observation_jacobian_matrix_id,string,True,1,per_object_definition,,primary or foreign key,blocking if required,MeasurementUpdateConfig.observation_jacobian_matrix_id,H_OBS_MCP_AFTER_ABC
I_meas/measurement_update_config.csv,MeasurementUpdateConfig,measurement_covariance_matrix_id_optional,string,False,0..1,per_object_definition,,,blank allowed,MeasurementUpdateConfig.measurement_covariance_matrix_id_optional,R_MEAS_MCP_AFTER_ABC
I_meas/measurement_update_config.csv,MeasurementUpdateConfig,state_to_q_mapping_rule,string,False,0..1,per_object_definition,,,blank allowed,MeasurementUpdateConfig.state_to_q_mapping_rule,G_Q_UPDATE__{checkpoint_id}__{operator_set_id}
I_meas/measurement_update_config.csv,MeasurementUpdateConfig,algorithm,string,False,0..1,per_object_definition,,,blank allowed,MeasurementUpdateConfig.algorithm,LINEAR_GAUSSIAN_JOSEPH
I_meas/measurement_update_config.csv,MeasurementUpdateConfig,regularization,string,False,0..1,per_object_definition,,,blank allowed,MeasurementUpdateConfig.regularization,0.0
I_meas/measurement_update_config.csv,MeasurementUpdateConfig,nis_threshold,string,False,0..1,per_object_definition,,,blank allowed,MeasurementUpdateConfig.nis_threshold,25.0
I_meas/measurement_update_config.csv,MeasurementUpdateConfig,covariance_floor,string,False,0..1,per_object_definition,,,blank allowed,MeasurementUpdateConfig.covariance_floor,1e-12
I_meas/measurement_update_config.csv,MeasurementUpdateConfig,resolve_policy,string,False,0..1,per_object_definition,,,blank allowed,MeasurementUpdateConfig.resolve_policy,RESOLVE_LCP
I_meas/measurement_update_config.csv,MeasurementUpdateConfig,parameter_update_allowed,string,False,0..1,per_object_definition,,,blank allowed,MeasurementUpdateConfig.parameter_update_allowed,False
I_meas/measurement_update_config.csv,MeasurementUpdateConfig,quality_flag,string,False,0..1,per_object_definition,,,blank allowed,MeasurementUpdateConfig.quality_flag,PASS
I_meas/measurement_update_config.csv,MeasurementUpdateConfig,reference_state_id,string,True,1,per_object_definition,,primary or foreign key,blocking if required,MeasurementUpdateConfig.reference_state_id,PARENT_RUNTIME_STATE
I_meas/measurement_update_config.csv,MeasurementUpdateConfig,allow_diagonal_covariance_fallback,string,False,0..1,per_object_definition,,,blank allowed,MeasurementUpdateConfig.allow_diagonal_covariance_fallback,False
I_meas/measurement_update_config.csv,MeasurementUpdateConfig,physical_residual_threshold,string,False,0..1,per_object_definition,,,blank allowed,MeasurementUpdateConfig.physical_residual_threshold,5.0
I_meas/measurement_update_config.csv,MeasurementUpdateConfig,individual_degradation_tolerance,string,False,0..1,per_object_definition,,,blank allowed,MeasurementUpdateConfig.individual_degradation_tolerance,1.0
I_meas/sensor_calibration.csv,SensorCalibration,sensor_calibration_id,string,True,1,per_object_definition,,primary or foreign key,blocking if required,SensorCalibration.sensor_calibration_id,SENCAL_SYNTH
I_meas/sensor_calibration.csv,SensorCalibration,sensor_id,string,True,1,per_object_definition,,primary or foreign key,blocking if required,SensorCalibration.sensor_id,SENSOR_SYNTH
I_meas/sensor_calibration.csv,SensorCalibration,sensor_type,string,False,0..1,per_object_definition,,,blank allowed,SensorCalibration.sensor_type,DISPLACEMENT
I_meas/sensor_calibration.csv,SensorCalibration,calibration_method,string,False,0..1,per_object_definition,,,blank allowed,SensorCalibration.calibration_method,SYNTHETIC_EXACT
I_meas/sensor_calibration.csv,SensorCalibration,bias,string,False,0..1,per_object_definition,,,blank allowed,SensorCalibration.bias,0.0
I_meas/sensor_calibration.csv,SensorCalibration,scale_factor,string,False,0..1,per_object_definition,,,blank allowed,SensorCalibration.scale_factor,1.0
I_meas/sensor_calibration.csv,SensorCalibration,uncertainty,string,False,0..1,per_object_definition,,,blank allowed,SensorCalibration.uncertainty,COV_SENSOR_SYNTH
I_meas/sensor_calibration.csv,SensorCalibration,validity_domain_id,string,True,1,per_object_definition,,primary or foreign key,blocking if required,SensorCalibration.validity_domain_id,VD_MULTIPART
I_meas/sensor_calibration.csv,SensorCalibration,quality_flag,string,False,0..1,per_object_definition,,,blank allowed,SensorCalibration.quality_flag,PASS
I_meas/sensor_calibration.csv,SensorCalibration,metadata,string,False,0..1,per_object_definition,,,blank allowed,SensorCalibration.metadata,"{""data_nature"":""SYNTHETIC_NUMERICAL_CONSISTENCY_CASE"",""engineering_claim_allowed"":false,""schema_version"":""V2.5"",""schema_revision"":""MULTI_PART_SERIAL_PARALLEL_2026-07""}"
I_pred/future_process_scenario.csv,FutureProcessScenario,future_process_scenario_id,string,True,1,per_object_definition,,primary or foreign key,blocking if required,FutureProcessScenario.future_process_scenario_id,FUTURE_PROCESS_BASELINE_ZERO
I_pred/future_process_scenario.csv,FutureProcessScenario,scenario_type,string,False,0..1,per_object_definition,,,blank allowed,FutureProcessScenario.scenario_type,DETERMINISTIC_BASELINE
I_pred/future_process_scenario.csv,FutureProcessScenario,q_correction_matrix_id_optional,string,False,0..1,per_object_definition,,,blank allowed,FutureProcessScenario.q_correction_matrix_id_optional,Q_PROCESS_ROLLING_ZERO
I_pred/future_process_scenario.csv,FutureProcessScenario,parameter_override_allowed,string,False,0..1,per_object_definition,,,blank allowed,FutureProcessScenario.parameter_override_allowed,False
I_pred/future_process_scenario.csv,FutureProcessScenario,probability_weight_optional,string,False,0..1,per_object_definition,,,blank allowed,FutureProcessScenario.probability_weight_optional,
I_pred/future_process_scenario.csv,FutureProcessScenario,probability_interpretation_allowed,string,False,0..1,per_object_definition,,,blank allowed,FutureProcessScenario.probability_interpretation_allowed,False
I_pred/future_process_scenario.csv,FutureProcessScenario,quality_flag,string,False,0..1,per_object_definition,,,blank allowed,FutureProcessScenario.quality_flag,PASS
I_pred/future_sms_assignment.csv,FutureSMSAssignment,assignment_id,string,True,1,per_object_definition,,primary or foreign key,blocking if required,FutureSMSAssignment.assignment_id,ASSIGN_VSMS_REF_P_D
I_pred/future_sms_assignment.csv,FutureSMSAssignment,rolling_plan_id,string,True,1,per_object_definition,,primary or foreign key,blocking if required,FutureSMSAssignment.rolling_plan_id,ROLL_PLAN_ABC_TO_ABCD
I_pred/future_sms_assignment.csv,FutureSMSAssignment,virtual_sms_sample_id,string,True,1,per_object_definition,,primary or foreign key,blocking if required,FutureSMSAssignment.virtual_sms_sample_id,VSMS_REF
I_pred/future_sms_assignment.csv,FutureSMSAssignment,part_id,string,True,1,per_object_definition,,primary or foreign key,blocking if required,FutureSMSAssignment.part_id,P_D
I_pred/future_sms_assignment.csv,FutureSMSAssignment,first_effective_topology_step_id,string,True,1,per_object_definition,,primary or foreign key,blocking if required,FutureSMSAssignment.first_effective_topology_step_id,TS301
I_pred/future_sms_assignment.csv,FutureSMSAssignment,last_effective_topology_step_id_optional,string,False,0..1,per_object_definition,,,blank allowed,FutureSMSAssignment.last_effective_topology_step_id_optional,TS304
I_pred/future_sms_assignment.csv,FutureSMSAssignment,mapping_semantics,string,False,0..1,per_object_definition,,,blank allowed,FutureSMSAssignment.mapping_semantics,DELTA_FROM_OPERATOR_REFERENCE
I_pred/future_sms_assignment.csv,FutureSMSAssignment,reference_sms_id,string,True,1,per_object_definition,,primary or foreign key,blocking if required,FutureSMSAssignment.reference_sms_id,SMS_REF_P_D_OPERATOR
I_pred/future_sms_assignment.csv,FutureSMSAssignment,quality_flag,string,False,0..1,per_object_definition,,,blank allowed,FutureSMSAssignment.quality_flag,PASS
I_pred/rolling_kcp_config.csv,RollingKcpConfig,rolling_plan_id,string,True,1,per_object_definition,,primary or foreign key,blocking if required,RollingKcpConfig.rolling_plan_id,ROLL_PLAN_ABC_TO_ABCD
I_pred/rolling_kcp_config.csv,RollingKcpConfig,part_id,string,True,1,per_object_definition,,primary or foreign key,blocking if required,RollingKcpConfig.part_id,P_D
I_pred/rolling_kcp_config.csv,RollingKcpConfig,kcp_set_id,string,True,1,per_object_definition,,primary or foreign key,blocking if required,RollingKcpConfig.kcp_set_id,KCP_SET_MULTIPART
I_pred/rolling_kcp_config.csv,RollingKcpConfig,direct_sms_matrix_id_optional,string,False,0..1,per_object_definition,,,blank allowed,RollingKcpConfig.direct_sms_matrix_id_optional,J_SMS_ROLL_P_D
I_pred/rolling_kcp_config.csv,RollingKcpConfig,aggregation_policy,string,False,0..1,per_object_definition,,,blank allowed,RollingKcpConfig.aggregation_policy,ONE_SMS_PER_PART_PLUS_ONE_INCREMENT_PER_INTERFACE_STAGE
I_pred/rolling_kcp_config.csv,RollingKcpConfig,final_state_includes_direct_sms_geometry,string,False,0..1,per_object_definition,,,blank allowed,RollingKcpConfig.final_state_includes_direct_sms_geometry,False
I_pred/rolling_kcp_config.csv,RollingKcpConfig,quality_flag,string,False,0..1,per_object_definition,,,blank allowed,RollingKcpConfig.quality_flag,PASS
I_pred/rolling_prediction_plan.csv,RollingPredictionPlan,rolling_plan_id,string,True,1,per_object_definition,,primary or foreign key,blocking if required,RollingPredictionPlan.rolling_plan_id,ROLL_PLAN_ABC_TO_ABCD
I_pred/rolling_prediction_plan.csv,RollingPredictionPlan,topology_id,string,True,1,per_object_definition,,primary or foreign key,blocking if required,RollingPredictionPlan.topology_id,TOPOLOGY_STEP_MIN_CASE
I_pred/rolling_prediction_plan.csv,RollingPredictionPlan,source_checkpoint_id,string,True,1,per_object_definition,,primary or foreign key,blocking if required,RollingPredictionPlan.source_checkpoint_id,MCP_AFTER_ABC
I_pred/rolling_prediction_plan.csv,RollingPredictionPlan,source_topology_step_id,string,True,1,per_object_definition,,primary or foreign key,blocking if required,RollingPredictionPlan.source_topology_step_id,TS205
I_pred/rolling_prediction_plan.csv,RollingPredictionPlan,source_state_policy,string,False,0..1,per_object_definition,,,blank allowed,RollingPredictionPlan.source_state_policy,REQUIRE_ACCEPTED_POSTERIOR
I_pred/rolling_prediction_plan.csv,RollingPredictionPlan,source_posterior_state_id_optional,string,False,0..1,per_object_definition,,,blank allowed,RollingPredictionPlan.source_posterior_state_id_optional,
I_pred/rolling_prediction_plan.csv,RollingPredictionPlan,prediction_start_step_id,string,True,1,per_object_definition,,primary or foreign key,blocking if required,RollingPredictionPlan.prediction_start_step_id,TS301
I_pred/rolling_prediction_plan.csv,RollingPredictionPlan,prediction_end_step_id_optional,string,False,0..1,per_object_definition,,,blank allowed,RollingPredictionPlan.prediction_end_step_id_optional,TS304
I_pred/rolling_prediction_plan.csv,RollingPredictionPlan,virtual_sms_sample_set_id,string,True,1,per_object_definition,,primary or foreign key,blocking if required,RollingPredictionPlan.virtual_sms_sample_set_id,VSMS_SET_D_EXPLICIT_5
I_pred/rolling_prediction_plan.csv,RollingPredictionPlan,future_part_ids,string,False,0..1,per_object_definition,,,blank allowed,RollingPredictionPlan.future_part_ids,P_D
I_pred/rolling_prediction_plan.csv,RollingPredictionPlan,future_process_scenario_id,string,True,1,per_object_definition,,primary or foreign key,blocking if required,RollingPredictionPlan.future_process_scenario_id,FUTURE_PROCESS_BASELINE_ZERO
I_pred/rolling_prediction_plan.csv,RollingPredictionPlan,kcp_set_id,string,True,1,per_object_definition,,primary or foreign key,blocking if required,RollingPredictionPlan.kcp_set_id,KCP_SET_MULTIPART
I_pred/rolling_prediction_plan.csv,RollingPredictionPlan,baseline_comparison_policy,string,False,0..1,per_object_definition,,,blank allowed,RollingPredictionPlan.baseline_comparison_policy,POSTERIOR_AND_PREDICTED_CUTOFF
I_pred/rolling_prediction_plan.csv,RollingPredictionPlan,aggregation_policy,string,False,0..1,per_object_definition,,,blank allowed,RollingPredictionPlan.aggregation_policy,ONE_SMS_PER_PART_PLUS_ONE_INCREMENT_PER_INTERFACE_STAGE
I_pred/rolling_prediction_plan.csv,RollingPredictionPlan,failure_policy,string,False,0..1,per_object_definition,,,blank allowed,RollingPredictionPlan.failure_policy,FAIL_RUN_IF_ANY_FORMAL_SAMPLE_FAILS
I_pred/rolling_prediction_plan.csv,RollingPredictionPlan,active_flag,string,False,0..1,per_object_definition,,,blank allowed,RollingPredictionPlan.active_flag,True
I_pred/rolling_prediction_plan.csv,RollingPredictionPlan,engineering_claim_allowed,string,False,0..1,per_object_definition,,,blank allowed,RollingPredictionPlan.engineering_claim_allowed,False
I_pred/rolling_prediction_plan.csv,RollingPredictionPlan,quality_flag,string,False,0..1,per_object_definition,,,blank allowed,RollingPredictionPlan.quality_flag,PASS
I_pred/rolling_prediction_plan.csv,RollingPredictionPlan,notes,string,False,0..1,per_object_definition,,,blank allowed,RollingPredictionPlan.notes,Deterministic explicit virtual SMS rolling fixture.
I_pred/sms_operator_mapping.csv,SMSOperatorMappingSpec,mapping_id,string,True,1,per_object_definition,,primary or foreign key,blocking if required,SMSOperatorMappingSpec.mapping_id,MAP_SMS_P_D_OP_TS301
I_pred/sms_operator_mapping.csv,SMSOperatorMappingSpec,rolling_plan_id,string,True,1,per_object_definition,,primary or foreign key,blocking if required,SMSOperatorMappingSpec.rolling_plan_id,ROLL_PLAN_ABC_TO_ABCD
I_pred/sms_operator_mapping.csv,SMSOperatorMappingSpec,part_id,string,True,1,per_object_definition,,primary or foreign key,blocking if required,SMSOperatorMappingSpec.part_id,P_D
I_pred/sms_operator_mapping.csv,SMSOperatorMappingSpec,operator_set_id,string,True,1,per_object_definition,,primary or foreign key,blocking if required,SMSOperatorMappingSpec.operator_set_id,OP_TS301
I_pred/sms_operator_mapping.csv,SMSOperatorMappingSpec,matrix_id,string,True,1,per_object_definition,,primary or foreign key,blocking if required,SMSOperatorMappingSpec.matrix_id,G_SMS_P_D_OP_TS301
I_pred/sms_operator_mapping.csv,SMSOperatorMappingSpec,row_vector_layout_id,string,True,1,per_object_definition,,primary or foreign key,blocking if required,SMSOperatorMappingSpec.row_vector_layout_id,VL_CONTACT_ALL_12
I_pred/sms_operator_mapping.csv,SMSOperatorMappingSpec,column_sms_layout_id,string,True,1,per_object_definition,,primary or foreign key,blocking if required,SMSOperatorMappingSpec.column_sms_layout_id,SMS_LAYOUT_P_D_2
I_pred/sms_operator_mapping.csv,SMSOperatorMappingSpec,mapping_semantics,string,False,0..1,per_object_definition,,,blank allowed,SMSOperatorMappingSpec.mapping_semantics,DELTA_FROM_OPERATOR_REFERENCE
I_pred/sms_operator_mapping.csv,SMSOperatorMappingSpec,reference_sms_id,string,True,1,per_object_definition,,primary or foreign key,blocking if required,SMSOperatorMappingSpec.reference_sms_id,SMS_REF_P_D_OPERATOR
I_pred/sms_operator_mapping.csv,SMSOperatorMappingSpec,first_valid_step_id,string,True,1,per_object_definition,,primary or foreign key,blocking if required,SMSOperatorMappingSpec.first_valid_step_id,TS301
I_pred/sms_operator_mapping.csv,SMSOperatorMappingSpec,last_valid_step_id_optional,string,False,0..1,per_object_definition,,,blank allowed,SMSOperatorMappingSpec.last_valid_step_id_optional,TS301
I_pred/sms_operator_mapping.csv,SMSOperatorMappingSpec,mapping_role,string,False,0..1,per_object_definition,,,blank allowed,SMSOperatorMappingSpec.mapping_role,EFFECTIVE_MAPPING
I_pred/sms_operator_mapping.csv,SMSOperatorMappingSpec,derivation_source,string,False,0..1,per_object_definition,,,blank allowed,SMSOperatorMappingSpec.derivation_source,SYNTHETIC_PRECOMPUTED_VIRTUAL_SMS_TO_Q_MAPPING
I_pred/sms_operator_mapping.csv,SMSOperatorMappingSpec,quality_flag,string,False,0..1,per_object_definition,,,blank allowed,SMSOperatorMappingSpec.quality_flag,PASS
I_pred/virtual_sms_coefficients.csv,VirtualSmsCoefficients,virtual_sms_sample_id,string,True,1,per_object_definition,,primary or foreign key,blocking if required,VirtualSmsCoefficients.virtual_sms_sample_id,VSMS_REF
I_pred/virtual_sms_coefficients.csv,VirtualSmsCoefficients,part_id,string,True,1,per_object_definition,,primary or foreign key,blocking if required,VirtualSmsCoefficients.part_id,P_D
I_pred/virtual_sms_coefficients.csv,VirtualSmsCoefficients,component_id,string,True,1,per_object_definition,,primary or foreign key,blocking if required,VirtualSmsCoefficients.component_id,P_D_MODE_1
I_pred/virtual_sms_coefficients.csv,VirtualSmsCoefficients,component_order,string,False,0..1,per_object_definition,,,blank allowed,VirtualSmsCoefficients.component_order,0
I_pred/virtual_sms_coefficients.csv,VirtualSmsCoefficients,value,string,False,0..1,per_object_definition,,,blank allowed,VirtualSmsCoefficients.value,0.0
I_pred/virtual_sms_coefficients.csv,VirtualSmsCoefficients,unit,string,False,0..1,per_object_definition,,,blank allowed,VirtualSmsCoefficients.unit,1
I_pred/virtual_sms_coefficients.csv,VirtualSmsCoefficients,reference_sms_id,string,True,1,per_object_definition,,primary or foreign key,blocking if required,VirtualSmsCoefficients.reference_sms_id,SMS_REF_P_D_OPERATOR
I_pred/virtual_sms_coefficients.csv,VirtualSmsCoefficients,quality_flag,string,False,0..1,per_object_definition,,,blank allowed,VirtualSmsCoefficients.quality_flag,PASS
I_pred/virtual_sms_component.csv,VirtualSMSComponent,sms_layout_id,string,True,1,per_object_definition,,primary or foreign key,blocking if required,VirtualSMSComponent.sms_layout_id,SMS_LAYOUT_P_D_2
I_pred/virtual_sms_component.csv,VirtualSMSComponent,component_order,string,False,0..1,per_object_definition,,,blank allowed,VirtualSMSComponent.component_order,0
I_pred/virtual_sms_component.csv,VirtualSMSComponent,component_id,string,True,1,per_object_definition,,primary or foreign key,blocking if required,VirtualSMSComponent.component_id,P_D_MODE_1
I_pred/virtual_sms_component.csv,VirtualSMSComponent,component_type,string,False,0..1,per_object_definition,,,blank allowed,VirtualSMSComponent.component_type,SYNTHETIC_SHAPE_MODE
I_pred/virtual_sms_component.csv,VirtualSMSComponent,part_id,string,True,1,per_object_definition,,primary or foreign key,blocking if required,VirtualSMSComponent.part_id,P_D
I_pred/virtual_sms_component.csv,VirtualSMSComponent,unit,string,False,0..1,per_object_definition,,,blank allowed,VirtualSMSComponent.unit,1
I_pred/virtual_sms_component.csv,VirtualSMSComponent,reference_state_id,string,True,1,per_object_definition,,primary or foreign key,blocking if required,VirtualSMSComponent.reference_state_id,SMS_REF_P_D_OPERATOR
I_pred/virtual_sms_component.csv,VirtualSMSComponent,quality_flag,string,False,0..1,per_object_definition,,,blank allowed,VirtualSMSComponent.quality_flag,PASS
I_pred/virtual_sms_component.csv,VirtualSMSComponent,description,string,False,0..1,per_object_definition,,,blank allowed,VirtualSMSComponent.description,Synthetic future-part SMS mode 1.
I_pred/virtual_sms_sample.csv,VirtualSMSSample,virtual_sms_sample_id,string,True,1,per_object_definition,,primary or foreign key,blocking if required,VirtualSMSSample.virtual_sms_sample_id,VSMS_REF
I_pred/virtual_sms_sample.csv,VirtualSMSSample,sample_set_id,string,True,1,per_object_definition,,primary or foreign key,blocking if required,VirtualSMSSample.sample_set_id,VSMS_SET_D_EXPLICIT_5
I_pred/virtual_sms_sample.csv,VirtualSMSSample,part_id,string,True,1,per_object_definition,,primary or foreign key,blocking if required,VirtualSMSSample.part_id,P_D
I_pred/virtual_sms_sample.csv,VirtualSMSSample,sms_layout_id,string,True,1,per_object_definition,,primary or foreign key,blocking if required,VirtualSMSSample.sms_layout_id,SMS_LAYOUT_P_D_2
I_pred/virtual_sms_sample.csv,VirtualSMSSample,reference_sms_id,string,True,1,per_object_definition,,primary or foreign key,blocking if required,VirtualSMSSample.reference_sms_id,SMS_REF_P_D_OPERATOR
I_pred/virtual_sms_sample.csv,VirtualSMSSample,coefficient_source,string,False,0..1,per_object_definition,,,blank allowed,VirtualSMSSample.coefficient_source,REFERENCE_SMS
I_pred/virtual_sms_sample.csv,VirtualSMSSample,sample_order,string,False,0..1,per_object_definition,,,blank allowed,VirtualSMSSample.sample_order,0
I_pred/virtual_sms_sample.csv,VirtualSMSSample,quality_flag,string,False,0..1,per_object_definition,,,blank allowed,VirtualSMSSample.quality_flag,PASS
I_pred/virtual_sms_sample.csv,VirtualSMSSample,source,string,False,0..1,per_object_definition,,,blank allowed,VirtualSMSSample.source,DETERMINISTIC_EXPLICIT_VALUES
I_pred/virtual_sms_sample.csv,VirtualSMSSample,notes,string,False,0..1,per_object_definition,,,blank allowed,VirtualSMSSample.notes,Synthetic explicit coefficient vector.
I_pred/virtual_sms_sample_set.csv,VirtualSMSSampleSet,sample_set_id,string,True,1,per_object_definition,,primary or foreign key,blocking if required,VirtualSMSSampleSet.sample_set_id,VSMS_SET_D_EXPLICIT_5
I_pred/virtual_sms_sample_set.csv,VirtualSMSSampleSet,sample_set_name,string,False,0..1,per_object_definition,,,blank allowed,VirtualSMSSampleSet.sample_set_name,P_D explicit deterministic virtual SMS library
I_pred/virtual_sms_sample_set.csv,VirtualSMSSampleSet,sample_nature,string,False,0..1,per_object_definition,,,blank allowed,VirtualSMSSampleSet.sample_nature,EXPLICIT_SYNTHETIC_VIRTUAL_SMS_LIBRARY
I_pred/virtual_sms_sample_set.csv,VirtualSMSSampleSet,sample_count,string,False,0..1,per_object_definition,,,blank allowed,VirtualSMSSampleSet.sample_count,5
I_pred/virtual_sms_sample_set.csv,VirtualSMSSampleSet,sms_layout_id,string,True,1,per_object_definition,,primary or foreign key,blocking if required,VirtualSMSSampleSet.sms_layout_id,SMS_LAYOUT_P_D_2
I_pred/virtual_sms_sample_set.csv,VirtualSMSSampleSet,reference_sms_id,string,True,1,per_object_definition,,primary or foreign key,blocking if required,VirtualSMSSampleSet.reference_sms_id,SMS_REF_P_D_OPERATOR
I_pred/virtual_sms_sample_set.csv,VirtualSMSSampleSet,generation_method,string,False,0..1,per_object_definition,,,blank allowed,VirtualSMSSampleSet.generation_method,DETERMINISTIC_EXPLICIT_VALUES
I_pred/virtual_sms_sample_set.csv,VirtualSMSSampleSet,probability_interpretation_allowed,string,False,0..1,per_object_definition,,,blank allowed,VirtualSMSSampleSet.probability_interpretation_allowed,False
I_pred/virtual_sms_sample_set.csv,VirtualSMSSampleSet,engineering_claim_allowed,string,False,0..1,per_object_definition,,,blank allowed,VirtualSMSSampleSet.engineering_claim_allowed,False
I_pred/virtual_sms_sample_set.csv,VirtualSMSSampleSet,source,string,False,0..1,per_object_definition,,,blank allowed,VirtualSMSSampleSet.source,SYNTHETIC_NUMERICAL_CONSISTENCY_FIXTURE
I_pred/virtual_sms_sample_set.csv,VirtualSMSSampleSet,quality_flag,string,False,0..1,per_object_definition,,,blank allowed,VirtualSMSSampleSet.quality_flag,PASS
I_pred/virtual_sms_sample_set.csv,VirtualSMSSampleSet,notes,string,False,0..1,per_object_definition,,,blank allowed,VirtualSMSSampleSet.notes,Not Monte Carlo and not an engineering probability model.
I_red/boundary_inheritance_record.csv,BoundaryInheritanceRecord,boundary_inheritance_id,string,True,1,per_object_definition,,primary or foreign key,blocking if required,BoundaryInheritanceRecord.boundary_inheritance_id,BIR_AB
I_red/boundary_inheritance_record.csv,BoundaryInheritanceRecord,local_model_id,string,True,1,per_object_definition,,primary or foreign key,blocking if required,BoundaryInheritanceRecord.local_model_id,LOCAL_MODEL_AB
I_red/boundary_inheritance_record.csv,BoundaryInheritanceRecord,stage_id,string,True,1,per_object_definition,,primary or foreign key,blocking if required,BoundaryInheritanceRecord.stage_id,S_RELEASE_04
I_red/boundary_inheritance_record.csv,BoundaryInheritanceRecord,boundary_method,string,False,0..1,per_object_definition,,,blank allowed,BoundaryInheritanceRecord.boundary_method,IMPEDANCE
I_red/boundary_inheritance_record.csv,BoundaryInheritanceRecord,source_global_case_id,string,True,1,per_object_definition,,primary or foreign key,blocking if required,BoundaryInheritanceRecord.source_global_case_id,COND_S_RELEASE_04
I_red/boundary_inheritance_record.csv,BoundaryInheritanceRecord,prescribed_cut_displacement_optional,string,False,0..1,per_object_definition,,,blank allowed,BoundaryInheritanceRecord.prescribed_cut_displacement_optional,[]
I_red/boundary_inheritance_record.csv,BoundaryInheritanceRecord,prescribed_cut_force_optional,string,False,0..1,per_object_definition,,,blank allowed,BoundaryInheritanceRecord.prescribed_cut_force_optional,[]
I_red/boundary_inheritance_record.csv,BoundaryInheritanceRecord,impedance_matrix_optional,string,False,0..1,per_object_definition,,,blank allowed,BoundaryInheritanceRecord.impedance_matrix_optional,W_STRUCT_RELEASE_04
I_red/boundary_inheritance_record.csv,BoundaryInheritanceRecord,coordinate_transform_id,string,True,1,per_object_definition,,primary or foreign key,blocking if required,BoundaryInheritanceRecord.coordinate_transform_id,IDENTITY
I_red/boundary_inheritance_record.csv,BoundaryInheritanceRecord,interpolation_error,string,False,0..1,per_object_definition,,,blank allowed,BoundaryInheritanceRecord.interpolation_error,0.0
I_red/boundary_inheritance_record.csv,BoundaryInheritanceRecord,boundary_reaction_check,string,False,0..1,per_object_definition,,,blank allowed,BoundaryInheritanceRecord.boundary_reaction_check,PASS
I_red/boundary_inheritance_record.csv,BoundaryInheritanceRecord,valid_load_range,string,False,0..1,per_object_definition,,,blank allowed,BoundaryInheritanceRecord.valid_load_range,FIXTURE_ONLY
I_red/boundary_inheritance_record.csv,BoundaryInheritanceRecord,quality_flag,string,False,0..1,per_object_definition,,,blank allowed,BoundaryInheritanceRecord.quality_flag,PASS
I_red/boundary_inheritance_record.csv,BoundaryInheritanceRecord,metadata,string,False,0..1,per_object_definition,,,blank allowed,BoundaryInheritanceRecord.metadata,"{""data_nature"":""SYNTHETIC_NUMERICAL_CONSISTENCY_CASE"",""engineering_claim_allowed"":false,""schema_version"":""V2.5"",""schema_revision"":""MULTI_PART_SERIAL_PARALLEL_2026-07""}"
I_red/cache_invalidation_rule.csv,CacheInvalidationRule,rule_id,string,True,1,per_object_definition,,primary or foreign key,blocking if required,CacheInvalidationRule.rule_id,RULE_MULTIPART_COUPLING
I_red/cache_invalidation_rule.csv,CacheInvalidationRule,target_cache_type,string,False,0..1,per_object_definition,,,blank allowed,CacheInvalidationRule.target_cache_type,I_RED
I_red/cache_invalidation_rule.csv,CacheInvalidationRule,dependency_fields,string,False,0..1,per_object_definition,,,blank allowed,CacheInvalidationRule.dependency_fields,"topology,vector_layout,mesh,material,boundary,joint,contact_mapping"
I_red/cache_invalidation_rule.csv,CacheInvalidationRule,invalidation_condition,string,False,0..1,per_object_definition,,,blank allowed,CacheInvalidationRule.invalidation_condition,any dependency hash changed
I_red/cache_invalidation_rule.csv,CacheInvalidationRule,required_action,string,False,0..1,per_object_definition,,,blank allowed,CacheInvalidationRule.required_action,REBUILD_IRED
I_red/cache_invalidation_rule.csv,CacheInvalidationRule,severity,string,False,0..1,per_object_definition,,,blank allowed,CacheInvalidationRule.severity,FAIL
I_red/condensed_operator.csv,CondensedOperator,condensed_operator_id,string,True,1,per_object_definition,,primary or foreign key,blocking if required,CondensedOperator.condensed_operator_id,COND_S_LOCATE_01
I_red/condensed_operator.csv,CondensedOperator,stage_id,string,True,1,per_object_definition,,primary or foreign key,blocking if required,CondensedOperator.stage_id,S_LOCATE_01
I_red/condensed_operator.csv,CondensedOperator,dof_partition_id,string,True,1,per_object_definition,,primary or foreign key,blocking if required,CondensedOperator.dof_partition_id,DOFP_S_LOCATE_01
I_red/condensed_operator.csv,CondensedOperator,K_II_id,string,True,1,per_object_definition,,primary or foreign key,blocking if required,CondensedOperator.K_II_id,
I_red/condensed_operator.csv,CondensedOperator,K_I_Gamma_id,string,True,1,per_object_definition,,primary or foreign key,blocking if required,CondensedOperator.K_I_Gamma_id,
I_red/condensed_operator.csv,CondensedOperator,K_Gamma_I_id,string,True,1,per_object_definition,,primary or foreign key,blocking if required,CondensedOperator.K_Gamma_I_id,
I_red/condensed_operator.csv,CondensedOperator,K_Gamma_Gamma_id,string,True,1,per_object_definition,,primary or foreign key,blocking if required,CondensedOperator.K_Gamma_Gamma_id,K_GAMMA_LOCATE_01
I_red/condensed_operator.csv,CondensedOperator,Kbar_Gamma,string,False,0..1,per_object_definition,,,blank allowed,CondensedOperator.Kbar_Gamma,K_GAMMA_LOCATE_01
I_red/condensed_operator.csv,CondensedOperator,Fbar_Gamma,string,False,0..1,per_object_definition,,,blank allowed,CondensedOperator.Fbar_Gamma,RFV_S_LOCATE_01
I_red/condensed_operator.csv,CondensedOperator,W_struct_id,string,True,1,per_object_definition,,primary or foreign key,blocking if required,CondensedOperator.W_struct_id,W_STRUCT_LOCATE_01
I_red/condensed_operator.csv,CondensedOperator,factorization_id,string,True,1,per_object_definition,,primary or foreign key,blocking if required,CondensedOperator.factorization_id,FACT_S_LOCATE_01
I_red/condensed_operator.csv,CondensedOperator,symmetry_error,string,False,0..1,per_object_definition,,,blank allowed,CondensedOperator.symmetry_error,0.000e+00
I_red/condensed_operator.csv,CondensedOperator,positive_definiteness_check,string,False,0..1,per_object_definition,,,blank allowed,CondensedOperator.positive_definiteness_check,PASS
I_red/condensed_operator.csv,CondensedOperator,condition_estimate,string,False,0..1,per_object_definition,,,blank allowed,CondensedOperator.condition_estimate,2.6493054
I_red/condensed_operator.csv,CondensedOperator,derivation_source_model_id,string,True,1,per_object_definition,,primary or foreign key,blocking if required,CondensedOperator.derivation_source_model_id,FE_SYNTHETIC_MULTIPART
I_red/condensed_operator.csv,CondensedOperator,included_physics_struct,string,False,0..1,per_object_definition,,,blank allowed,CondensedOperator.included_physics_struct,four_part_global_flexibility_with_cross_interface_coupling
I_red/condensed_operator.csv,CondensedOperator,material_dependency_ids,string,False,0..1,per_object_definition,,,blank allowed,CondensedOperator.material_dependency_ids,MAT_CFRP_DEFAULT;MAT_METAL_DEFAULT
I_red/condensed_operator.csv,CondensedOperator,layup_dependency_ids_optional,string,False,0..1,per_object_definition,,,blank allowed,CondensedOperator.layup_dependency_ids_optional,LAYUP_PANEL;LAYUP_RIB
I_red/condensed_operator.csv,CondensedOperator,thickness_dependency_ids,string,False,0..1,per_object_definition,,,blank allowed,CondensedOperator.thickness_dependency_ids,THK_PANEL;THK_RIB;THK_SPAR;THK_BRACKET
I_red/condensed_operator.csv,CondensedOperator,joint_state_dependency_ids,string,False,0..1,per_object_definition,,,blank allowed,CondensedOperator.joint_state_dependency_ids,JNT_AB;JNT_BC;JNT_AD;JNT_DB
I_red/condensed_operator.csv,CondensedOperator,boundary_condition_dependency_ids,string,False,0..1,per_object_definition,,,blank allowed,CondensedOperator.boundary_condition_dependency_ids,BND_PANEL_BASE;BND_RIB_PIN;BND_SPAR_SUPPORT;BND_BRACKET_PIN
I_red/condensed_operator.csv,CondensedOperator,load_reference_ids,string,False,0..1,per_object_definition,,,blank allowed,CondensedOperator.load_reference_ids,LOAD_GRAVITY_ALL
I_red/condensed_operator.csv,CondensedOperator,valid_stage_load_range,string,False,0..1,per_object_definition,,,blank allowed,CondensedOperator.valid_stage_load_range,SYNTHETIC_FIXTURE_ONLY
I_red/condensed_operator.csv,CondensedOperator,valid_geometry_deviation_range,string,False,0..1,per_object_definition,,,blank allowed,CondensedOperator.valid_geometry_deviation_range,"[-0.02,0.12] mm"
I_red/condensed_operator.csv,CondensedOperator,operator_rebuild_rule,string,False,0..1,per_object_definition,,,blank allowed,CondensedOperator.operator_rebuild_rule,REBUILD_IRED_ON_TOPOLOGY_BOUNDARY_JOINT_OR_MAPPING_CHANGE
I_red/condensed_operator.csv,CondensedOperator,metadata,string,False,0..1,per_object_definition,,,blank allowed,CondensedOperator.metadata,"{""data_nature"":""SYNTHETIC_NUMERICAL_CONSISTENCY_CASE"",""engineering_claim_allowed"":false,""schema_version"":""V2.5"",""schema_revision"":""MULTI_PART_SERIAL_PARALLEL_2026-07""}"
I_red/dof_partition.csv,DofPartition,dof_partition_id,string,True,1,per_object_definition,,primary or foreign key,blocking if required,DofPartition.dof_partition_id,DOFP_S_LOCATE_01
I_red/dof_partition.csv,DofPartition,stage_id,string,True,1,per_object_definition,,primary or foreign key,blocking if required,DofPartition.stage_id,S_LOCATE_01
I_red/dof_partition.csv,DofPartition,full_free_dof_ids,string,False,0..1,per_object_definition,,,blank allowed,DofPartition.full_free_dof_ids,"[0,1,2,3,4,5,6,7,8,9,10,11]"
I_red/dof_partition.csv,DofPartition,internal_dof_ids,string,False,0..1,per_object_definition,,,blank allowed,DofPartition.internal_dof_ids,[]
I_red/dof_partition.csv,DofPartition,interface_dof_ids,string,False,0..1,per_object_definition,,,blank allowed,DofPartition.interface_dof_ids,"[0,1,2,3,4,5,6,7,8,9,10,11]"
I_red/dof_partition.csv,DofPartition,kcp_related_dof_ids,string,False,0..1,per_object_definition,,,blank allowed,DofPartition.kcp_related_dof_ids,"[0,1,2,3,4,5,6,7,8,9,10,11]"
I_red/dof_partition.csv,DofPartition,prescribed_dof_ids,string,False,0..1,per_object_definition,,,blank allowed,DofPartition.prescribed_dof_ids,"[0,1,2,3]"
I_red/dof_partition.csv,DofPartition,permutation_vector,string,False,0..1,per_object_definition,,,blank allowed,DofPartition.permutation_vector,"[0,1,2,3,4,5,6,7,8,9,10,11]"
I_red/dof_partition.csv,DofPartition,rigid_body_mode_check,string,False,0..1,per_object_definition,,,blank allowed,DofPartition.rigid_body_mode_check,PASS
I_red/dof_partition.csv,DofPartition,metadata,string,False,0..1,per_object_definition,,,blank allowed,DofPartition.metadata,"{""data_nature"":""SYNTHETIC_NUMERICAL_CONSISTENCY_CASE"",""engineering_claim_allowed"":false,""schema_version"":""V2.5"",""schema_revision"":""MULTI_PART_SERIAL_PARALLEL_2026-07""}"
I_red/factorization_cache.csv,FactorizationCache,factorization_id,string,True,1,per_object_definition,,primary or foreign key,blocking if required,FactorizationCache.factorization_id,FACT_S_LOCATE_01
I_red/factorization_cache.csv,FactorizationCache,matrix_id,string,True,1,per_object_definition,,primary or foreign key,blocking if required,FactorizationCache.matrix_id,K_GAMMA_LOCATE_01
I_red/factorization_cache.csv,FactorizationCache,factorization_type,string,False,0..1,per_object_definition,,,blank allowed,FactorizationCache.factorization_type,CHOLESKY
I_red/factorization_cache.csv,FactorizationCache,permutation,string,False,0..1,per_object_definition,,,blank allowed,FactorizationCache.permutation,"[0,1,2,3,4,5,6,7,8,9,10,11]"
I_red/factorization_cache.csv,FactorizationCache,factor_data_reference,string,False,0..1,per_object_definition,,,blank allowed,FactorizationCache.factor_data_reference,NOT_PERSISTED_FOR_FIXTURE
I_red/factorization_cache.csv,FactorizationCache,matrix_checksum,string,False,0..1,per_object_definition,,,blank allowed,FactorizationCache.matrix_checksum,33fb37f579556343d20e40c4dbe5e5bd00ffa3b819cb667ad3db6f2cf2e40938
I_red/factorization_cache.csv,FactorizationCache,software_version,string,False,0..1,per_object_definition,,,blank allowed,FactorizationCache.software_version,numpy
I_red/factorization_cache.csv,FactorizationCache,reusable_conditions,string,False,0..1,per_object_definition,,,blank allowed,FactorizationCache.reusable_conditions,"same topology, vector layout, boundary and joint activation"
I_red/factorization_cache.csv,FactorizationCache,invalidation_rules,string,False,0..1,per_object_definition,,,blank allowed,FactorizationCache.invalidation_rules,RULE_MULTIPART_COUPLING
I_red/factorization_cache.csv,FactorizationCache,metadata,string,False,0..1,per_object_definition,,,blank allowed,FactorizationCache.metadata,"{""data_nature"":""SYNTHETIC_NUMERICAL_CONSISTENCY_CASE"",""engineering_claim_allowed"":false,""schema_version"":""V2.5"",""schema_revision"":""MULTI_PART_SERIAL_PARALLEL_2026-07""}"
I_red/local_model_validation_result.csv,LocalModelValidationResult,validation_id,string,True,1,per_object_definition,,primary or foreign key,blocking if required,LocalModelValidationResult.validation_id,LMV_AB
I_red/local_model_validation_result.csv,LocalModelValidationResult,local_model_id,string,True,1,per_object_definition,,primary or foreign key,blocking if required,LocalModelValidationResult.local_model_id,LOCAL_MODEL_AB
I_red/local_model_validation_result.csv,LocalModelValidationResult,compared_global_case_ids,string,False,0..1,per_object_definition,,,blank allowed,LocalModelValidationResult.compared_global_case_ids,COND_S_RELEASE_04
I_red/local_model_validation_result.csv,LocalModelValidationResult,compared_quantities,string,False,0..1,per_object_definition,,,blank allowed,LocalModelValidationResult.compared_quantities,interface_displacement;contact_pressure
I_red/local_model_validation_result.csv,LocalModelValidationResult,error_metrics,string,False,0..1,per_object_definition,,,blank allowed,LocalModelValidationResult.error_metrics,"{""relative_error"":0.0}"
I_red/local_model_validation_result.csv,LocalModelValidationResult,acceptance_criteria,string,False,0..1,per_object_definition,,,blank allowed,LocalModelValidationResult.acceptance_criteria,relative_error<=1e-8
I_red/local_model_validation_result.csv,LocalModelValidationResult,pass_fail,string,False,0..1,per_object_definition,,,blank allowed,LocalModelValidationResult.pass_fail,PASS
I_red/local_model_validation_result.csv,LocalModelValidationResult,metadata,string,False,0..1,per_object_definition,,,blank allowed,LocalModelValidationResult.metadata,"{""data_nature"":""SYNTHETIC_NUMERICAL_CONSISTENCY_CASE"",""engineering_claim_allowed"":false,""schema_version"":""V2.5"",""schema_revision"":""MULTI_PART_SERIAL_PARALLEL_2026-07""}"
I_red/local_submodel_extraction.csv,LocalSubmodelExtraction,local_model_id,string,True,1,per_object_definition,,primary or foreign key,blocking if required,LocalSubmodelExtraction.local_model_id,LOCAL_MODEL_AB
I_red/local_submodel_extraction.csv,LocalSubmodelExtraction,global_model_id,string,True,1,per_object_definition,,primary or foreign key,blocking if required,LocalSubmodelExtraction.global_model_id,NM_MULTIPART
I_red/local_submodel_extraction.csv,LocalSubmodelExtraction,interface_id,string,True,1,per_object_definition,,primary or foreign key,blocking if required,LocalSubmodelExtraction.interface_id,G_AB
I_red/local_submodel_extraction.csv,LocalSubmodelExtraction,local_region_id,string,True,1,per_object_definition,,primary or foreign key,blocking if required,LocalSubmodelExtraction.local_region_id,LR_AB
I_red/local_submodel_extraction.csv,LocalSubmodelExtraction,extraction_method,string,False,0..1,per_object_definition,,,blank allowed,LocalSubmodelExtraction.extraction_method,synthetic_condensed_submodel
I_red/local_submodel_extraction.csv,LocalSubmodelExtraction,global_to_local_node_map,string,False,0..1,per_object_definition,,,blank allowed,LocalSubmodelExtraction.global_to_local_node_map,{}
I_red/local_submodel_extraction.csv,LocalSubmodelExtraction,global_to_local_surface_map,string,False,0..1,per_object_definition,,,blank allowed,LocalSubmodelExtraction.global_to_local_surface_map,{}
I_red/local_submodel_extraction.csv,LocalSubmodelExtraction,retained_material_ids,string,False,0..1,per_object_definition,,,blank allowed,LocalSubmodelExtraction.retained_material_ids,MAT_CFRP_DEFAULT;MAT_METAL_DEFAULT
I_red/local_submodel_extraction.csv,LocalSubmodelExtraction,retained_layup_ids_optional,string,False,0..1,per_object_definition,,,blank allowed,LocalSubmodelExtraction.retained_layup_ids_optional,LAYUP_PANEL;LAYUP_RIB
I_red/local_submodel_extraction.csv,LocalSubmodelExtraction,retained_joint_ids,string,False,0..1,per_object_definition,,,blank allowed,LocalSubmodelExtraction.retained_joint_ids,JNT_AB
I_red/local_submodel_extraction.csv,LocalSubmodelExtraction,cut_boundary_node_ids,string,False,0..1,per_object_definition,,,blank allowed,LocalSubmodelExtraction.cut_boundary_node_ids,[]
I_red/local_submodel_extraction.csv,LocalSubmodelExtraction,mesh_refinement_rule,string,False,0..1,per_object_definition,,,blank allowed,LocalSubmodelExtraction.mesh_refinement_rule,three_point_fixture
I_red/local_submodel_extraction.csv,LocalSubmodelExtraction,source_stage_ids,string,False,0..1,per_object_definition,,,blank allowed,LocalSubmodelExtraction.source_stage_ids,S_LOCATE_01;S_CLAMP_02;S_JOIN_03;S_RELEASE_04
I_red/local_submodel_extraction.csv,LocalSubmodelExtraction,extraction_quality_metrics,string,False,0..1,per_object_definition,,,blank allowed,LocalSubmodelExtraction.extraction_quality_metrics,"{""synthetic"":true}"
I_red/local_submodel_extraction.csv,LocalSubmodelExtraction,metadata,string,False,0..1,per_object_definition,,,blank allowed,LocalSubmodelExtraction.metadata,"{""data_nature"":""SYNTHETIC_NUMERICAL_CONSISTENCY_CASE"",""engineering_claim_allowed"":false,""schema_version"":""V2.5"",""schema_revision"":""MULTI_PART_SERIAL_PARALLEL_2026-07""}"
I_stage/boundary_item.csv,BoundaryItem,boundary_id,string,True,1,per_object_definition,,primary or foreign key,blocking if required,BoundaryItem.boundary_id,BND_PANEL_BASE
I_stage/boundary_item.csv,BoundaryItem,boundary_type,string,False,0..1,per_object_definition,,,blank allowed,BoundaryItem.boundary_type,LOCATOR_SUPPORT
I_stage/boundary_item.csv,BoundaryItem,target_object_id,string,True,1,per_object_definition,,primary or foreign key,blocking if required,BoundaryItem.target_object_id,P_A
I_stage/boundary_item.csv,BoundaryItem,target_dofs,string,False,0..1,per_object_definition,,,blank allowed,BoundaryItem.target_dofs,"[0,1,2]"
I_stage/boundary_item.csv,BoundaryItem,direction,string,False,0..1,per_object_definition,,,blank allowed,BoundaryItem.direction,"[0,0,1]"
I_stage/boundary_item.csv,BoundaryItem,prescribed_value,string,False,0..1,per_object_definition,,,blank allowed,BoundaryItem.prescribed_value,0.0
I_stage/boundary_item.csv,BoundaryItem,stiffness_optional,string,False,0..1,per_object_definition,,,blank allowed,BoundaryItem.stiffness_optional,1000000.0
I_stage/boundary_item.csv,BoundaryItem,stage_activation,string,False,0..1,per_object_definition,,,blank allowed,BoundaryItem.stage_activation,S_LOCATE_01;S_CLAMP_02;S_JOIN_03
I_stage/boundary_item.csv,BoundaryItem,uncertainty_optional,string,False,0..1,per_object_definition,,,blank allowed,BoundaryItem.uncertainty_optional,0.001
I_stage/boundary_item.csv,BoundaryItem,measured_value_id_optional,string,False,0..1,per_object_definition,,,blank allowed,BoundaryItem.measured_value_id_optional,
I_stage/boundary_item.csv,BoundaryItem,metadata,string,False,0..1,per_object_definition,,,blank allowed,BoundaryItem.metadata,"{""data_nature"":""SYNTHETIC_NUMERICAL_CONSISTENCY_CASE"",""engineering_claim_allowed"":false,""schema_version"":""V2.5"",""schema_revision"":""MULTI_PART_SERIAL_PARALLEL_2026-07""}"
I_stage/connection_lock_history.csv,ConnectionLockHistory,lock_history_id,string,True,1,per_object_definition,,primary or foreign key,blocking if required,ConnectionLockHistory.lock_history_id,LOCK_HIST_MULTIPART
I_stage/connection_lock_history.csv,ConnectionLockHistory,sample_id,string,True,1,per_object_definition,,primary or foreign key,blocking if required,ConnectionLockHistory.sample_id,SAMPLE_001
I_stage/connection_lock_history.csv,ConnectionLockHistory,join_stage_id,string,True,1,per_object_definition,,primary or foreign key,blocking if required,ConnectionLockHistory.join_stage_id,S_JOIN_03
I_stage/connection_lock_history.csv,ConnectionLockHistory,joint_ids,string,False,0..1,per_object_definition,,,blank allowed,ConnectionLockHistory.joint_ids,JNT_AB;JNT_BC;JNT_AD;JNT_DB
I_stage/connection_lock_history.csv,ConnectionLockHistory,locked_reference_dofs,string,False,0..1,per_object_definition,,,blank allowed,ConnectionLockHistory.locked_reference_dofs,"[0,1,2,3,4,5,6,7,8,9,10,11]"
I_stage/connection_lock_history.csv,ConnectionLockHistory,locked_reference_values,string,False,0..1,per_object_definition,,,blank allowed,ConnectionLockHistory.locked_reference_values,"[0.0,0.0,0.0124689102,0.0,0.0083611592,0.004246172,0.0,0.0140685211,0.0071175738,0.0,0.0004571547,0.0125399708]"
I_stage/connection_lock_history.csv,ConnectionLockHistory,preload_actual,string,False,0..1,per_object_definition,,,blank allowed,ConnectionLockHistory.preload_actual,"{""JNT_AB"":15.0,""JNT_BC"":15.0,""JNT_AD"":15.0,""JNT_DB"":15.0}"
I_stage/connection_lock_history.csv,ConnectionLockHistory,joint_stiffness,string,False,0..1,per_object_definition,,,blank allowed,ConnectionLockHistory.joint_stiffness,"{""JNT_AB"":5000.0,""JNT_BC"":5000.0,""JNT_AD"":5000.0,""JNT_DB"":5000.0}"
I_stage/connection_lock_history.csv,ConnectionLockHistory,locked_contact_mode_id,string,True,1,per_object_definition,,primary or foreign key,blocking if required,ConnectionLockHistory.locked_contact_mode_id,MODE_JOIN_03
I_stage/connection_lock_history.csv,ConnectionLockHistory,slip_history_ids_optional,string,False,0..1,per_object_definition,,,blank allowed,ConnectionLockHistory.slip_history_ids_optional,
I_stage/connection_lock_history.csv,ConnectionLockHistory,source_ids,string,False,0..1,per_object_definition,,,blank allowed,ConnectionLockHistory.source_ids,LOAD_PRELOAD_G_AB;LOAD_PRELOAD_G_BC;LOAD_PRELOAD_G_AD;LOAD_PRELOAD_G_DB
I_stage/connection_lock_history.csv,ConnectionLockHistory,covariance_optional,string,False,0..1,per_object_definition,,,blank allowed,ConnectionLockHistory.covariance_optional,
I_stage/connection_lock_history.csv,ConnectionLockHistory,metadata,string,False,0..1,per_object_definition,,,blank allowed,ConnectionLockHistory.metadata,"{""data_nature"":""SYNTHETIC_NUMERICAL_CONSISTENCY_CASE"",""engineering_claim_allowed"":false,""schema_version"":""V2.5"",""schema_revision"":""MULTI_PART_SERIAL_PARALLEL_2026-07""}"
I_stage/interface_stage_state.csv,InterfaceStageState,interface_stage_state_id,string,True,1,per_object_definition,,primary or foreign key,blocking if required,InterfaceStageState.interface_stage_state_id,IF_STATE_1_LOCATE_01
I_stage/interface_stage_state.csv,InterfaceStageState,sample_id,string,True,1,per_object_definition,,primary or foreign key,blocking if required,InterfaceStageState.sample_id,SAMPLE_001
I_stage/interface_stage_state.csv,InterfaceStageState,stage_id,string,True,1,per_object_definition,,primary or foreign key,blocking if required,InterfaceStageState.stage_id,S_LOCATE_01
I_stage/interface_stage_state.csv,InterfaceStageState,subassembly_id,string,True,1,per_object_definition,,primary or foreign key,blocking if required,InterfaceStageState.subassembly_id,ASM_ABCD
I_stage/interface_stage_state.csv,InterfaceStageState,interface_id,string,True,1,per_object_definition,,primary or foreign key,blocking if required,InterfaceStageState.interface_id,G_AB
I_stage/interface_stage_state.csv,InterfaceStageState,contact_domain_id,string,True,1,per_object_definition,,primary or foreign key,blocking if required,InterfaceStageState.contact_domain_id,CD_AB
I_stage/interface_stage_state.csv,InterfaceStageState,parent_interface_state_id_optional,string,False,0..1,per_object_definition,,,blank allowed,InterfaceStageState.parent_interface_state_id_optional,IF_STATE_1_LOCATE_01
I_stage/interface_stage_state.csv,InterfaceStageState,vector_layout_id,string,True,1,per_object_definition,,primary or foreign key,blocking if required,InterfaceStageState.vector_layout_id,VL_CONTACT_ALL_12
I_stage/interface_stage_state.csv,InterfaceStageState,gap_g,string,False,0..1,per_object_definition,,,blank allowed,InterfaceStageState.gap_g,"[0.08,0.04,0.06]"
I_stage/interface_stage_state.csv,InterfaceStageState,lambda_n,string,False,0..1,per_object_definition,,,blank allowed,InterfaceStageState.lambda_n,"[0.0,0.0,0.0]"
I_stage/interface_stage_state.csv,InterfaceStageState,pressure_p_n,string,False,0..1,per_object_definition,,,blank allowed,InterfaceStageState.pressure_p_n,"[0.0,0.0,0.0]"
I_stage/interface_stage_state.csv,InterfaceStageState,local_compression_w_n,string,False,0..1,per_object_definition,,,blank allowed,InterfaceStageState.local_compression_w_n,"[0.0,0.0,0.0]"
I_stage/interface_stage_state.csv,InterfaceStageState,contact_mode_local_indices,string,False,0..1,per_object_definition,,,blank allowed,InterfaceStageState.contact_mode_local_indices,[]
I_stage/interface_stage_state.csv,InterfaceStageState,joint_lock_history_id_optional,string,False,0..1,per_object_definition,,,blank allowed,InterfaceStageState.joint_lock_history_id_optional,LOCK_HIST_MULTIPART
I_stage/interface_stage_state.csv,InterfaceStageState,reference_state_id,string,True,1,per_object_definition,,primary or foreign key,blocking if required,InterfaceStageState.reference_state_id,REF_NOMINAL
I_stage/interface_stage_state.csv,InterfaceStageState,quality_flag,string,False,0..1,per_object_definition,,,blank allowed,InterfaceStageState.quality_flag,PASS
I_stage/interface_stage_state.csv,InterfaceStageState,metadata,string,False,0..1,per_object_definition,,,blank allowed,InterfaceStageState.metadata,"{""data_nature"":""SYNTHETIC_NUMERICAL_CONSISTENCY_CASE"",""engineering_claim_allowed"":false,""schema_version"":""V2.5"",""schema_revision"":""MULTI_PART_SERIAL_PARALLEL_2026-07""}"
I_stage/load_item.csv,LoadItem,load_id,string,True,1,per_object_definition,,primary or foreign key,blocking if required,LoadItem.load_id,LOAD_GRAVITY_ALL
I_stage/load_item.csv,LoadItem,load_type,string,False,0..1,per_object_definition,,,blank allowed,LoadItem.load_type,GRAVITY_EQUIVALENT
I_stage/load_item.csv,LoadItem,target_object_id,string,True,1,per_object_definition,,primary or foreign key,blocking if required,LoadItem.target_object_id,ASM_ABCD
I_stage/load_item.csv,LoadItem,direction,string,False,0..1,per_object_definition,,,blank allowed,LoadItem.direction,"[0,0,-1]"
I_stage/load_item.csv,LoadItem,magnitude,string,False,0..1,per_object_definition,,,blank allowed,LoadItem.magnitude,1.0
I_stage/load_item.csv,LoadItem,load_curve_optional,string,False,0..1,per_object_definition,,,blank allowed,LoadItem.load_curve_optional,RAMP_CLAMP
I_stage/load_item.csv,LoadItem,distributed_area_optional,string,False,0..1,per_object_definition,,,blank allowed,LoadItem.distributed_area_optional,3000.0
I_stage/load_item.csv,LoadItem,stage_activation,string,False,0..1,per_object_definition,,,blank allowed,LoadItem.stage_activation,S_LOCATE_01;S_CLAMP_02;S_JOIN_03;S_RELEASE_04
I_stage/load_item.csv,LoadItem,uncertainty_model_id_optional,string,False,0..1,per_object_definition,,,blank allowed,LoadItem.uncertainty_model_id_optional,UNC_GRAVITY
I_stage/load_item.csv,LoadItem,measured_value_id_optional,string,False,0..1,per_object_definition,,,blank allowed,LoadItem.measured_value_id_optional,
I_stage/load_item.csv,LoadItem,metadata,string,False,0..1,per_object_definition,,,blank allowed,LoadItem.metadata,"{""data_nature"":""SYNTHETIC_NUMERICAL_CONSISTENCY_CASE"",""engineering_claim_allowed"":false,""schema_version"":""V2.5"",""schema_revision"":""MULTI_PART_SERIAL_PARALLEL_2026-07""}"
I_stage/locator_compliance.csv,LocatorCompliance,compliance_id,string,True,1,per_object_definition,,primary or foreign key,blocking if required,LocatorCompliance.compliance_id,
I_stage/locator_compliance.csv,LocatorCompliance,locator_element_id,string,True,1,per_object_definition,,primary or foreign key,blocking if required,LocatorCompliance.locator_element_id,
I_stage/locator_compliance.csv,LocatorCompliance,stiffness_or_compliance_type,string,False,0..1,per_object_definition,,,blank allowed,LocatorCompliance.stiffness_or_compliance_type,
I_stage/locator_compliance.csv,LocatorCompliance,normal_compliance_Cn,string,False,0..1,per_object_definition,,,blank allowed,LocatorCompliance.normal_compliance_Cn,
I_stage/locator_compliance.csv,LocatorCompliance,tangential_compliance_Ct_optional,string,False,0..1,per_object_definition,,,blank allowed,LocatorCompliance.tangential_compliance_Ct_optional,
I_stage/locator_compliance.csv,LocatorCompliance,covariance_optional,string,False,0..1,per_object_definition,,,blank allowed,LocatorCompliance.covariance_optional,
I_stage/locator_compliance.csv,LocatorCompliance,validity_domain_id,string,True,1,per_object_definition,,primary or foreign key,blocking if required,LocatorCompliance.validity_domain_id,
I_stage/locator_compliance.csv,LocatorCompliance,source_calibration_ids,string,False,0..1,per_object_definition,,,blank allowed,LocatorCompliance.source_calibration_ids,
I_stage/locator_compliance.csv,LocatorCompliance,quality_flag,string,False,0..1,per_object_definition,,,blank allowed,LocatorCompliance.quality_flag,
I_stage/locator_compliance.csv,LocatorCompliance,metadata,string,False,0..1,per_object_definition,,,blank allowed,LocatorCompliance.metadata,
I_stage/locator_element.csv,LocatorElement,locator_element_id,string,True,1,per_object_definition,,primary or foreign key,blocking if required,LocatorElement.locator_element_id,
I_stage/locator_element.csv,LocatorElement,locator_group_id,string,True,1,per_object_definition,,primary or foreign key,blocking if required,LocatorElement.locator_group_id,
I_stage/locator_element.csv,LocatorElement,element_type,string,False,0..1,per_object_definition,,,blank allowed,LocatorElement.element_type,
I_stage/locator_element.csv,LocatorElement,target_object_id,string,True,1,per_object_definition,,primary or foreign key,blocking if required,LocatorElement.target_object_id,
I_stage/locator_element.csv,LocatorElement,location,string,False,0..1,per_object_definition,,,blank allowed,LocatorElement.location,
I_stage/locator_element.csv,LocatorElement,normal_n,string,False,0..1,per_object_definition,,,blank allowed,LocatorElement.normal_n,
I_stage/locator_element.csv,LocatorElement,tangent_basis_T,string,False,0..1,per_object_definition,,,blank allowed,LocatorElement.tangent_basis_T,
I_stage/locator_element.csv,LocatorElement,area_weight,string,False,0..1,per_object_definition,,,blank allowed,LocatorElement.area_weight,
I_stage/locator_element.csv,LocatorElement,unilateral_or_bilateral,string,False,0..1,per_object_definition,,,blank allowed,LocatorElement.unilateral_or_bilateral,
I_stage/locator_element.csv,LocatorElement,initial_clearance_g0,string,False,0..1,per_object_definition,,,blank allowed,LocatorElement.initial_clearance_g0,
I_stage/locator_element.csv,LocatorElement,command_displacement,string,False,0..1,per_object_definition,,,blank allowed,LocatorElement.command_displacement,
I_stage/locator_element.csv,LocatorElement,preload_optional,string,False,0..1,per_object_definition,,,blank allowed,LocatorElement.preload_optional,
I_stage/locator_element.csv,LocatorElement,active_stage_ids,string,False,0..1,per_object_definition,,,blank allowed,LocatorElement.active_stage_ids,
I_stage/locator_element.csv,LocatorElement,source_ids,string,False,0..1,per_object_definition,,,blank allowed,LocatorElement.source_ids,
I_stage/locator_element.csv,LocatorElement,metadata,string,False,0..1,per_object_definition,,,blank allowed,LocatorElement.metadata,
I_stage/overconstraint_locator_group.csv,OverconstraintLocatorGroup,locator_group_id,string,True,1,per_object_definition,,primary or foreign key,blocking if required,OverconstraintLocatorGroup.locator_group_id,
I_stage/overconstraint_locator_group.csv,OverconstraintLocatorGroup,stage_ids,string,False,0..1,per_object_definition,,,blank allowed,OverconstraintLocatorGroup.stage_ids,
I_stage/overconstraint_locator_group.csv,OverconstraintLocatorGroup,locator_element_ids,string,False,0..1,per_object_definition,,,blank allowed,OverconstraintLocatorGroup.locator_element_ids,
I_stage/overconstraint_locator_group.csv,OverconstraintLocatorGroup,group_type,string,False,0..1,per_object_definition,,,blank allowed,OverconstraintLocatorGroup.group_type,
I_stage/overconstraint_locator_group.csv,OverconstraintLocatorGroup,activation_rule,string,False,0..1,per_object_definition,,,blank allowed,OverconstraintLocatorGroup.activation_rule,
I_stage/overconstraint_locator_group.csv,OverconstraintLocatorGroup,reference_state_id,string,True,1,per_object_definition,,primary or foreign key,blocking if required,OverconstraintLocatorGroup.reference_state_id,
I_stage/overconstraint_locator_group.csv,OverconstraintLocatorGroup,uncertainty_model_id,string,True,1,per_object_definition,,primary or foreign key,blocking if required,OverconstraintLocatorGroup.uncertainty_model_id,
I_stage/overconstraint_locator_group.csv,OverconstraintLocatorGroup,quality_flag,string,False,0..1,per_object_definition,,,blank allowed,OverconstraintLocatorGroup.quality_flag,
I_stage/overconstraint_locator_group.csv,OverconstraintLocatorGroup,metadata,string,False,0..1,per_object_definition,,,blank allowed,OverconstraintLocatorGroup.metadata,
I_stage/part_stage_state.csv,PartStageState,part_stage_state_id,string,True,1,per_object_definition,,primary or foreign key,blocking if required,PartStageState.part_stage_state_id,PART_STATE_PANEL_LOCATE_01
I_stage/part_stage_state.csv,PartStageState,sample_id,string,True,1,per_object_definition,,primary or foreign key,blocking if required,PartStageState.sample_id,SAMPLE_001
I_stage/part_stage_state.csv,PartStageState,stage_id,string,True,1,per_object_definition,,primary or foreign key,blocking if required,PartStageState.stage_id,S_LOCATE_01
I_stage/part_stage_state.csv,PartStageState,subassembly_id,string,True,1,per_object_definition,,primary or foreign key,blocking if required,PartStageState.subassembly_id,ASM_ABCD
I_stage/part_stage_state.csv,PartStageState,part_id,string,True,1,per_object_definition,,primary or foreign key,blocking if required,PartStageState.part_id,P_A
I_stage/part_stage_state.csv,PartStageState,parent_part_state_id_optional,string,False,0..1,per_object_definition,,,blank allowed,PartStageState.parent_part_state_id_optional,PART_STATE_PANEL_LOCATE_01
I_stage/part_stage_state.csv,PartStageState,pose_state,string,False,0..1,per_object_definition,,,blank allowed,PartStageState.pose_state,"[0.0,0.0,0.0,0.0,0.0,0.0]"
I_stage/part_stage_state.csv,PartStageState,structural_displacement_vector_id,string,True,1,per_object_definition,,primary or foreign key,blocking if required,PartStageState.structural_displacement_vector_id,U_PART_PANEL_LOCATE_01
I_stage/part_stage_state.csv,PartStageState,reference_state_id,string,True,1,per_object_definition,,primary or foreign key,blocking if required,PartStageState.reference_state_id,REF_NOMINAL
I_stage/part_stage_state.csv,PartStageState,absolute_or_increment,string,False,0..1,per_object_definition,,,blank allowed,PartStageState.absolute_or_increment,absolute
I_stage/part_stage_state.csv,PartStageState,covariance_id_optional,string,False,0..1,per_object_definition,,,blank allowed,PartStageState.covariance_id_optional,
I_stage/part_stage_state.csv,PartStageState,quality_flag,string,False,0..1,per_object_definition,,,blank allowed,PartStageState.quality_flag,PASS
I_stage/part_stage_state.csv,PartStageState,metadata,string,False,0..1,per_object_definition,,,blank allowed,PartStageState.metadata,"{""data_nature"":""SYNTHETIC_NUMERICAL_CONSISTENCY_CASE"",""engineering_claim_allowed"":false,""schema_version"":""V2.5"",""schema_revision"":""MULTI_PART_SERIAL_PARALLEL_2026-07""}"
I_stage/reduced_force_vector.csv,ReducedForceVector,reduced_force_vector_id,string,True,1,per_object_definition,,primary or foreign key,blocking if required,ReducedForceVector.reduced_force_vector_id,RFV_S_LOCATE_01
I_stage/reduced_force_vector.csv,ReducedForceVector,stage_id,string,True,1,per_object_definition,,primary or foreign key,blocking if required,ReducedForceVector.stage_id,S_LOCATE_01
I_stage/reduced_force_vector.csv,ReducedForceVector,source_load_item_ids,string,False,0..1,per_object_definition,,,blank allowed,ReducedForceVector.source_load_item_ids,LOAD_GRAVITY_ALL
I_stage/reduced_force_vector.csv,ReducedForceVector,gravity_component,string,False,0..1,per_object_definition,,,blank allowed,ReducedForceVector.gravity_component,"[0.0,0.0,0.0,0.0,0.0,0.0,0.0,0.0,0.0,0.0,0.0,0.0]"
I_stage/reduced_force_vector.csv,ReducedForceVector,clamp_component,string,False,0..1,per_object_definition,,,blank allowed,ReducedForceVector.clamp_component,"[0.0,0.0,0.0,0.0,0.0,0.0,0.0,0.0,0.0,0.0,0.0,0.0]"
I_stage/reduced_force_vector.csv,ReducedForceVector,preload_component,string,False,0..1,per_object_definition,,,blank allowed,ReducedForceVector.preload_component,"[0.0,0.0,0.0,0.0,0.0,0.0,0.0,0.0,0.0,0.0,0.0,0.0]"
I_stage/reduced_force_vector.csv,ReducedForceVector,prescribed_displacement_equivalent_component_optional,string,False,0..1,per_object_definition,,,blank allowed,ReducedForceVector.prescribed_displacement_equivalent_component_optional,"[0.0,0.0,0.0,0.0,0.0,0.0,0.0,0.0,0.0,0.0,0.0,0.0]"
I_stage/reduced_force_vector.csv,ReducedForceVector,force_covariance_optional,string,False,0..1,per_object_definition,,,blank allowed,ReducedForceVector.force_covariance_optional,
I_stage/reduced_force_vector.csv,ReducedForceVector,unit,string,False,0..1,per_object_definition,,,blank allowed,ReducedForceVector.unit,N_equivalent_and_mm_command_by_component
I_stage/reduced_force_vector.csv,ReducedForceVector,metadata,string,False,0..1,per_object_definition,,,blank allowed,ReducedForceVector.metadata,"{""data_nature"":""SYNTHETIC_NUMERICAL_CONSISTENCY_CASE"",""engineering_claim_allowed"":false,""schema_version"":""V2.5"",""schema_revision"":""MULTI_PART_SERIAL_PARALLEL_2026-07""}"
I_stage/release_history_record.csv,ReleaseHistoryRecord,release_history_id,string,True,1,per_object_definition,,primary or foreign key,blocking if required,ReleaseHistoryRecord.release_history_id,REL_HIST_MULTIPART
I_stage/release_history_record.csv,ReleaseHistoryRecord,sample_id,string,True,1,per_object_definition,,primary or foreign key,blocking if required,ReleaseHistoryRecord.sample_id,SAMPLE_001
I_stage/release_history_record.csv,ReleaseHistoryRecord,release_stage_id,string,True,1,per_object_definition,,primary or foreign key,blocking if required,ReleaseHistoryRecord.release_stage_id,S_RELEASE_04
I_stage/release_history_record.csv,ReleaseHistoryRecord,lock_history_id,string,True,1,per_object_definition,,primary or foreign key,blocking if required,ReleaseHistoryRecord.lock_history_id,LOCK_HIST_MULTIPART
I_stage/release_history_record.csv,ReleaseHistoryRecord,removed_boundary_ids,string,False,0..1,per_object_definition,,,blank allowed,ReleaseHistoryRecord.removed_boundary_ids,BND_PANEL_BASE;BND_RIB_PIN;BND_SPAR_SUPPORT;BND_BRACKET_PIN
I_stage/release_history_record.csv,ReleaseHistoryRecord,removed_load_ids,string,False,0..1,per_object_definition,,,blank allowed,ReleaseHistoryRecord.removed_load_ids,LOAD_CLAMP_G_AB;LOAD_CLAMP_G_BC;LOAD_CLAMP_G_AD;LOAD_CLAMP_G_DB
I_stage/release_history_record.csv,ReleaseHistoryRecord,retained_joint_ids,string,False,0..1,per_object_definition,,,blank allowed,ReleaseHistoryRecord.retained_joint_ids,JNT_AB;JNT_BC;JNT_AD;JNT_DB
I_stage/release_history_record.csv,ReleaseHistoryRecord,residual_force_before_release,string,False,0..1,per_object_definition,,,blank allowed,ReleaseHistoryRecord.residual_force_before_release,"[26.8629608771,12.7567895036,0.0,19.9307382657,0.0,0.0,18.2611652074,0.0,0.0,21.5149534596,0.0,0.0]"
I_stage/release_history_record.csv,ReleaseHistoryRecord,rebound_displacement,string,False,0..1,per_object_definition,,,blank allowed,ReleaseHistoryRecord.rebound_displacement,"[0.0,0.0034898384,0.0029889227,0.0,0.0027588912,0.0038408576,0.0,0.0046289429,0.004595893,0.0,0.0044034739,0.004338691]"
I_stage/release_history_record.csv,ReleaseHistoryRecord,release_increment_id,string,True,1,per_object_definition,,primary or foreign key,blocking if required,ReleaseHistoryRecord.release_increment_id,STAGE_INC_S_RELEASE_04
I_stage/release_history_record.csv,ReleaseHistoryRecord,kcp_contribution_ids,string,False,0..1,per_object_definition,,,blank allowed,ReleaseHistoryRecord.kcp_contribution_ids,CONTR_RELEASE_REBOUND
I_stage/release_history_record.csv,ReleaseHistoryRecord,quality_flag,string,False,0..1,per_object_definition,,,blank allowed,ReleaseHistoryRecord.quality_flag,PASS
I_stage/release_history_record.csv,ReleaseHistoryRecord,metadata,string,False,0..1,per_object_definition,,,blank allowed,ReleaseHistoryRecord.metadata,"{""data_nature"":""SYNTHETIC_NUMERICAL_CONSISTENCY_CASE"",""engineering_claim_allowed"":false,""schema_version"":""V2.5"",""schema_revision"":""MULTI_PART_SERIAL_PARALLEL_2026-07""}"
I_stage/stage_covariance_transfer.csv,StageCovarianceTransfer,covariance_transfer_id,string,True,1,per_object_definition,,primary or foreign key,blocking if required,StageCovarianceTransfer.covariance_transfer_id,COV_TRANSFER_TS301
I_stage/stage_covariance_transfer.csv,StageCovarianceTransfer,update_state_layout_id,string,True,1,per_object_definition,,primary or foreign key,blocking if required,StageCovarianceTransfer.update_state_layout_id,ETA_STAGE_AFTER_ABC_2
I_stage/stage_covariance_transfer.csv,StageCovarianceTransfer,from_topology_step_id,string,True,1,per_object_definition,,primary or foreign key,blocking if required,StageCovarianceTransfer.from_topology_step_id,TS205
I_stage/stage_covariance_transfer.csv,StageCovarianceTransfer,to_topology_step_id,string,True,1,per_object_definition,,primary or foreign key,blocking if required,StageCovarianceTransfer.to_topology_step_id,TS301
I_stage/stage_covariance_transfer.csv,StageCovarianceTransfer,state_jacobian_F_matrix_id,string,True,1,per_object_definition,,primary or foreign key,blocking if required,StageCovarianceTransfer.state_jacobian_F_matrix_id,F_UPDATE_IDENTITY_2
I_stage/stage_covariance_transfer.csv,StageCovarianceTransfer,process_noise_Q_matrix_id,string,True,1,per_object_definition,,primary or foreign key,blocking if required,StageCovarianceTransfer.process_noise_Q_matrix_id,Q_UPDATE_ZERO_2
I_stage/stage_covariance_transfer.csv,StageCovarianceTransfer,cross_covariance_rule,string,False,0..1,per_object_definition,,,blank allowed,StageCovarianceTransfer.cross_covariance_rule,NONE
I_stage/stage_covariance_transfer.csv,StageCovarianceTransfer,approximation_validity,string,False,0..1,per_object_definition,,,blank allowed,StageCovarianceTransfer.approximation_validity,FIRST_VERSION_IDENTITY_ZERO_LOW_DIMENSIONAL_STATE_ONLY
I_stage/stage_covariance_transfer.csv,StageCovarianceTransfer,quality_flag,string,False,0..1,per_object_definition,,,blank allowed,StageCovarianceTransfer.quality_flag,PASS
I_stage/stage_increment.csv,StageIncrement,stage_increment_id,string,True,1,per_object_definition,,primary or foreign key,blocking if required,StageIncrement.stage_increment_id,STAGE_INC_S_LOCATE_01
I_stage/stage_increment.csv,StageIncrement,sample_id,string,True,1,per_object_definition,,primary or foreign key,blocking if required,StageIncrement.sample_id,SAMPLE_001
I_stage/stage_increment.csv,StageIncrement,stage_id,string,True,1,per_object_definition,,primary or foreign key,blocking if required,StageIncrement.stage_id,S_LOCATE_01
I_stage/stage_increment.csv,StageIncrement,from_reference_state_id,string,True,1,per_object_definition,,primary or foreign key,blocking if required,StageIncrement.from_reference_state_id,REF_NOMINAL
I_stage/stage_increment.csv,StageIncrement,to_reference_state_id,string,True,1,per_object_definition,,primary or foreign key,blocking if required,StageIncrement.to_reference_state_id,REF_NOMINAL
I_stage/stage_increment.csv,StageIncrement,source_state_id,string,True,1,per_object_definition,,primary or foreign key,blocking if required,StageIncrement.source_state_id,STAGE_STATE_S_LOCATE_01
I_stage/stage_increment.csv,StageIncrement,target_state_id,string,True,1,per_object_definition,,primary or foreign key,blocking if required,StageIncrement.target_state_id,STAGE_STATE_S_LOCATE_01
I_stage/stage_increment.csv,StageIncrement,increment_vector,string,False,0..1,per_object_definition,,,blank allowed,StageIncrement.increment_vector,"[0.0,0.0,0.0,0.0,0.0,0.0,0.0,0.0,0.0,0.0,0.0,0.0]"
I_stage/stage_increment.csv,StageIncrement,increment_components,string,False,0..1,per_object_definition,,,blank allowed,StageIncrement.increment_components,"{""G_AB"":[0.0,0.0,0.0],""G_BC"":[0.0,0.0,0.0],""G_AD"":[0.0,0.0,0.0],""G_DB"":[0.0,0.0,0.0]}"
I_stage/stage_increment.csv,StageIncrement,increment_definition_id,string,True,1,per_object_definition,,primary or foreign key,blocking if required,StageIncrement.increment_definition_id,INC_STAGE_CONTACT_LAYOUT_12
I_stage/stage_increment.csv,StageIncrement,deformation_source_ids,string,False,0..1,per_object_definition,,,blank allowed,StageIncrement.deformation_source_ids,SRC_S_LOCATE_01
I_stage/stage_increment.csv,StageIncrement,covariance_optional,string,False,0..1,per_object_definition,,,blank allowed,StageIncrement.covariance_optional,
I_stage/stage_increment.csv,StageIncrement,consumed_by_ids,string,False,0..1,per_object_definition,,,blank allowed,StageIncrement.consumed_by_ids,PRED_MULTIPART
I_stage/stage_increment.csv,StageIncrement,quality_flag,string,False,0..1,per_object_definition,,,blank allowed,StageIncrement.quality_flag,PASS
I_stage/stage_increment.csv,StageIncrement,metadata,string,False,0..1,per_object_definition,,,blank allowed,StageIncrement.metadata,"{""data_nature"":""SYNTHETIC_NUMERICAL_CONSISTENCY_CASE"",""engineering_claim_allowed"":false,""schema_version"":""V2.5"",""schema_revision"":""MULTI_PART_SERIAL_PARALLEL_2026-07""}"
I_stage/stage_input.csv,StageInput,stage_input_id,string,True,1,per_object_definition,,primary or foreign key,blocking if required,StageInput.stage_input_id,STAGE_INPUT_S_LOCATE_01
I_stage/stage_input.csv,StageInput,stage_id,string,True,1,per_object_definition,,primary or foreign key,blocking if required,StageInput.stage_id,S_LOCATE_01
I_stage/stage_input.csv,StageInput,boundary_item_ids,string,False,0..1,per_object_definition,,,blank allowed,StageInput.boundary_item_ids,BND_PANEL_BASE;BND_RIB_PIN;BND_SPAR_SUPPORT;BND_BRACKET_PIN
I_stage/stage_input.csv,StageInput,load_item_ids,string,False,0..1,per_object_definition,,,blank allowed,StageInput.load_item_ids,LOAD_GRAVITY_ALL
I_stage/stage_input.csv,StageInput,active_joint_ids,string,False,0..1,per_object_definition,,,blank allowed,StageInput.active_joint_ids,JNT_AB;JNT_BC;JNT_AD;JNT_DB
I_stage/stage_input.csv,StageInput,constraint_activation_vector,string,False,0..1,per_object_definition,,,blank allowed,StageInput.constraint_activation_vector,"[1,1,1,1]"
I_stage/stage_input.csv,StageInput,load_activation_vector,string,False,0..1,per_object_definition,,,blank allowed,StageInput.load_activation_vector,[1]
I_stage/stage_input.csv,StageInput,joint_activation_vector,string,False,0..1,per_object_definition,,,blank allowed,StageInput.joint_activation_vector,"[0,0,0,0]"
I_stage/stage_input.csv,StageInput,reduced_stiffness_id,string,True,1,per_object_definition,,primary or foreign key,blocking if required,StageInput.reduced_stiffness_id,K_GAMMA_LOCATE_01
I_stage/stage_input.csv,StageInput,reduced_force_vector_id,string,True,1,per_object_definition,,primary or foreign key,blocking if required,StageInput.reduced_force_vector_id,RFV_S_LOCATE_01
I_stage/stage_input.csv,StageInput,inherited_state_id,string,True,1,per_object_definition,,primary or foreign key,blocking if required,StageInput.inherited_state_id,STAGE_STATE_S_LOCATE_01
I_stage/stage_input.csv,StageInput,expected_measurement_set_ids,string,False,0..1,per_object_definition,,,blank allowed,StageInput.expected_measurement_set_ids,
I_stage/stage_input.csv,StageInput,reference_state_id,string,True,1,per_object_definition,,primary or foreign key,blocking if required,StageInput.reference_state_id,REF_NOMINAL
I_stage/stage_input.csv,StageInput,metadata,string,False,0..1,per_object_definition,,,blank allowed,StageInput.metadata,"{""data_nature"":""SYNTHETIC_NUMERICAL_CONSISTENCY_CASE"",""engineering_claim_allowed"":false,""schema_version"":""V2.5"",""schema_revision"":""MULTI_PART_SERIAL_PARALLEL_2026-07""}"
I_stage/stage_parameter_snapshot.csv,StageParameterSnapshot,stage_parameter_snapshot_id,string,True,1,per_object_definition,,primary or foreign key,blocking if required,StageParameterSnapshot.stage_parameter_snapshot_id,STAGE_PARAM_1_LOCATE_01
I_stage/stage_parameter_snapshot.csv,StageParameterSnapshot,stage_id,string,True,1,per_object_definition,,primary or foreign key,blocking if required,StageParameterSnapshot.stage_id,S_LOCATE_01
I_stage/stage_parameter_snapshot.csv,StageParameterSnapshot,interface_id_optional,string,False,0..1,per_object_definition,,,blank allowed,StageParameterSnapshot.interface_id_optional,G_AB
I_stage/stage_parameter_snapshot.csv,StageParameterSnapshot,parameter_names,string,False,0..1,per_object_definition,,,blank allowed,StageParameterSnapshot.parameter_names,Cn
I_stage/stage_parameter_snapshot.csv,StageParameterSnapshot,parameter_values,string,False,0..1,per_object_definition,,,blank allowed,StageParameterSnapshot.parameter_values,"[0.00012,0.00012,0.00012]"
I_stage/stage_parameter_snapshot.csv,StageParameterSnapshot,covariance,string,False,0..1,per_object_definition,,,blank allowed,StageParameterSnapshot.covariance,
I_stage/stage_parameter_snapshot.csv,StageParameterSnapshot,parameter_scope,string,False,0..1,per_object_definition,,,blank allowed,StageParameterSnapshot.parameter_scope,INTERFACE_BLOCK
I_stage/stage_parameter_snapshot.csv,StageParameterSnapshot,persistence_policy,string,False,0..1,per_object_definition,,,blank allowed,StageParameterSnapshot.persistence_policy,PERSIST_WITHIN_VALID_DOMAIN
I_stage/stage_parameter_snapshot.csv,StageParameterSnapshot,validity_domain_id,string,True,1,per_object_definition,,primary or foreign key,blocking if required,StageParameterSnapshot.validity_domain_id,VD_MULTIPART
I_stage/stage_parameter_snapshot.csv,StageParameterSnapshot,source_prior_or_update_ids,string,False,0..1,per_object_definition,,,blank allowed,StageParameterSnapshot.source_prior_or_update_ids,IPAR_AB
I_stage/stage_parameter_snapshot.csv,StageParameterSnapshot,update_permission,string,False,0..1,per_object_definition,,,blank allowed,StageParameterSnapshot.update_permission,FROZEN_SYNTHETIC_FIXTURE
I_stage/stage_parameter_snapshot.csv,StageParameterSnapshot,active_bounds,string,False,0..1,per_object_definition,,,blank allowed,StageParameterSnapshot.active_bounds,"[0,inf]"
I_stage/stage_parameter_snapshot.csv,StageParameterSnapshot,quality_flag,string,False,0..1,per_object_definition,,,blank allowed,StageParameterSnapshot.quality_flag,PASS
I_stage/stage_parameter_snapshot.csv,StageParameterSnapshot,metadata,string,False,0..1,per_object_definition,,,blank allowed,StageParameterSnapshot.metadata,"{""data_nature"":""SYNTHETIC_NUMERICAL_CONSISTENCY_CASE"",""engineering_claim_allowed"":false,""schema_version"":""V2.5"",""schema_revision"":""MULTI_PART_SERIAL_PARALLEL_2026-07""}"
I_stage/stage_posterior_package.csv,StagePosteriorPackage,stage_posterior_package_id,string,True,1,per_object_definition,,primary or foreign key,blocking if required,StagePosteriorPackage.stage_posterior_package_id,STAGE_PKG_S_LOCATE_01
I_stage/stage_posterior_package.csv,StagePosteriorPackage,sample_id,string,True,1,per_object_definition,,primary or foreign key,blocking if required,StagePosteriorPackage.sample_id,SAMPLE_001
I_stage/stage_posterior_package.csv,StagePosteriorPackage,stage_id,string,True,1,per_object_definition,,primary or foreign key,blocking if required,StagePosteriorPackage.stage_id,S_LOCATE_01
I_stage/stage_posterior_package.csv,StagePosteriorPackage,posterior_state_snapshot_id,string,True,1,per_object_definition,,primary or foreign key,blocking if required,StagePosteriorPackage.posterior_state_snapshot_id,STAGE_STATE_S_LOCATE_01
I_stage/stage_posterior_package.csv,StagePosteriorPackage,posterior_parameter_snapshot_ids,string,False,0..1,per_object_definition,,,blank allowed,StagePosteriorPackage.posterior_parameter_snapshot_ids,STAGE_PARAM_1_LOCATE_01;STAGE_PARAM_2_LOCATE_01;STAGE_PARAM_3_LOCATE_01;STAGE_PARAM_4_LOCATE_01
I_stage/stage_posterior_package.csv,StagePosteriorPackage,stage_increment_id,string,True,1,per_object_definition,,primary or foreign key,blocking if required,StagePosteriorPackage.stage_increment_id,STAGE_INC_S_LOCATE_01
I_stage/stage_posterior_package.csv,StagePosteriorPackage,transition_record_id,string,True,1,per_object_definition,,primary or foreign key,blocking if required,StagePosteriorPackage.transition_record_id,TRANS_S_LOCATE_01_TO_S_CLAMP_02
I_stage/stage_posterior_package.csv,StagePosteriorPackage,locked_history_ids,string,False,0..1,per_object_definition,,,blank allowed,StagePosteriorPackage.locked_history_ids,LOCK_HIST_MULTIPART
I_stage/stage_posterior_package.csv,StagePosteriorPackage,source_ledger_id,string,True,1,per_object_definition,,primary or foreign key,blocking if required,StagePosteriorPackage.source_ledger_id,LEDGER_MULTIPART
I_stage/stage_posterior_package.csv,StagePosteriorPackage,parent_package_id_optional,string,False,0..1,per_object_definition,,,blank allowed,StagePosteriorPackage.parent_package_id_optional,STAGE_PKG_S_LOCATE_01
I_stage/stage_posterior_package.csv,StagePosteriorPackage,package_hash,string,False,0..1,per_object_definition,,,blank allowed,StagePosteriorPackage.package_hash,550a1f5e3c050779ea38229c89e837019d3ead51814f93c0f52d37e974ffc93f
I_stage/stage_posterior_package.csv,StagePosteriorPackage,quality_flag,string,False,0..1,per_object_definition,,,blank allowed,StagePosteriorPackage.quality_flag,PASS
I_stage/stage_posterior_package.csv,StagePosteriorPackage,metadata,string,False,0..1,per_object_definition,,,blank allowed,StagePosteriorPackage.metadata,"{""data_nature"":""SYNTHETIC_NUMERICAL_CONSISTENCY_CASE"",""engineering_claim_allowed"":false,""schema_version"":""V2.5"",""schema_revision"":""MULTI_PART_SERIAL_PARALLEL_2026-07""}"
I_stage/stage_state_snapshot.csv,StageStateSnapshot,stage_state_snapshot_id,string,True,1,per_object_definition,,primary or foreign key,blocking if required,StageStateSnapshot.stage_state_snapshot_id,STAGE_STATE_S_LOCATE_01
I_stage/stage_state_snapshot.csv,StageStateSnapshot,sample_id,string,True,1,per_object_definition,,primary or foreign key,blocking if required,StageStateSnapshot.sample_id,SAMPLE_001
I_stage/stage_state_snapshot.csv,StageStateSnapshot,stage_id,string,True,1,per_object_definition,,primary or foreign key,blocking if required,StageStateSnapshot.stage_id,S_LOCATE_01
I_stage/stage_state_snapshot.csv,StageStateSnapshot,state_role,string,False,0..1,per_object_definition,,,blank allowed,StageStateSnapshot.state_role,PREDICTED
I_stage/stage_state_snapshot.csv,StageStateSnapshot,reference_state_id,string,True,1,per_object_definition,,primary or foreign key,blocking if required,StageStateSnapshot.reference_state_id,REF_NOMINAL
I_stage/stage_state_snapshot.csv,StageStateSnapshot,parent_stage_state_id_optional,string,False,0..1,per_object_definition,,,blank allowed,StageStateSnapshot.parent_stage_state_id_optional,STAGE_STATE_S_LOCATE_01
I_stage/stage_state_snapshot.csv,StageStateSnapshot,pose_state,string,False,0..1,per_object_definition,,,blank allowed,StageStateSnapshot.pose_state,"[0.0,0.0,0.0,0.0,0.0,0.0,0.0,0.0,0.0,0.0,0.0,0.0,0.0,0.0,0.0,0.0,0.0,0.0,0.0,0.0,0.0,0.0,0.0,0.0]"
I_stage/stage_state_snapshot.csv,StageStateSnapshot,interface_displacement,string,False,0..1,per_object_definition,,,blank allowed,StageStateSnapshot.interface_displacement,"[0.0,0.0,0.0,0.0,0.0,0.0,0.0,0.0,0.0,0.0,0.0,0.0]"
I_stage/stage_state_snapshot.csv,StageStateSnapshot,gap_g,string,False,0..1,per_object_definition,,,blank allowed,StageStateSnapshot.gap_g,"[0.08,0.04,0.06,0.05,0.03,0.04,0.1,0.07,0.09,0.09,0.06,0.08]"
I_stage/stage_state_snapshot.csv,StageStateSnapshot,lambda_n,string,False,0..1,per_object_definition,,,blank allowed,StageStateSnapshot.lambda_n,"[0.0,0.0,0.0,0.0,0.0,0.0,0.0,0.0,0.0,0.0,0.0,0.0]"
I_stage/stage_state_snapshot.csv,StageStateSnapshot,lambda_t_optional,string,False,0..1,per_object_definition,,,blank allowed,StageStateSnapshot.lambda_t_optional,[]
I_stage/stage_state_snapshot.csv,StageStateSnapshot,pressure_p_n,string,False,0..1,per_object_definition,,,blank allowed,StageStateSnapshot.pressure_p_n,"[0.0,0.0,0.0,0.0,0.0,0.0,0.0,0.0,0.0,0.0,0.0,0.0]"
I_stage/stage_state_snapshot.csv,StageStateSnapshot,local_compression_w_n,string,False,0..1,per_object_definition,,,blank allowed,StageStateSnapshot.local_compression_w_n,"[0.0,0.0,0.0,0.0,0.0,0.0,0.0,0.0,0.0,0.0,0.0,0.0]"
I_stage/stage_state_snapshot.csv,StageStateSnapshot,tangential_slip_d_t_optional,string,False,0..1,per_object_definition,,,blank allowed,StageStateSnapshot.tangential_slip_d_t_optional,[]
I_stage/stage_state_snapshot.csv,StageStateSnapshot,contact_mode_id,string,True,1,per_object_definition,,primary or foreign key,blocking if required,StageStateSnapshot.contact_mode_id,MODE_LOCATE_01
I_stage/stage_state_snapshot.csv,StageStateSnapshot,joint_lock_state_optional,string,False,0..1,per_object_definition,,,blank allowed,StageStateSnapshot.joint_lock_state_optional,LOCK_HIST_MULTIPART
I_stage/stage_state_snapshot.csv,StageStateSnapshot,state_covariance_id_optional,string,False,0..1,per_object_definition,,,blank allowed,StageStateSnapshot.state_covariance_id_optional,
I_stage/stage_state_snapshot.csv,StageStateSnapshot,absolute_or_increment,string,False,0..1,per_object_definition,,,blank allowed,StageStateSnapshot.absolute_or_increment,absolute
I_stage/stage_state_snapshot.csv,StageStateSnapshot,source_ledger_id,string,True,1,per_object_definition,,primary or foreign key,blocking if required,StageStateSnapshot.source_ledger_id,LEDGER_MULTIPART
I_stage/stage_state_snapshot.csv,StageStateSnapshot,quality_flag,string,False,0..1,per_object_definition,,,blank allowed,StageStateSnapshot.quality_flag,PASS
I_stage/stage_state_snapshot.csv,StageStateSnapshot,metadata,string,False,0..1,per_object_definition,,,blank allowed,StageStateSnapshot.metadata,"{""data_nature"":""SYNTHETIC_NUMERICAL_CONSISTENCY_CASE"",""engineering_claim_allowed"":false,""schema_version"":""V2.5"",""schema_revision"":""MULTI_PART_SERIAL_PARALLEL_2026-07""}"
I_stage/stage_transition_record.csv,StageTransitionRecord,transition_id,string,True,1,per_object_definition,,primary or foreign key,blocking if required,StageTransitionRecord.transition_id,TRANS_S_LOCATE_01_TO_S_CLAMP_02
I_stage/stage_transition_record.csv,StageTransitionRecord,from_stage_id,string,True,1,per_object_definition,,primary or foreign key,blocking if required,StageTransitionRecord.from_stage_id,S_LOCATE_01
I_stage/stage_transition_record.csv,StageTransitionRecord,to_stage_id,string,True,1,per_object_definition,,primary or foreign key,blocking if required,StageTransitionRecord.to_stage_id,S_CLAMP_02
I_stage/stage_transition_record.csv,StageTransitionRecord,from_state_id,string,True,1,per_object_definition,,primary or foreign key,blocking if required,StageTransitionRecord.from_state_id,STAGE_STATE_S_LOCATE_01
I_stage/stage_transition_record.csv,StageTransitionRecord,to_predicted_state_id,string,True,1,per_object_definition,,primary or foreign key,blocking if required,StageTransitionRecord.to_predicted_state_id,STAGE_STATE_S_CLAMP_02
I_stage/stage_transition_record.csv,StageTransitionRecord,state_transfer_matrix_or_function,string,False,0..1,per_object_definition,,,blank allowed,StageTransitionRecord.state_transfer_matrix_or_function,GLOBAL_COUPLED_STATE_TRANSFER
I_stage/stage_transition_record.csv,StageTransitionRecord,parameter_transfer_rules,string,False,0..1,per_object_definition,,,blank allowed,StageTransitionRecord.parameter_transfer_rules,PERSIST_INTERFACE_PARAMETERS_WITHIN_VALID_DOMAIN
I_stage/stage_transition_record.csv,StageTransitionRecord,activated_boundary_ids,string,False,0..1,per_object_definition,,,blank allowed,StageTransitionRecord.activated_boundary_ids,BND_PANEL_BASE;BND_RIB_PIN;BND_SPAR_SUPPORT;BND_BRACKET_PIN
I_stage/stage_transition_record.csv,StageTransitionRecord,deactivated_boundary_ids,string,False,0..1,per_object_definition,,,blank allowed,StageTransitionRecord.deactivated_boundary_ids,BND_PANEL_BASE;BND_RIB_PIN;BND_SPAR_SUPPORT;BND_BRACKET_PIN
I_stage/stage_transition_record.csv,StageTransitionRecord,activated_load_ids,string,False,0..1,per_object_definition,,,blank allowed,StageTransitionRecord.activated_load_ids,LOAD_GRAVITY_ALL;LOAD_CLAMP_G_AB;LOAD_CLAMP_G_BC;LOAD_CLAMP_G_AD;LOAD_CLAMP_G_DB
I_stage/stage_transition_record.csv,StageTransitionRecord,removed_load_ids,string,False,0..1,per_object_definition,,,blank allowed,StageTransitionRecord.removed_load_ids,LOAD_CLAMP_G_AB;LOAD_CLAMP_G_BC;LOAD_CLAMP_G_AD;LOAD_CLAMP_G_DB
I_stage/stage_transition_record.csv,StageTransitionRecord,actual_load_increment,string,False,0..1,per_object_definition,,,blank allowed,StageTransitionRecord.actual_load_increment,"[16.2133069516,4.4817864607,0.0,12.4034312477,0.0,0.0,6.87360881,0.0,0.0,10.4414003964,0.0,0.0]"
I_stage/stage_transition_record.csv,StageTransitionRecord,joint_activation_change,string,False,0..1,per_object_definition,,,blank allowed,StageTransitionRecord.joint_activation_change,ACTIVATE_ALL_JOINTS
I_stage/stage_transition_record.csv,StageTransitionRecord,locked_history_ids,string,False,0..1,per_object_definition,,,blank allowed,StageTransitionRecord.locked_history_ids,LOCK_HIST_MULTIPART
I_stage/stage_transition_record.csv,StageTransitionRecord,covariance_transfer_id,string,True,1,per_object_definition,,primary or foreign key,blocking if required,StageTransitionRecord.covariance_transfer_id,COV_TRANS_MULTIPART
I_stage/stage_transition_record.csv,StageTransitionRecord,dependency_hash,string,False,0..1,per_object_definition,,,blank allowed,StageTransitionRecord.dependency_hash,03f7b7a0ce3d95de9e0b353fa96b6c49a6f733c65c0bdf45ba6839aa25bf718a
I_stage/stage_transition_record.csv,StageTransitionRecord,quality_flag,string,False,0..1,per_object_definition,,,blank allowed,StageTransitionRecord.quality_flag,PASS
I_stage/stage_transition_record.csv,StageTransitionRecord,metadata,string,False,0..1,per_object_definition,,,blank allowed,StageTransitionRecord.metadata,"{""data_nature"":""SYNTHETIC_NUMERICAL_CONSISTENCY_CASE"",""engineering_claim_allowed"":false,""schema_version"":""V2.5"",""schema_revision"":""MULTI_PART_SERIAL_PARALLEL_2026-07""}"
I_stage/state_update_basis.csv,StateUpdateBasis,update_state_layout_id,string,True,1,per_object_definition,,primary or foreign key,blocking if required,StateUpdateBasis.update_state_layout_id,ETA_STAGE_AFTER_ABC_2
I_stage/state_update_basis.csv,StateUpdateBasis,component_order,string,False,0..1,per_object_definition,,,blank allowed,StateUpdateBasis.component_order,0
I_stage/state_update_basis.csv,StateUpdateBasis,component_id,string,True,1,per_object_definition,,primary or foreign key,blocking if required,StateUpdateBasis.component_id,ETA_POSE_BIAS_ABC
I_stage/state_update_basis.csv,StateUpdateBasis,component_type,string,False,0..1,per_object_definition,,,blank allowed,StateUpdateBasis.component_type,POSE_BIAS
I_stage/state_update_basis.csv,StateUpdateBasis,target_object_type,string,False,0..1,per_object_definition,,,blank allowed,StateUpdateBasis.target_object_type,Subassembly
I_stage/state_update_basis.csv,StateUpdateBasis,target_object_id,string,True,1,per_object_definition,,primary or foreign key,blocking if required,StateUpdateBasis.target_object_id,ASM_ABC
I_stage/state_update_basis.csv,StateUpdateBasis,unit,string,False,0..1,per_object_definition,,,blank allowed,StateUpdateBasis.unit,mm_equivalent
I_stage/state_update_basis.csv,StateUpdateBasis,description,string,False,0..1,per_object_definition,,,blank allowed,StateUpdateBasis.description,Synthetic low-dimensional pose-bias correction.
I_stat/monte_carlo_config.csv,MonteCarloConfig,mc_config_id,string,True,1,per_object_definition,,primary or foreign key,blocking if required,MonteCarloConfig.mc_config_id,MC_DEFAULT
I_stat/monte_carlo_config.csv,MonteCarloConfig,random_variable_ids,string,False,0..1,per_object_definition,,,blank allowed,MonteCarloConfig.random_variable_ids,alpha_sms;theta;e_proc
I_stat/monte_carlo_config.csv,MonteCarloConfig,joint_distribution_id,string,True,1,per_object_definition,,primary or foreign key,blocking if required,MonteCarloConfig.joint_distribution_id,JD_DEFAULT
I_stat/monte_carlo_config.csv,MonteCarloConfig,sample_count,string,False,0..1,per_object_definition,,,blank allowed,MonteCarloConfig.sample_count,1
I_stat/monte_carlo_config.csv,MonteCarloConfig,random_seed,string,False,0..1,per_object_definition,,,blank allowed,MonteCarloConfig.random_seed,202607
I_stat/monte_carlo_config.csv,MonteCarloConfig,sampling_method,string,False,0..1,per_object_definition,,,blank allowed,MonteCarloConfig.sampling_method,deterministic_placeholder
I_stat/monte_carlo_config.csv,MonteCarloConfig,batch_size,string,False,0..1,per_object_definition,,,blank allowed,MonteCarloConfig.batch_size,1
I_stat/monte_carlo_config.csv,MonteCarloConfig,parallel_settings,string,False,0..1,per_object_definition,,,blank allowed,MonteCarloConfig.parallel_settings,none
I_stat/monte_carlo_config.csv,MonteCarloConfig,mode_library_usage,string,False,0..1,per_object_definition,,,blank allowed,MonteCarloConfig.mode_library_usage,none
I_stat/monte_carlo_config.csv,MonteCarloConfig,high_fidelity_fallback_budget,string,False,0..1,per_object_definition,,,blank allowed,MonteCarloConfig.high_fidelity_fallback_budget,0
I_stat/monte_carlo_config.csv,MonteCarloConfig,stopping_rule_optional,string,False,0..1,per_object_definition,,,blank allowed,MonteCarloConfig.stopping_rule_optional,
I_stat/monte_carlo_config.csv,MonteCarloConfig,metadata,string,False,0..1,per_object_definition,,,blank allowed,MonteCarloConfig.metadata,"{""note"":""默认占位值；请替换为真实工程数据。"",""schema_version"":""V2.5""}"
I_stat/random_sample.csv,RandomSample,random_sample_id,string,True,1,per_object_definition,,primary or foreign key,blocking if required,RandomSample.random_sample_id,RSAMPLE_DEFAULT
I_stat/random_sample.csv,RandomSample,mc_config_id,string,True,1,per_object_definition,,primary or foreign key,blocking if required,RandomSample.mc_config_id,MC_DEFAULT
I_stat/random_sample.csv,RandomSample,sample_index,string,False,0..1,per_object_definition,,,blank allowed,RandomSample.sample_index,0
I_stat/random_sample.csv,RandomSample,alpha_sms,string,False,0..1,per_object_definition,,,blank allowed,RandomSample.alpha_sms,[0.0]
I_stat/random_sample.csv,RandomSample,interface_parameter_sample,string,False,0..1,per_object_definition,,,blank allowed,RandomSample.interface_parameter_sample,[0.0001]
I_stat/random_sample.csv,RandomSample,process_error_sample,string,False,0..1,per_object_definition,,,blank allowed,RandomSample.process_error_sample,[0.0]
I_stat/random_sample.csv,RandomSample,measurement_error_sample_optional,string,False,0..1,per_object_definition,,,blank allowed,RandomSample.measurement_error_sample_optional,[0.0]
I_stat/random_sample.csv,RandomSample,locator_compliance_sample_optional,string,False,0..1,per_object_definition,,,blank allowed,RandomSample.locator_compliance_sample_optional,[0.0001]
I_stat/random_sample.csv,RandomSample,preload_or_command_displacement_sample_optional,string,False,0..1,per_object_definition,,,blank allowed,RandomSample.preload_or_command_displacement_sample_optional,[0.0]
I_stat/random_sample.csv,RandomSample,correlation_preserved,string,False,0..1,per_object_definition,,,blank allowed,RandomSample.correlation_preserved,FALSE
I_stat/random_sample.csv,RandomSample,source_distribution_ids,string,False,0..1,per_object_definition,,,blank allowed,RandomSample.source_distribution_ids,JD_DEFAULT
I_stat/random_sample.csv,RandomSample,metadata,string,False,0..1,per_object_definition,,,blank allowed,RandomSample.metadata,"{""note"":""默认占位值；请替换为真实工程数据。"",""schema_version"":""V2.5""}"
I_stat/sensitivity_result.csv,SensitivityResult,sensitivity_result_id,string,True,1,per_object_definition,,primary or foreign key,blocking if required,SensitivityResult.sensitivity_result_id,SENS_DEFAULT
I_stat/sensitivity_result.csv,SensitivityResult,target_kcp_ids,string,False,0..1,per_object_definition,,,blank allowed,SensitivityResult.target_kcp_ids,KCP_END_GAP
I_stat/sensitivity_result.csv,SensitivityResult,input_variable_groups,string,False,0..1,per_object_definition,,,blank allowed,SensitivityResult.input_variable_groups,SMS;INTERFACE;PROCESS
I_stat/sensitivity_result.csv,SensitivityResult,method,string,False,0..1,per_object_definition,,,blank allowed,SensitivityResult.method,placeholder
I_stat/sensitivity_result.csv,SensitivityResult,local_mode_sensitivities_optional,string,False,0..1,per_object_definition,,,blank allowed,SensitivityResult.local_mode_sensitivities_optional,{}
I_stat/sensitivity_result.csv,SensitivityResult,first_order_indices,string,False,0..1,per_object_definition,,,blank allowed,SensitivityResult.first_order_indices,{}
I_stat/sensitivity_result.csv,SensitivityResult,total_order_indices_optional,string,False,0..1,per_object_definition,,,blank allowed,SensitivityResult.total_order_indices_optional,{}
I_stat/sensitivity_result.csv,SensitivityResult,ranking,string,False,0..1,per_object_definition,,,blank allowed,SensitivityResult.ranking,[]
I_stat/sensitivity_result.csv,SensitivityResult,confidence_intervals,string,False,0..1,per_object_definition,,,blank allowed,SensitivityResult.confidence_intervals,{}
I_stat/sensitivity_result.csv,SensitivityResult,sample_ids,string,False,0..1,per_object_definition,,,blank allowed,SensitivityResult.sample_ids,SAMPLE_001
I_stat/sensitivity_result.csv,SensitivityResult,metadata,string,False,0..1,per_object_definition,,,blank allowed,SensitivityResult.metadata,"{""note"":""默认占位值；请替换为真实工程数据。"",""schema_version"":""V2.5""}"
I_stat/statistical_prediction_result.csv,StatisticalPredictionResult,statistical_result_id,string,True,1,per_object_definition,,primary or foreign key,blocking if required,StatisticalPredictionResult.statistical_result_id,STAT_DEFAULT
I_stat/statistical_prediction_result.csv,StatisticalPredictionResult,mc_config_id,string,True,1,per_object_definition,,primary or foreign key,blocking if required,StatisticalPredictionResult.mc_config_id,MC_DEFAULT
I_stat/statistical_prediction_result.csv,StatisticalPredictionResult,kcp_ids,string,False,0..1,per_object_definition,,,blank allowed,StatisticalPredictionResult.kcp_ids,KCP_END_GAP
I_stat/statistical_prediction_result.csv,StatisticalPredictionResult,mean_vector,string,False,0..1,per_object_definition,,,blank allowed,StatisticalPredictionResult.mean_vector,[0.0]
I_stat/statistical_prediction_result.csv,StatisticalPredictionResult,covariance_matrix,string,False,0..1,per_object_definition,,,blank allowed,StatisticalPredictionResult.covariance_matrix,[[0.0]]
I_stat/statistical_prediction_result.csv,StatisticalPredictionResult,quantiles,string,False,0..1,per_object_definition,,,blank allowed,StatisticalPredictionResult.quantiles,{}
I_stat/statistical_prediction_result.csv,StatisticalPredictionResult,failure_probabilities,string,False,0..1,per_object_definition,,,blank allowed,StatisticalPredictionResult.failure_probabilities,{}
I_stat/statistical_prediction_result.csv,StatisticalPredictionResult,confidence_intervals,string,False,0..1,per_object_definition,,,blank allowed,StatisticalPredictionResult.confidence_intervals,{}
I_stat/statistical_prediction_result.csv,StatisticalPredictionResult,mode_frequency_statistics,string,False,0..1,per_object_definition,,,blank allowed,StatisticalPredictionResult.mode_frequency_statistics,{}
I_stat/statistical_prediction_result.csv,StatisticalPredictionResult,out_of_domain_rate,string,False,0..1,per_object_definition,,,blank allowed,StatisticalPredictionResult.out_of_domain_rate,0.0
I_stat/statistical_prediction_result.csv,StatisticalPredictionResult,nonconvergence_rate,string,False,0..1,per_object_definition,,,blank allowed,StatisticalPredictionResult.nonconvergence_rate,0.0
I_stat/statistical_prediction_result.csv,StatisticalPredictionResult,overconstraint_mode_frequency_optional,string,False,0..1,per_object_definition,,,blank allowed,StatisticalPredictionResult.overconstraint_mode_frequency_optional,{}
I_stat/statistical_prediction_result.csv,StatisticalPredictionResult,runtime_statistics,string,False,0..1,per_object_definition,,,blank allowed,StatisticalPredictionResult.runtime_statistics,{}
I_stat/statistical_prediction_result.csv,StatisticalPredictionResult,metadata,string,False,0..1,per_object_definition,,,blank allowed,StatisticalPredictionResult.metadata,"{""note"":""默认占位值；请替换为真实工程数据。"",""schema_version"":""V2.5""}"
field_dictionary.csv,FieldDictionary,file_path,string,False,0..1,per_object_definition,,,blank allowed,FieldDictionary.file_path,
field_dictionary.csv,FieldDictionary,object_name,string,False,0..1,per_object_definition,,,blank allowed,FieldDictionary.object_name,
field_dictionary.csv,FieldDictionary,field_name,string,False,0..1,per_object_definition,,,blank allowed,FieldDictionary.field_name,
field_dictionary.csv,FieldDictionary,data_type,string,False,0..1,per_object_definition,,,blank allowed,FieldDictionary.data_type,
field_dictionary.csv,FieldDictionary,required,string,False,0..1,per_object_definition,,,blank allowed,FieldDictionary.required,
field_dictionary.csv,FieldDictionary,cardinality,string,False,0..1,per_object_definition,,,blank allowed,FieldDictionary.cardinality,
field_dictionary.csv,FieldDictionary,unit,string,False,0..1,per_object_definition,,,blank allowed,FieldDictionary.unit,
field_dictionary.csv,FieldDictionary,enum_or_format,string,False,0..1,per_object_definition,,,blank allowed,FieldDictionary.enum_or_format,
field_dictionary.csv,FieldDictionary,key_semantics,string,False,0..1,per_object_definition,,,blank allowed,FieldDictionary.key_semantics,
field_dictionary.csv,FieldDictionary,missing_handling,string,False,0..1,per_object_definition,,,blank allowed,FieldDictionary.missing_handling,
field_dictionary.csv,FieldDictionary,description,string,False,0..1,per_object_definition,,,blank allowed,FieldDictionary.description,
field_dictionary.csv,FieldDictionary,example_value,string,False,0..1,per_object_definition,,,blank allowed,FieldDictionary.example_value,
matrices/matrix_manifest.csv,MatrixManifest,matrix_id,string,True,1,per_object_definition,,primary or foreign key,blocking if required,MatrixManifest.matrix_id,BN_AB
matrices/matrix_manifest.csv,MatrixManifest,npz_file,string,False,0..1,per_object_definition,,,blank allowed,MatrixManifest.npz_file,multi_part_matrices.npz
matrices/matrix_manifest.csv,MatrixManifest,npz_key,string,False,0..1,per_object_definition,,,blank allowed,MatrixManifest.npz_key,BN_AB
matrices/matrix_manifest.csv,MatrixManifest,shape,string,False,0..1,per_object_definition,,,blank allowed,MatrixManifest.shape,"[3,12]"
matrices/matrix_manifest.csv,MatrixManifest,dtype,string,False,0..1,per_object_definition,,,blank allowed,MatrixManifest.dtype,float64
matrices/matrix_manifest.csv,MatrixManifest,unit,string,False,0..1,per_object_definition,,,blank allowed,MatrixManifest.unit,mixed_by_object_definition
matrices/matrix_manifest.csv,MatrixManifest,row_layout_id_optional,string,False,0..1,per_object_definition,,,blank allowed,MatrixManifest.row_layout_id_optional,VL_CONTACT_ALL_12
matrices/matrix_manifest.csv,MatrixManifest,column_layout_id_optional,string,False,0..1,per_object_definition,,,blank allowed,MatrixManifest.column_layout_id_optional,VL_CONTACT_ALL_12
matrices/matrix_manifest.csv,MatrixManifest,derivation_source,string,False,0..1,per_object_definition,,,blank allowed,MatrixManifest.derivation_source,SYNTHETIC_COUPLED_SPD_FIXTURE
matrices/matrix_manifest.csv,MatrixManifest,description,string,False,0..1,per_object_definition,,,blank allowed,MatrixManifest.description,Synthetic numerical-consistency matrix; not engineering measurement or online FE output.
matrices/matrix_manifest.csv,MatrixManifest,quality_flag,string,False,0..1,per_object_definition,,,blank allowed,MatrixManifest.quality_flag,PASS
matrices/matrix_manifest.csv,MatrixManifest,measurement_checkpoint_id_optional,string,False,0..1,per_object_definition,,,blank allowed,MatrixManifest.measurement_checkpoint_id_optional,MCP_AFTER_ABC
matrices/matrix_manifest.csv,MatrixManifest,operator_set_id_optional,string,False,0..1,per_object_definition,,,blank allowed,MatrixManifest.operator_set_id_optional,OP_TS204
matrices/matrix_manifest.csv,MatrixManifest,data_nature,string,False,0..1,per_object_definition,,,blank allowed,MatrixManifest.data_nature,SYNTHETIC_NUMERICAL_CONSISTENCY_CASE
matrices/matrix_manifest.csv,MatrixManifest,engineering_claim_allowed,string,False,0..1,per_object_definition,,,blank allowed,MatrixManifest.engineering_claim_allowed,False
matrices/matrix_manifest.csv,MatrixManifest,future_part_id_optional,string,False,0..1,per_object_definition,,,blank allowed,MatrixManifest.future_part_id_optional,P_D
matrices/matrix_manifest.csv,MatrixManifest,reference_sms_id_optional,string,False,0..1,per_object_definition,,,blank allowed,MatrixManifest.reference_sms_id_optional,SMS_REF_P_D_OPERATOR
matrices/matrix_manifest.csv,MatrixManifest,mapping_semantics_optional,string,False,0..1,per_object_definition,,,blank allowed,MatrixManifest.mapping_semantics_optional,DELTA_FROM_OPERATOR_REFERENCE
matrices/matrix_manifest.csv,MatrixManifest,mapping_role_optional,string,False,0..1,per_object_definition,,,blank allowed,MatrixManifest.mapping_role_optional,EFFECTIVE_MAPPING
matrices/matrix_manifest.csv,MatrixManifest,probability_interpretation_allowed,string,False,0..1,per_object_definition,,,blank allowed,MatrixManifest.probability_interpretation_allowed,False
matrices/vector_layout.csv,VectorLayout,vector_layout_id,string,True,1,per_object_definition,,primary or foreign key,blocking if required,VectorLayout.vector_layout_id,VL_CONTACT_ALL_12
matrices/vector_layout.csv,VectorLayout,block_order,string,False,0..1,per_object_definition,,,blank allowed,VectorLayout.block_order,0
matrices/vector_layout.csv,VectorLayout,object_type,string,False,0..1,per_object_definition,,,blank allowed,VectorLayout.object_type,Interface
matrices/vector_layout.csv,VectorLayout,object_id,string,True,1,per_object_definition,,primary or foreign key,blocking if required,VectorLayout.object_id,G_AB
matrices/vector_layout.csv,VectorLayout,contact_domain_id,string,True,1,per_object_definition,,primary or foreign key,blocking if required,VectorLayout.contact_domain_id,CD_AB
matrices/vector_layout.csv,VectorLayout,start_index,string,False,0..1,per_object_definition,,,blank allowed,VectorLayout.start_index,0
matrices/vector_layout.csv,VectorLayout,end_index,string,False,0..1,per_object_definition,,,blank allowed,VectorLayout.end_index,2
matrices/vector_layout.csv,VectorLayout,component,string,False,0..1,per_object_definition,,,blank allowed,VectorLayout.component,normal_contact_point_order
matrices/vector_layout.csv,VectorLayout,unit,string,False,0..1,per_object_definition,,,blank allowed,VectorLayout.unit,mm_or_N_by_vector
matrices/vector_layout.csv,VectorLayout,metadata,string,False,0..1,per_object_definition,,,blank allowed,VectorLayout.metadata,"{""data_nature"":""SYNTHETIC_NUMERICAL_CONSISTENCY_CASE"",""engineering_claim_allowed"":false,""schema_version"":""V2.5"",""schema_revision"":""MULTI_PART_SERIAL_PARALLEL_2026-07""}"
object_file_map.csv,ObjectFileMap,object_name,string,False,0..1,per_object_definition,,,blank allowed,ObjectFileMap.object_name,AssemblyTopology
object_file_map.csv,ObjectFileMap,input_package,string,False,0..1,per_object_definition,,,blank allowed,ObjectFileMap.input_package,04_POSTERIOR_VIRTUAL_SMS_ROLLING_MIN_CASE
object_file_map.csv,ObjectFileMap,file_path,string,False,0..1,per_object_definition,,,blank allowed,ObjectFileMap.file_path,I0/assembly_topology.csv
object_file_map.csv,ObjectFileMap,primary_key,string,False,0..1,per_object_definition,,,blank allowed,ObjectFileMap.primary_key,topology_id
object_file_map.csv,ObjectFileMap,code_consumer,string,False,0..1,per_object_definition,,,blank allowed,ObjectFileMap.code_consumer,core.data_loader;core.stage_measurement_update
object_file_map.csv,ObjectFileMap,producer,string,False,0..1,per_object_definition,,,blank allowed,ObjectFileMap.producer,scripts/build_stage_measurement_update_fixture.py
object_file_map.csv,ObjectFileMap,is_synthetic,string,False,0..1,per_object_definition,,,blank allowed,ObjectFileMap.is_synthetic,True
object_file_map.csv,ObjectFileMap,is_runtime_result,string,False,0..1,per_object_definition,,,blank allowed,ObjectFileMap.is_runtime_result,False
object_file_map.csv,ObjectFileMap,group,string,False,0..1,per_object_definition,,,blank allowed,ObjectFileMap.group,I0
object_file_map.csv,ObjectFileMap,row_mode,string,False,0..1,per_object_definition,,,blank allowed,ObjectFileMap.row_mode,synthetic_stage_measurement_update
parameter_library/compliance_separation_report.csv,ComplianceSeparationReport,separation_report_id,string,True,1,per_object_definition,,primary or foreign key,blocking if required,ComplianceSeparationReport.separation_report_id,CSR_AB
parameter_library/compliance_separation_report.csv,ComplianceSeparationReport,W_struct_id,string,True,1,per_object_definition,,primary or foreign key,blocking if required,ComplianceSeparationReport.W_struct_id,W_STRUCT_RELEASE_04
parameter_library/compliance_separation_report.csv,ComplianceSeparationReport,Cn_local_id,string,True,1,per_object_definition,,primary or foreign key,blocking if required,ComplianceSeparationReport.Cn_local_id,CN_ALL
parameter_library/compliance_separation_report.csv,ComplianceSeparationReport,included_physics_struct,string,False,0..1,per_object_definition,,,blank allowed,ComplianceSeparationReport.included_physics_struct,four_part_global_structure
parameter_library/compliance_separation_report.csv,ComplianceSeparationReport,included_physics_local,string,False,0..1,per_object_definition,,,blank allowed,ComplianceSeparationReport.included_physics_local,local_interface_AB
parameter_library/compliance_separation_report.csv,ComplianceSeparationReport,removed_fixture_compliance,string,False,0..1,per_object_definition,,,blank allowed,ComplianceSeparationReport.removed_fixture_compliance,TRUE
parameter_library/compliance_separation_report.csv,ComplianceSeparationReport,removed_sensor_compliance,string,False,0..1,per_object_definition,,,blank allowed,ComplianceSeparationReport.removed_sensor_compliance,TRUE
parameter_library/compliance_separation_report.csv,ComplianceSeparationReport,removed_substrate_compliance,string,False,0..1,per_object_definition,,,blank allowed,ComplianceSeparationReport.removed_substrate_compliance,TRUE
parameter_library/compliance_separation_report.csv,ComplianceSeparationReport,overlap_source_ids,string,False,0..1,per_object_definition,,,blank allowed,ComplianceSeparationReport.overlap_source_ids,
parameter_library/compliance_separation_report.csv,ComplianceSeparationReport,overlap_assessment,string,False,0..1,per_object_definition,,,blank allowed,ComplianceSeparationReport.overlap_assessment,PASS
parameter_library/compliance_separation_report.csv,ComplianceSeparationReport,unit_consistency_check,string,False,0..1,per_object_definition,,,blank allowed,ComplianceSeparationReport.unit_consistency_check,PASS
parameter_library/compliance_separation_report.csv,ComplianceSeparationReport,area_weight_conversion_check,string,False,0..1,per_object_definition,,,blank allowed,ComplianceSeparationReport.area_weight_conversion_check,PASS
parameter_library/compliance_separation_report.csv,ComplianceSeparationReport,recommended_action,string,False,0..1,per_object_definition,,,blank allowed,ComplianceSeparationReport.recommended_action,USE_SYNTHETIC_FIXTURE_ONLY
parameter_library/compliance_separation_report.csv,ComplianceSeparationReport,metadata,string,False,0..1,per_object_definition,,,blank allowed,ComplianceSeparationReport.metadata,"{""data_nature"":""SYNTHETIC_NUMERICAL_CONSISTENCY_CASE"",""engineering_claim_allowed"":false,""schema_version"":""V2.5"",""schema_revision"":""MULTI_PART_SERIAL_PARALLEL_2026-07""}"
parameter_library/deformation_decomposition_result.csv,DeformationDecompositionResult,decomposition_id,string,True,1,per_object_definition,,primary or foreign key,blocking if required,DeformationDecompositionResult.decomposition_id,DDR_AB
parameter_library/deformation_decomposition_result.csv,DeformationDecompositionResult,response_id,string,True,1,per_object_definition,,primary or foreign key,blocking if required,DeformationDecompositionResult.response_id,LRD_AB
parameter_library/deformation_decomposition_result.csv,DeformationDecompositionResult,fixture_component,string,False,0..1,per_object_definition,,,blank allowed,DeformationDecompositionResult.fixture_component,"[0.0,0.0,0.0]"
parameter_library/deformation_decomposition_result.csv,DeformationDecompositionResult,sensor_component,string,False,0..1,per_object_definition,,,blank allowed,DeformationDecompositionResult.sensor_component,"[0.0,0.0,0.0]"
parameter_library/deformation_decomposition_result.csv,DeformationDecompositionResult,substrate_component,string,False,0..1,per_object_definition,,,blank allowed,DeformationDecompositionResult.substrate_component,"[0.0,0.0,0.0]"
parameter_library/deformation_decomposition_result.csv,DeformationDecompositionResult,interface_component,string,False,0..1,per_object_definition,,,blank allowed,DeformationDecompositionResult.interface_component,"[0.0010911862,0.0,0.0]"
parameter_library/deformation_decomposition_result.csv,DeformationDecompositionResult,removed_deformation_source_ids,string,False,0..1,per_object_definition,,,blank allowed,DeformationDecompositionResult.removed_deformation_source_ids,FIXTURE;SENSOR;SUBSTRATE
parameter_library/deformation_decomposition_result.csv,DeformationDecompositionResult,remaining_deformation_source_ids,string,False,0..1,per_object_definition,,,blank allowed,DeformationDecompositionResult.remaining_deformation_source_ids,INTERFACE
parameter_library/deformation_decomposition_result.csv,DeformationDecompositionResult,decomposition_method,string,False,0..1,per_object_definition,,,blank allowed,DeformationDecompositionResult.decomposition_method,synthetic_exact_separation
parameter_library/deformation_decomposition_result.csv,DeformationDecompositionResult,component_covariances,string,False,0..1,per_object_definition,,,blank allowed,DeformationDecompositionResult.component_covariances,{}
parameter_library/deformation_decomposition_result.csv,DeformationDecompositionResult,identifiability_metrics,string,False,0..1,per_object_definition,,,blank allowed,DeformationDecompositionResult.identifiability_metrics,"{""rank"":3}"
parameter_library/deformation_decomposition_result.csv,DeformationDecompositionResult,quality_flag,string,False,0..1,per_object_definition,,,blank allowed,DeformationDecompositionResult.quality_flag,PASS
parameter_library/deformation_decomposition_result.csv,DeformationDecompositionResult,metadata,string,False,0..1,per_object_definition,,,blank allowed,DeformationDecompositionResult.metadata,"{""data_nature"":""SYNTHETIC_NUMERICAL_CONSISTENCY_CASE"",""engineering_claim_allowed"":false,""schema_version"":""V2.5"",""schema_revision"":""MULTI_PART_SERIAL_PARALLEL_2026-07""}"
parameter_library/interface_parameter.csv,InterfaceParameter,interface_parameter_id,string,True,1,per_object_definition,,primary or foreign key,blocking if required,InterfaceParameter.interface_parameter_id,IPAR_AB
parameter_library/interface_parameter.csv,InterfaceParameter,interface_id,string,True,1,per_object_definition,,primary or foreign key,blocking if required,InterfaceParameter.interface_id,G_AB
parameter_library/interface_parameter.csv,InterfaceParameter,stage_id,string,True,1,per_object_definition,,primary or foreign key,blocking if required,InterfaceParameter.stage_id,ALL
parameter_library/interface_parameter.csv,InterfaceParameter,contact_mode_id,string,True,1,per_object_definition,,primary or foreign key,blocking if required,InterfaceParameter.contact_mode_id,MODE_RELEASE_04
parameter_library/interface_parameter.csv,InterfaceParameter,contact_area,string,False,0..1,per_object_definition,,,blank allowed,InterfaceParameter.contact_area,3000.0
parameter_library/interface_parameter.csv,InterfaceParameter,mean_pressure,string,False,0..1,per_object_definition,,,blank allowed,InterfaceParameter.mean_pressure,0.002525893993
parameter_library/interface_parameter.csv,InterfaceParameter,pressure_nonuniformity,string,False,0..1,per_object_definition,,,blank allowed,InterfaceParameter.pressure_nonuniformity,0.003572153542
parameter_library/interface_parameter.csv,InterfaceParameter,normal_compression_rms,string,False,0..1,per_object_definition,,,blank allowed,InterfaceParameter.normal_compression_rms,0.0006299966491
parameter_library/interface_parameter.csv,InterfaceParameter,tangential_slip_rms_optional,string,False,0..1,per_object_definition,,,blank allowed,InterfaceParameter.tangential_slip_rms_optional,
parameter_library/interface_parameter.csv,InterfaceParameter,normal_compliance_local,string,False,0..1,per_object_definition,,,blank allowed,InterfaceParameter.normal_compliance_local,"[0.00012,0.00012,0.00012]"
parameter_library/interface_parameter.csv,InterfaceParameter,tangential_compliance_optional,string,False,0..1,per_object_definition,,,blank allowed,InterfaceParameter.tangential_compliance_optional,
parameter_library/interface_parameter.csv,InterfaceParameter,equivalent_error_vector,string,False,0..1,per_object_definition,,,blank allowed,InterfaceParameter.equivalent_error_vector,"[0.0010911862,0.0,0.0]"
parameter_library/interface_parameter.csv,InterfaceParameter,rebound_term,string,False,0..1,per_object_definition,,,blank allowed,InterfaceParameter.rebound_term,"[0.0,0.0,0.0]"
parameter_library/interface_parameter.csv,InterfaceParameter,parameter_covariance,string,False,0..1,per_object_definition,,,blank allowed,InterfaceParameter.parameter_covariance,
parameter_library/interface_parameter.csv,InterfaceParameter,validity_range,string,False,0..1,per_object_definition,,,blank allowed,InterfaceParameter.validity_range,VD_MULTIPART
parameter_library/interface_parameter.csv,InterfaceParameter,calibration_quality,string,False,0..1,per_object_definition,,,blank allowed,InterfaceParameter.calibration_quality,PASS
parameter_library/interface_parameter.csv,InterfaceParameter,source_state_ids,string,False,0..1,per_object_definition,,,blank allowed,InterfaceParameter.source_state_ids,IF_STATE_1_RELEASE_04
parameter_library/interface_parameter.csv,InterfaceParameter,reference_state_id,string,True,1,per_object_definition,,primary or foreign key,blocking if required,InterfaceParameter.reference_state_id,REF_NOMINAL
parameter_library/interface_parameter.csv,InterfaceParameter,increment_definition_id,string,True,1,per_object_definition,,primary or foreign key,blocking if required,InterfaceParameter.increment_definition_id,INC_INTERFACE_RELEASE
parameter_library/interface_parameter.csv,InterfaceParameter,metadata,string,False,0..1,per_object_definition,,,blank allowed,InterfaceParameter.metadata,"{""data_nature"":""SYNTHETIC_NUMERICAL_CONSISTENCY_CASE"",""engineering_claim_allowed"":false,""schema_version"":""V2.5"",""schema_revision"":""MULTI_PART_SERIAL_PARALLEL_2026-07""}"
parameter_library/local_response_data.csv,LocalResponseData,response_id,string,True,1,per_object_definition,,primary or foreign key,blocking if required,LocalResponseData.response_id,LRD_AB
parameter_library/local_response_data.csv,LocalResponseData,source_type,string,False,0..1,per_object_definition,,,blank allowed,LocalResponseData.source_type,LOCAL_FE
parameter_library/local_response_data.csv,LocalResponseData,local_model_id_optional,string,False,0..1,per_object_definition,,,blank allowed,LocalResponseData.local_model_id_optional,LOCAL_MODEL_AB
parameter_library/local_response_data.csv,LocalResponseData,specimen_id_optional,string,False,0..1,per_object_definition,,,blank allowed,LocalResponseData.specimen_id_optional,SPEC_AB
parameter_library/local_response_data.csv,LocalResponseData,boundary_inheritance_id_optional,string,False,0..1,per_object_definition,,,blank allowed,LocalResponseData.boundary_inheritance_id_optional,BIR_AB
parameter_library/local_response_data.csv,LocalResponseData,loading_path_id,string,True,1,per_object_definition,,primary or foreign key,blocking if required,LocalResponseData.loading_path_id,LOADPATH_AB
parameter_library/local_response_data.csv,LocalResponseData,lambda_n,string,False,0..1,per_object_definition,,,blank allowed,LocalResponseData.lambda_n,"[9.0932183743,0.0,0.0]"
parameter_library/local_response_data.csv,LocalResponseData,pressure_p_n,string,False,0..1,per_object_definition,,,blank allowed,LocalResponseData.pressure_p_n,"[0.007577682,0.0,0.0]"
parameter_library/local_response_data.csv,LocalResponseData,w_total,string,False,0..1,per_object_definition,,,blank allowed,LocalResponseData.w_total,"[0.0010911862,0.0,0.0]"
parameter_library/local_response_data.csv,LocalResponseData,w_substrate_optional,string,False,0..1,per_object_definition,,,blank allowed,LocalResponseData.w_substrate_optional,"[0.0,0.0,0.0]"
parameter_library/local_response_data.csv,LocalResponseData,w_interface_optional,string,False,0..1,per_object_definition,,,blank allowed,LocalResponseData.w_interface_optional,"[0.0010911862,0.0,0.0]"
parameter_library/local_response_data.csv,LocalResponseData,tangential_slip_d_t_optional,string,False,0..1,per_object_definition,,,blank allowed,LocalResponseData.tangential_slip_d_t_optional,[]
parameter_library/local_response_data.csv,LocalResponseData,rebound_delta_r_optional,string,False,0..1,per_object_definition,,,blank allowed,LocalResponseData.rebound_delta_r_optional,[]
parameter_library/local_response_data.csv,LocalResponseData,strain_or_DIC_fields_optional,string,False,0..1,per_object_definition,,,blank allowed,LocalResponseData.strain_or_DIC_fields_optional,
parameter_library/local_response_data.csv,LocalResponseData,covariance_or_uncertainty,string,False,0..1,per_object_definition,,,blank allowed,LocalResponseData.covariance_or_uncertainty,
parameter_library/local_response_data.csv,LocalResponseData,raw_data_reference,string,False,0..1,per_object_definition,,,blank allowed,LocalResponseData.raw_data_reference,SYNTHETIC_ORACLE
parameter_library/local_response_data.csv,LocalResponseData,quality_flag,string,False,0..1,per_object_definition,,,blank allowed,LocalResponseData.quality_flag,PASS
parameter_library/local_response_data.csv,LocalResponseData,metadata,string,False,0..1,per_object_definition,,,blank allowed,LocalResponseData.metadata,"{""data_nature"":""SYNTHETIC_NUMERICAL_CONSISTENCY_CASE"",""engineering_claim_allowed"":false,""schema_version"":""V2.5"",""schema_revision"":""MULTI_PART_SERIAL_PARALLEL_2026-07""}"
parameter_library/parameter_estimate.csv,ParameterEstimate,parameter_estimate_id,string,True,1,per_object_definition,,primary or foreign key,blocking if required,ParameterEstimate.parameter_estimate_id,PEST_AB
parameter_library/parameter_estimate.csv,ParameterEstimate,parameter_names,string,False,0..1,per_object_definition,,,blank allowed,ParameterEstimate.parameter_names,Cn
parameter_library/parameter_estimate.csv,ParameterEstimate,estimated_values,string,False,0..1,per_object_definition,,,blank allowed,ParameterEstimate.estimated_values,"[0.00012,0.00012,0.00012]"
parameter_library/parameter_estimate.csv,ParameterEstimate,covariance_or_confidence_intervals,string,False,0..1,per_object_definition,,,blank allowed,ParameterEstimate.covariance_or_confidence_intervals,
parameter_library/parameter_estimate.csv,ParameterEstimate,correlation_matrix_optional,string,False,0..1,per_object_definition,,,blank allowed,ParameterEstimate.correlation_matrix_optional,
parameter_library/parameter_estimate.csv,ParameterEstimate,objective_value,string,False,0..1,per_object_definition,,,blank allowed,ParameterEstimate.objective_value,0.0
parameter_library/parameter_estimate.csv,ParameterEstimate,residual_statistics,string,False,0..1,per_object_definition,,,blank allowed,ParameterEstimate.residual_statistics,"{""rmse"":0.0}"
parameter_library/parameter_estimate.csv,ParameterEstimate,identifiability_metrics,string,False,0..1,per_object_definition,,,blank allowed,ParameterEstimate.identifiability_metrics,"{""rank"":3}"
parameter_library/parameter_estimate.csv,ParameterEstimate,active_bounds,string,False,0..1,per_object_definition,,,blank allowed,ParameterEstimate.active_bounds,[]
parameter_library/parameter_estimate.csv,ParameterEstimate,validity_range,string,False,0..1,per_object_definition,,,blank allowed,ParameterEstimate.validity_range,VD_MULTIPART
parameter_library/parameter_estimate.csv,ParameterEstimate,used_sample_ids,string,False,0..1,per_object_definition,,,blank allowed,ParameterEstimate.used_sample_ids,SAMPLE_001
parameter_library/parameter_estimate.csv,ParameterEstimate,source_local_response_data_ids,string,False,0..1,per_object_definition,,,blank allowed,ParameterEstimate.source_local_response_data_ids,LRD_AB
parameter_library/parameter_estimate.csv,ParameterEstimate,source_boundary_inheritance_ids,string,False,0..1,per_object_definition,,,blank allowed,ParameterEstimate.source_boundary_inheritance_ids,BIR_AB
parameter_library/parameter_estimate.csv,ParameterEstimate,decomposition_result_ids,string,False,0..1,per_object_definition,,,blank allowed,ParameterEstimate.decomposition_result_ids,DDR_AB
parameter_library/parameter_estimate.csv,ParameterEstimate,estimated_Cn_local,string,False,0..1,per_object_definition,,,blank allowed,ParameterEstimate.estimated_Cn_local,"[0.00012,0.00012,0.00012]"
parameter_library/parameter_estimate.csv,ParameterEstimate,estimated_Ct_optional,string,False,0..1,per_object_definition,,,blank allowed,ParameterEstimate.estimated_Ct_optional,[]
parameter_library/parameter_estimate.csv,ParameterEstimate,estimated_mu_optional,string,False,0..1,per_object_definition,,,blank allowed,ParameterEstimate.estimated_mu_optional,[]
parameter_library/parameter_estimate.csv,ParameterEstimate,estimated_beta_r_optional,string,False,0..1,per_object_definition,,,blank allowed,ParameterEstimate.estimated_beta_r_optional,[]
parameter_library/parameter_estimate.csv,ParameterEstimate,load_segment_breakpoints_optional,string,False,0..1,per_object_definition,,,blank allowed,ParameterEstimate.load_segment_breakpoints_optional,[]
parameter_library/parameter_estimate.csv,ParameterEstimate,posterior_covariance,string,False,0..1,per_object_definition,,,blank allowed,ParameterEstimate.posterior_covariance,
parameter_library/parameter_estimate.csv,ParameterEstimate,parameter_correlation_matrix,string,False,0..1,per_object_definition,,,blank allowed,ParameterEstimate.parameter_correlation_matrix,
parameter_library/parameter_estimate.csv,ParameterEstimate,validity_domain_id,string,True,1,per_object_definition,,primary or foreign key,blocking if required,ParameterEstimate.validity_domain_id,VD_MULTIPART
parameter_library/parameter_estimate.csv,ParameterEstimate,quality_flag,string,False,0..1,per_object_definition,,,blank allowed,ParameterEstimate.quality_flag,PASS
parameter_library/parameter_estimate.csv,ParameterEstimate,metadata,string,False,0..1,per_object_definition,,,blank allowed,ParameterEstimate.metadata,"{""data_nature"":""SYNTHETIC_NUMERICAL_CONSISTENCY_CASE"",""engineering_claim_allowed"":false,""schema_version"":""V2.5"",""schema_revision"":""MULTI_PART_SERIAL_PARALLEL_2026-07""}"
parameter_library/parameter_library.csv,ParameterLibrary,parameter_library_id,string,True,1,per_object_definition,,primary or foreign key,blocking if required,ParameterLibrary.parameter_library_id,PLIB_MULTIPART
parameter_library/parameter_library.csv,ParameterLibrary,interface_parameter_ids,string,False,0..1,per_object_definition,,,blank allowed,ParameterLibrary.interface_parameter_ids,IPAR_AB;IPAR_BC;IPAR_AD;IPAR_BD
parameter_library/parameter_library.csv,ParameterLibrary,contact_mode_library_id,string,True,1,per_object_definition,,primary or foreign key,blocking if required,ParameterLibrary.contact_mode_library_id,MODE_LOCATE_01;MODE_CLAMP_02;MODE_JOIN_03;MODE_RELEASE_04
parameter_library/parameter_library.csv,ParameterLibrary,local_model_ids,string,False,0..1,per_object_definition,,,blank allowed,ParameterLibrary.local_model_ids,LOCAL_MODEL_AB;LOCAL_MODEL_BC;LOCAL_MODEL_AD;LOCAL_MODEL_BD
parameter_library/parameter_library.csv,ParameterLibrary,local_region_ids,string,False,0..1,per_object_definition,,,blank allowed,ParameterLibrary.local_region_ids,LR_AB;LR_BC;LR_AD;LR_BD
parameter_library/parameter_library.csv,ParameterLibrary,boundary_inheritance_ids,string,False,0..1,per_object_definition,,,blank allowed,ParameterLibrary.boundary_inheritance_ids,BIR_AB;BIR_BC;BIR_AD;BIR_BD
parameter_library/parameter_library.csv,ParameterLibrary,specimen_ids,string,False,0..1,per_object_definition,,,blank allowed,ParameterLibrary.specimen_ids,SPEC_AB;SPEC_BC;SPEC_AD;SPEC_BD
parameter_library/parameter_library.csv,ParameterLibrary,loading_path_ids,string,False,0..1,per_object_definition,,,blank allowed,ParameterLibrary.loading_path_ids,LOADPATH_AB;LOADPATH_BC;LOADPATH_AD;LOADPATH_BD
parameter_library/parameter_library.csv,ParameterLibrary,compliance_separation_report_ids,string,False,0..1,per_object_definition,,,blank allowed,ParameterLibrary.compliance_separation_report_ids,CSR_AB;CSR_BC;CSR_AD;CSR_BD
parameter_library/parameter_library.csv,ParameterLibrary,indexing_variables,string,False,0..1,per_object_definition,,,blank allowed,ParameterLibrary.indexing_variables,interface;stage;contact_mode
parameter_library/parameter_library.csv,ParameterLibrary,interpolation_rules,string,False,0..1,per_object_definition,,,blank allowed,ParameterLibrary.interpolation_rules,none_for_fixture
parameter_library/parameter_library.csv,ParameterLibrary,validity_domains,string,False,0..1,per_object_definition,,,blank allowed,ParameterLibrary.validity_domains,VD_MULTIPART
parameter_library/parameter_library.csv,ParameterLibrary,out_of_domain_rule,string,False,0..1,per_object_definition,,,blank allowed,ParameterLibrary.out_of_domain_rule,reject_prediction
parameter_library/parameter_library.csv,ParameterLibrary,source_high_fidelity_case_ids,string,False,0..1,per_object_definition,,,blank allowed,ParameterLibrary.source_high_fidelity_case_ids,SYNTHETIC_ORACLE
parameter_library/parameter_library.csv,ParameterLibrary,source_experiment_ids,string,False,0..1,per_object_definition,,,blank allowed,ParameterLibrary.source_experiment_ids,
parameter_library/parameter_library.csv,ParameterLibrary,library_quality_summary,string,False,0..1,per_object_definition,,,blank allowed,ParameterLibrary.library_quality_summary,PASS_SYNTHETIC
parameter_library/parameter_library.csv,ParameterLibrary,metadata,string,False,0..1,per_object_definition,,,blank allowed,ParameterLibrary.metadata,"{""data_nature"":""SYNTHETIC_NUMERICAL_CONSISTENCY_CASE"",""engineering_claim_allowed"":false,""schema_version"":""V2.5"",""schema_revision"":""MULTI_PART_SERIAL_PARALLEL_2026-07""}"
parameter_library/validity_domain.csv,ValidityDomain,validity_domain_id,string,True,1,per_object_definition,,primary or foreign key,blocking if required,ValidityDomain.validity_domain_id,VD_MULTIPART
parameter_library/validity_domain.csv,ValidityDomain,material_range,string,False,0..1,per_object_definition,,,blank allowed,ValidityDomain.material_range,synthetic CFRP/Metal
parameter_library/validity_domain.csv,ValidityDomain,layup_or_thickness_range,string,False,0..1,per_object_definition,,,blank allowed,ValidityDomain.layup_or_thickness_range,fixture definitions only
parameter_library/validity_domain.csv,ValidityDomain,surface_state_range,string,False,0..1,per_object_definition,,,blank allowed,ValidityDomain.surface_state_range,synthetic smooth
parameter_library/validity_domain.csv,ValidityDomain,normal_pressure_range,string,False,0..1,per_object_definition,,,blank allowed,ValidityDomain.normal_pressure_range,"[0,0.05] N/mm2"
parameter_library/validity_domain.csv,ValidityDomain,tangential_load_range_optional,string,False,0..1,per_object_definition,,,blank allowed,ValidityDomain.tangential_load_range_optional,none
parameter_library/validity_domain.csv,ValidityDomain,preload_range_optional,string,False,0..1,per_object_definition,,,blank allowed,ValidityDomain.preload_range_optional,"[0,15] N"
parameter_library/validity_domain.csv,ValidityDomain,temperature_range_optional,string,False,0..1,per_object_definition,,,blank allowed,ValidityDomain.temperature_range_optional,"[20,20] C"
parameter_library/validity_domain.csv,ValidityDomain,contact_mode_range,string,False,0..1,per_object_definition,,,blank allowed,ValidityDomain.contact_mode_range,modes in this package
parameter_library/validity_domain.csv,ValidityDomain,boundary_method_range,string,False,0..1,per_object_definition,,,blank allowed,ValidityDomain.boundary_method_range,global condensed/impedance
parameter_library/validity_domain.csv,ValidityDomain,loading_path_range,string,False,0..1,per_object_definition,,,blank allowed,ValidityDomain.loading_path_range,LOCATE-CLAMP-JOIN-RELEASE
parameter_library/validity_domain.csv,ValidityDomain,geometry_scale_range,string,False,0..1,per_object_definition,,,blank allowed,ValidityDomain.geometry_scale_range,12 contact points
parameter_library/validity_domain.csv,ValidityDomain,metadata,string,False,0..1,per_object_definition,,,blank allowed,ValidityDomain.metadata,"{""data_nature"":""SYNTHETIC_NUMERICAL_CONSISTENCY_CASE"",""engineering_claim_allowed"":false,""schema_version"":""V2.5"",""schema_revision"":""MULTI_PART_SERIAL_PARALLEL_2026-07""}"
prediction/contribution_record.csv,ContributionRecord,contribution_id,string,True,1,per_object_definition,,primary or foreign key,blocking if required,ContributionRecord.contribution_id,CONTR_SMS_PANEL
prediction/contribution_record.csv,ContributionRecord,sample_id,string,True,1,per_object_definition,,primary or foreign key,blocking if required,ContributionRecord.sample_id,SAMPLE_001
prediction/contribution_record.csv,ContributionRecord,target_kcp_id,string,True,1,per_object_definition,,primary or foreign key,blocking if required,ContributionRecord.target_kcp_id,KCP_END_GAP;KCP_STEP_AB;KCP_PARALLEL_BALANCE
prediction/contribution_record.csv,ContributionRecord,source_class,string,False,0..1,per_object_definition,,,blank allowed,ContributionRecord.source_class,SMS
prediction/contribution_record.csv,ContributionRecord,source_id,string,True,1,per_object_definition,,primary or foreign key,blocking if required,ContributionRecord.source_id,SMS_TRANSFER_PANEL
prediction/contribution_record.csv,ContributionRecord,origin_stage_id_optional,string,False,0..1,per_object_definition,,,blank allowed,ContributionRecord.origin_stage_id_optional,S_CLAMP_02
prediction/contribution_record.csv,ContributionRecord,reference_state_id,string,True,1,per_object_definition,,primary or foreign key,blocking if required,ContributionRecord.reference_state_id,REF_NOMINAL
prediction/contribution_record.csv,ContributionRecord,increment_definition_id,string,True,1,per_object_definition,,primary or foreign key,blocking if required,ContributionRecord.increment_definition_id,INC_SMS_ABSOLUTE
prediction/contribution_record.csv,ContributionRecord,absolute_or_increment,string,False,0..1,per_object_definition,,,blank allowed,ContributionRecord.absolute_or_increment,absolute
prediction/contribution_record.csv,ContributionRecord,included_deformation_source_ids,string,False,0..1,per_object_definition,,,blank allowed,ContributionRecord.included_deformation_source_ids,SYNTHETIC_PANEL_SMS
prediction/contribution_record.csv,ContributionRecord,excluded_deformation_source_ids,string,False,0..1,per_object_definition,,,blank allowed,ContributionRecord.excluded_deformation_source_ids,GRAVITY_M;FIXTURE_M;LOCAL_CONTACT_M
prediction/contribution_record.csv,ContributionRecord,contribution_vector,string,False,0..1,per_object_definition,,,blank allowed,ContributionRecord.contribution_vector,"[0.002,-0.003,0.001]"
prediction/contribution_record.csv,ContributionRecord,covariance_optional,string,False,0..1,per_object_definition,,,blank allowed,ContributionRecord.covariance_optional,
prediction/contribution_record.csv,ContributionRecord,consumed_by_prediction_id,string,True,1,per_object_definition,,primary or foreign key,blocking if required,ContributionRecord.consumed_by_prediction_id,PRED_MULTIPART
prediction/contribution_record.csv,ContributionRecord,quality_flag,string,False,0..1,per_object_definition,,,blank allowed,ContributionRecord.quality_flag,PASS
prediction/contribution_record.csv,ContributionRecord,metadata,string,False,0..1,per_object_definition,,,blank allowed,ContributionRecord.metadata,"{""data_nature"":""SYNTHETIC_NUMERICAL_CONSISTENCY_CASE"",""engineering_claim_allowed"":false,""schema_version"":""V2.5"",""schema_revision"":""MULTI_PART_SERIAL_PARALLEL_2026-07""}"
prediction/deformation_contribution_ledger.csv,DeformationContributionLedger,contribution_ledger_id,string,True,1,per_object_definition,,primary or foreign key,blocking if required,DeformationContributionLedger.contribution_ledger_id,LEDGER_MULTIPART
prediction/deformation_contribution_ledger.csv,DeformationContributionLedger,sample_id,string,True,1,per_object_definition,,primary or foreign key,blocking if required,DeformationContributionLedger.sample_id,SAMPLE_001
prediction/deformation_contribution_ledger.csv,DeformationContributionLedger,contribution_record_ids,string,False,0..1,per_object_definition,,,blank allowed,DeformationContributionLedger.contribution_record_ids,CONTR_SMS_PANEL;CONTR_SMS_RIB;CONTR_SMS_SPAR;CONTR_SMS_BRACKET;CONTR_CLAMP_02_1;CONTR_CLAMP_02_2;CONTR_CLAMP_02_3;CONTR_CLAMP_02_4;CONTR_JOIN_03_1;CONTR_JOIN_03_2;CONTR_JOIN_03_3;CONTR_JOIN_03_4;CONTR_RELEASE_04_1;CONTR_RELEASE_04_2;CONTR_RELEASE_04_3;CONTR_RELEASE_04_4
prediction/deformation_contribution_ledger.csv,DeformationContributionLedger,allowed_source_classes,string,False,0..1,per_object_definition,,,blank allowed,DeformationContributionLedger.allowed_source_classes,SMS;STAGE_INCREMENT;PROCESS_ERROR;REBOUND;MEASUREMENT_UNCERTAINTY;OVERCONSTRAINT_REACTION
prediction/deformation_contribution_ledger.csv,DeformationContributionLedger,aggregation_policy,string,False,0..1,per_object_definition,,,blank allowed,DeformationContributionLedger.aggregation_policy,ONE_SMS_PER_PART_PLUS_ONE_INCREMENT_PER_INTERFACE_STAGE
prediction/deformation_contribution_ledger.csv,DeformationContributionLedger,unique_source_key_rule,string,False,0..1,per_object_definition,,,blank allowed,DeformationContributionLedger.unique_source_key_rule,sample_id+source_class+source_id+origin_stage_id+increment_definition_id
prediction/deformation_contribution_ledger.csv,DeformationContributionLedger,parent_ledger_id_optional,string,False,0..1,per_object_definition,,,blank allowed,DeformationContributionLedger.parent_ledger_id_optional,
prediction/deformation_contribution_ledger.csv,DeformationContributionLedger,ledger_hash,string,False,0..1,per_object_definition,,,blank allowed,DeformationContributionLedger.ledger_hash,208dbf555caca87454870f95543e8d8dbe0a051eb4917673f18dde2b31045acd
prediction/deformation_contribution_ledger.csv,DeformationContributionLedger,quality_flag,string,False,0..1,per_object_definition,,,blank allowed,DeformationContributionLedger.quality_flag,PASS
prediction/deformation_contribution_ledger.csv,DeformationContributionLedger,metadata,string,False,0..1,per_object_definition,,,blank allowed,DeformationContributionLedger.metadata,"{""data_nature"":""SYNTHETIC_NUMERICAL_CONSISTENCY_CASE"",""engineering_claim_allowed"":false,""schema_version"":""V2.5"",""schema_revision"":""MULTI_PART_SERIAL_PARALLEL_2026-07""}"
prediction/double_count_check_result.csv,DoubleCountCheckResult,double_count_check_id,string,True,1,per_object_definition,,primary or foreign key,blocking if required,DoubleCountCheckResult.double_count_check_id,DCC_MULTIPART
prediction/double_count_check_result.csv,DoubleCountCheckResult,contribution_ledger_id,string,True,1,per_object_definition,,primary or foreign key,blocking if required,DoubleCountCheckResult.contribution_ledger_id,LEDGER_MULTIPART
prediction/double_count_check_result.csv,DoubleCountCheckResult,duplicate_source_ids,string,False,0..1,per_object_definition,,,blank allowed,DoubleCountCheckResult.duplicate_source_ids,
prediction/double_count_check_result.csv,DoubleCountCheckResult,reference_state_conflicts,string,False,0..1,per_object_definition,,,blank allowed,DoubleCountCheckResult.reference_state_conflicts,
prediction/double_count_check_result.csv,DoubleCountCheckResult,absolute_increment_conflicts,string,False,0..1,per_object_definition,,,blank allowed,DoubleCountCheckResult.absolute_increment_conflicts,
prediction/double_count_check_result.csv,DoubleCountCheckResult,included_excluded_overlap,string,False,0..1,per_object_definition,,,blank allowed,DoubleCountCheckResult.included_excluded_overlap,
prediction/double_count_check_result.csv,DoubleCountCheckResult,check_rules_version,string,False,0..1,per_object_definition,,,blank allowed,DoubleCountCheckResult.check_rules_version,V2.5_MULTIPART
prediction/double_count_check_result.csv,DoubleCountCheckResult,pass_warn_fail,string,False,0..1,per_object_definition,,,blank allowed,DoubleCountCheckResult.pass_warn_fail,PASS
prediction/double_count_check_result.csv,DoubleCountCheckResult,required_action,string,False,0..1,per_object_definition,,,blank allowed,DoubleCountCheckResult.required_action,NONE
prediction/double_count_check_result.csv,DoubleCountCheckResult,metadata,string,False,0..1,per_object_definition,,,blank allowed,DoubleCountCheckResult.metadata,"{""data_nature"":""SYNTHETIC_NUMERICAL_CONSISTENCY_CASE"",""engineering_claim_allowed"":false,""schema_version"":""V2.5"",""schema_revision"":""MULTI_PART_SERIAL_PARALLEL_2026-07""}"
prediction/equivalent_error_item.csv,EquivalentErrorItem,equivalent_error_id,string,True,1,per_object_definition,,primary or foreign key,blocking if required,EquivalentErrorItem.equivalent_error_id,EEI_1_RELEASE
prediction/equivalent_error_item.csv,EquivalentErrorItem,interface_id,string,True,1,per_object_definition,,primary or foreign key,blocking if required,EquivalentErrorItem.interface_id,G_AB
prediction/equivalent_error_item.csv,EquivalentErrorItem,stage_id,string,True,1,per_object_definition,,primary or foreign key,blocking if required,EquivalentErrorItem.stage_id,S_RELEASE_04
prediction/equivalent_error_item.csv,EquivalentErrorItem,contact_mode_id,string,True,1,per_object_definition,,primary or foreign key,blocking if required,EquivalentErrorItem.contact_mode_id,MODE_RELEASE_04
prediction/equivalent_error_item.csv,EquivalentErrorItem,error_vector,string,False,0..1,per_object_definition,,,blank allowed,EquivalentErrorItem.error_vector,"[0.0010911862,0.0034898384,0.0029889227]"
prediction/equivalent_error_item.csv,EquivalentErrorItem,normal_compression_contribution,string,False,0..1,per_object_definition,,,blank allowed,EquivalentErrorItem.normal_compression_contribution,"[0.0010911862,0.0,0.0]"
prediction/equivalent_error_item.csv,EquivalentErrorItem,tangential_slip_contribution_optional,string,False,0..1,per_object_definition,,,blank allowed,EquivalentErrorItem.tangential_slip_contribution_optional,[]
prediction/equivalent_error_item.csv,EquivalentErrorItem,rebound_contribution_optional,string,False,0..1,per_object_definition,,,blank allowed,EquivalentErrorItem.rebound_contribution_optional,"[0.0,0.0034898384,0.0029889227]"
prediction/equivalent_error_item.csv,EquivalentErrorItem,Rn_id,string,True,1,per_object_definition,,primary or foreign key,blocking if required,EquivalentErrorItem.Rn_id,RN_1
prediction/equivalent_error_item.csv,EquivalentErrorItem,Rt_id_optional,string,False,0..1,per_object_definition,,,blank allowed,EquivalentErrorItem.Rt_id_optional,
prediction/equivalent_error_item.csv,EquivalentErrorItem,Rr_id_optional,string,False,0..1,per_object_definition,,,blank allowed,EquivalentErrorItem.Rr_id_optional,RR_1
prediction/equivalent_error_item.csv,EquivalentErrorItem,covariance_optional,string,False,0..1,per_object_definition,,,blank allowed,EquivalentErrorItem.covariance_optional,
prediction/equivalent_error_item.csv,EquivalentErrorItem,reference_state_id,string,True,1,per_object_definition,,primary or foreign key,blocking if required,EquivalentErrorItem.reference_state_id,REF_NOMINAL
prediction/equivalent_error_item.csv,EquivalentErrorItem,increment_definition_id,string,True,1,per_object_definition,,primary or foreign key,blocking if required,EquivalentErrorItem.increment_definition_id,INC_INTERFACE_RELEASE
prediction/equivalent_error_item.csv,EquivalentErrorItem,source_state_ids,string,False,0..1,per_object_definition,,,blank allowed,EquivalentErrorItem.source_state_ids,IF_STATE_1_RELEASE_04
prediction/equivalent_error_item.csv,EquivalentErrorItem,quality_flag,string,False,0..1,per_object_definition,,,blank allowed,EquivalentErrorItem.quality_flag,PASS
prediction/equivalent_error_item.csv,EquivalentErrorItem,metadata,string,False,0..1,per_object_definition,,,blank allowed,EquivalentErrorItem.metadata,"{""data_nature"":""SYNTHETIC_NUMERICAL_CONSISTENCY_CASE"",""engineering_claim_allowed"":false,""schema_version"":""V2.5"",""schema_revision"":""MULTI_PART_SERIAL_PARALLEL_2026-07""}"
prediction/jt_transfer_model.csv,JtTransferModel,jt_model_id,string,True,1,per_object_definition,,primary or foreign key,blocking if required,JtTransferModel.jt_model_id,JT_MULTIPART
prediction/jt_transfer_model.csv,JtTransferModel,kcp_ids,string,False,0..1,per_object_definition,,,blank allowed,JtTransferModel.kcp_ids,KCP_END_GAP;KCP_STEP_AB;KCP_PARALLEL_BALANCE
prediction/jt_transfer_model.csv,JtTransferModel,part_pose_source_ids,string,False,0..1,per_object_definition,,,blank allowed,JtTransferModel.part_pose_source_ids,PART_STATE_PANEL_RELEASE_04;PART_STATE_RIB_RELEASE_04;PART_STATE_SPAR_RELEASE_04;PART_STATE_BRACKET_RELEASE_04
prediction/jt_transfer_model.csv,JtTransferModel,interface_error_source_ids,string,False,0..1,per_object_definition,,,blank allowed,JtTransferModel.interface_error_source_ids,EEI_1_RELEASE;EEI_2_RELEASE;EEI_3_RELEASE;EEI_4_RELEASE
prediction/jt_transfer_model.csv,JtTransferModel,J_part_matrices,string,False,0..1,per_object_definition,,,blank allowed,JtTransferModel.J_part_matrices,J_PART_ALL
prediction/jt_transfer_model.csv,JtTransferModel,J_interface_matrices,string,False,0..1,per_object_definition,,,blank allowed,JtTransferModel.J_interface_matrices,J_INTERFACE_ALL
prediction/jt_transfer_model.csv,JtTransferModel,J_process_matrix,string,False,0..1,per_object_definition,,,blank allowed,JtTransferModel.J_process_matrix,J_PROCESS_ALL
prediction/jt_transfer_model.csv,JtTransferModel,linearization_state,string,False,0..1,per_object_definition,,,blank allowed,JtTransferModel.linearization_state,REF_NOMINAL
prediction/jt_transfer_model.csv,JtTransferModel,validity_range,string,False,0..1,per_object_definition,,,blank allowed,JtTransferModel.validity_range,VD_MULTIPART
prediction/jt_transfer_model.csv,JtTransferModel,metadata,string,False,0..1,per_object_definition,,,blank allowed,JtTransferModel.metadata,"{""data_nature"":""SYNTHETIC_NUMERICAL_CONSISTENCY_CASE"",""engineering_claim_allowed"":false,""schema_version"":""V2.5"",""schema_revision"":""MULTI_PART_SERIAL_PARALLEL_2026-07""}"
prediction/kcp_prediction_result.csv,KcpPredictionResult,prediction_result_id,string,True,1,per_object_definition,,primary or foreign key,blocking if required,KcpPredictionResult.prediction_result_id,PRED_MULTIPART
prediction/kcp_prediction_result.csv,KcpPredictionResult,prediction_input_id,string,True,1,per_object_definition,,primary or foreign key,blocking if required,KcpPredictionResult.prediction_input_id,INPUT_MULTIPART
prediction/kcp_prediction_result.csv,KcpPredictionResult,kcp_ids,string,False,0..1,per_object_definition,,,blank allowed,KcpPredictionResult.kcp_ids,KCP_END_GAP;KCP_STEP_AB;KCP_PARALLEL_BALANCE
prediction/kcp_prediction_result.csv,KcpPredictionResult,predicted_values,string,False,0..1,per_object_definition,,,blank allowed,KcpPredictionResult.predicted_values,"[0.0092070493,0.000454407,0.0018970489]"
prediction/kcp_prediction_result.csv,KcpPredictionResult,nominal_values,string,False,0..1,per_object_definition,,,blank allowed,KcpPredictionResult.nominal_values,"[0.0,0.0,0.0]"
prediction/kcp_prediction_result.csv,KcpPredictionResult,tolerance_status,string,False,0..1,per_object_definition,,,blank allowed,KcpPredictionResult.tolerance_status,PASS
prediction/kcp_prediction_result.csv,KcpPredictionResult,sms_contribution,string,False,0..1,per_object_definition,,,blank allowed,KcpPredictionResult.sms_contribution,"[0.009,0.001,0.002]"
prediction/kcp_prediction_result.csv,KcpPredictionResult,contact_contribution,string,False,0..1,per_object_definition,,,blank allowed,KcpPredictionResult.contact_contribution,"[0.0002070493,-0.000545593,-0.0001029511]"
prediction/kcp_prediction_result.csv,KcpPredictionResult,slip_contribution_optional,string,False,0..1,per_object_definition,,,blank allowed,KcpPredictionResult.slip_contribution_optional,[]
prediction/kcp_prediction_result.csv,KcpPredictionResult,rebound_contribution,string,False,0..1,per_object_definition,,,blank allowed,KcpPredictionResult.rebound_contribution,"[0.0,0.0,0.0]"
prediction/kcp_prediction_result.csv,KcpPredictionResult,process_contribution,string,False,0..1,per_object_definition,,,blank allowed,KcpPredictionResult.process_contribution,"[0.0,0.0,0.0]"
prediction/kcp_prediction_result.csv,KcpPredictionResult,measurement_uncertainty_contribution_optional,string,False,0..1,per_object_definition,,,blank allowed,KcpPredictionResult.measurement_uncertainty_contribution_optional,[]
prediction/kcp_prediction_result.csv,KcpPredictionResult,contribution_reference_state_ids,string,False,0..1,per_object_definition,,,blank allowed,KcpPredictionResult.contribution_reference_state_ids,REF_NOMINAL
prediction/kcp_prediction_result.csv,KcpPredictionResult,contact_mode_ids,string,False,0..1,per_object_definition,,,blank allowed,KcpPredictionResult.contact_mode_ids,MODE_LOCATE_01;MODE_CLAMP_02;MODE_JOIN_03;MODE_RELEASE_04
prediction/kcp_prediction_result.csv,KcpPredictionResult,out_of_domain_flags,string,False,0..1,per_object_definition,,,blank allowed,KcpPredictionResult.out_of_domain_flags,[]
prediction/kcp_prediction_result.csv,KcpPredictionResult,runtime_breakdown,string,False,0..1,per_object_definition,,,blank allowed,KcpPredictionResult.runtime_breakdown,"{""case"":""synthetic_fixture""}"
prediction/kcp_prediction_result.csv,KcpPredictionResult,convergence_summary,string,False,0..1,per_object_definition,,,blank allowed,KcpPredictionResult.convergence_summary,ALL_4_STAGES_CONVERGED
prediction/kcp_prediction_result.csv,KcpPredictionResult,contribution_ledger_id,string,True,1,per_object_definition,,primary or foreign key,blocking if required,KcpPredictionResult.contribution_ledger_id,LEDGER_MULTIPART
prediction/kcp_prediction_result.csv,KcpPredictionResult,double_count_check_result_id,string,True,1,per_object_definition,,primary or foreign key,blocking if required,KcpPredictionResult.double_count_check_result_id,DCC_MULTIPART
prediction/kcp_prediction_result.csv,KcpPredictionResult,aggregation_policy,string,False,0..1,per_object_definition,,,blank allowed,KcpPredictionResult.aggregation_policy,ONE_SMS_PER_PART_PLUS_ONE_INCREMENT_PER_INTERFACE_STAGE
prediction/kcp_prediction_result.csv,KcpPredictionResult,source_consumption_summary,string,False,0..1,per_object_definition,,,blank allowed,KcpPredictionResult.source_consumption_summary,"{""sms_records"":4,""interface_stage_increment_records"":12}"
prediction/kcp_prediction_result.csv,KcpPredictionResult,reference_state_consistency_flag,string,False,0..1,per_object_definition,,,blank allowed,KcpPredictionResult.reference_state_consistency_flag,PASS
prediction/kcp_prediction_result.csv,KcpPredictionResult,quality_flag,string,False,0..1,per_object_definition,,,blank allowed,KcpPredictionResult.quality_flag,PASS
prediction/kcp_prediction_result.csv,KcpPredictionResult,metadata,string,False,0..1,per_object_definition,,,blank allowed,KcpPredictionResult.metadata,"{""data_nature"":""SYNTHETIC_NUMERICAL_CONSISTENCY_CASE"",""engineering_claim_allowed"":false,""schema_version"":""V2.5"",""schema_revision"":""MULTI_PART_SERIAL_PARALLEL_2026-07""}"
sms_update/sms_basis.csv,SmsBasis,basis_id,string,True,1,per_object_definition,,primary or foreign key,blocking if required,SmsBasis.basis_id,SMS_BASIS_PANEL
sms_update/sms_basis.csv,SmsBasis,part_id,string,True,1,per_object_definition,,primary or foreign key,blocking if required,SmsBasis.part_id,P_A
sms_update/sms_basis.csv,SmsBasis,basis_type,string,False,0..1,per_object_definition,,,blank allowed,SmsBasis.basis_type,synthetic_single_normal_mode
sms_update/sms_basis.csv,SmsBasis,N_matrix_id,string,True,1,per_object_definition,,primary or foreign key,blocking if required,SmsBasis.N_matrix_id,SMS_BASIS_PANEL
sms_update/sms_basis.csv,SmsBasis,mode_names,string,False,0..1,per_object_definition,,,blank allowed,SmsBasis.mode_names,MODE_NORMAL_1
sms_update/sms_basis.csv,SmsBasis,mode_units,string,False,0..1,per_object_definition,,,blank allowed,SmsBasis.mode_units,mm
sms_update/sms_basis.csv,SmsBasis,orthogonality_info,string,False,0..1,per_object_definition,,,blank allowed,SmsBasis.orthogonality_info,single_mode
sms_update/sms_basis.csv,SmsBasis,training_sample_ids,string,False,0..1,per_object_definition,,,blank allowed,SmsBasis.training_sample_ids,SYNTHETIC_SEED
sms_update/sms_basis.csv,SmsBasis,retained_energy_ratio_optional,string,False,0..1,per_object_definition,,,blank allowed,SmsBasis.retained_energy_ratio_optional,1.0
sms_update/sms_basis.csv,SmsBasis,boundary_constraints,string,False,0..1,per_object_definition,,,blank allowed,SmsBasis.boundary_constraints,FREE_REFERENCE
sms_update/sms_basis.csv,SmsBasis,observable_kcm_ids,string,False,0..1,per_object_definition,,,blank allowed,SmsBasis.observable_kcm_ids,KCM_PANEL_PROFILE
sms_update/sms_basis.csv,SmsBasis,metadata,string,False,0..1,per_object_definition,,,blank allowed,SmsBasis.metadata,"{""data_nature"":""SYNTHETIC_NUMERICAL_CONSISTENCY_CASE"",""engineering_claim_allowed"":false,""schema_version"":""V2.5"",""schema_revision"":""MULTI_PART_SERIAL_PARALLEL_2026-07""}"
sms_update/sms_field.csv,SmsField,sms_field_id,string,True,1,per_object_definition,,primary or foreign key,blocking if required,SmsField.sms_field_id,SMS_FIELD_PANEL
sms_update/sms_field.csv,SmsField,part_id,string,True,1,per_object_definition,,primary or foreign key,blocking if required,SmsField.part_id,P_A
sms_update/sms_field.csv,SmsField,representation_type,string,False,0..1,per_object_definition,,,blank allowed,SmsField.representation_type,modal
sms_update/sms_field.csv,SmsField,reference_nominal_model_id,string,True,1,per_object_definition,,primary or foreign key,blocking if required,SmsField.reference_nominal_model_id,NM_MULTIPART
sms_update/sms_field.csv,SmsField,coordinate_system_id,string,True,1,per_object_definition,,primary or foreign key,blocking if required,SmsField.coordinate_system_id,CS_ASSEMBLY
sms_update/sms_field.csv,SmsField,value_location_type,string,False,0..1,per_object_definition,,,blank allowed,SmsField.value_location_type,contact_support_points
sms_update/sms_field.csv,SmsField,values,string,False,0..1,per_object_definition,,,blank allowed,SmsField.values,"[0.005,-0.002,0.003]"
sms_update/sms_field.csv,SmsField,direction_type,string,False,0..1,per_object_definition,,,blank allowed,SmsField.direction_type,surface_normal
sms_update/sms_field.csv,SmsField,basis_id_optional,string,False,0..1,per_object_definition,,,blank allowed,SmsField.basis_id_optional,SMS_BASIS_PANEL
sms_update/sms_field.csv,SmsField,alpha_optional,string,False,0..1,per_object_definition,,,blank allowed,SmsField.alpha_optional,[0.005]
sms_update/sms_field.csv,SmsField,covariance_optional,string,False,0..1,per_object_definition,,,blank allowed,SmsField.covariance_optional,COV_SMS_PANEL
sms_update/sms_field.csv,SmsField,support_state,string,False,0..1,per_object_definition,,,blank allowed,SmsField.support_state,FREE
sms_update/sms_field.csv,SmsField,gravity_compensation_state,string,False,0..1,per_object_definition,,,blank allowed,SmsField.gravity_compensation_state,COMPENSATED
sms_update/sms_field.csv,SmsField,source_measurement_set_id_optional,string,False,0..1,per_object_definition,,,blank allowed,SmsField.source_measurement_set_id_optional,SYNTHETIC_SEED
sms_update/sms_field.csv,SmsField,reconstruction_error,string,False,0..1,per_object_definition,,,blank allowed,SmsField.reconstruction_error,0.0
sms_update/sms_field.csv,SmsField,valid_region,string,False,0..1,per_object_definition,,,blank allowed,SmsField.valid_region,FIXTURE_ONLY
sms_update/sms_field.csv,SmsField,metadata,string,False,0..1,per_object_definition,,,blank allowed,SmsField.metadata,"{""data_nature"":""SYNTHETIC_NUMERICAL_CONSISTENCY_CASE"",""engineering_claim_allowed"":false,""schema_version"":""V2.5"",""schema_revision"":""MULTI_PART_SERIAL_PARALLEL_2026-07""}"
sms_update/sms_pointcloud_mapping.csv,SmsPointcloudMapping,mapping_id,string,True,1,per_object_definition,,primary or foreign key,blocking if required,SmsPointcloudMapping.mapping_id,SMS_MAP_AB
sms_update/sms_pointcloud_mapping.csv,SmsPointcloudMapping,part_id,string,True,1,per_object_definition,,primary or foreign key,blocking if required,SmsPointcloudMapping.part_id,P_A
sms_update/sms_pointcloud_mapping.csv,SmsPointcloudMapping,sms_field_id,string,True,1,per_object_definition,,primary or foreign key,blocking if required,SmsPointcloudMapping.sms_field_id,SMS_FIELD_PANEL
sms_update/sms_pointcloud_mapping.csv,SmsPointcloudMapping,contact_domain_id,string,True,1,per_object_definition,,primary or foreign key,blocking if required,SmsPointcloudMapping.contact_domain_id,CD_AB
sms_update/sms_pointcloud_mapping.csv,SmsPointcloudMapping,sms_representation_type,string,False,0..1,per_object_definition,,,blank allowed,SmsPointcloudMapping.sms_representation_type,modal
sms_update/sms_pointcloud_mapping.csv,SmsPointcloudMapping,source_point_ids_or_mode_ids,string,False,0..1,per_object_definition,,,blank allowed,SmsPointcloudMapping.source_point_ids_or_mode_ids,MODE_NORMAL_1
sms_update/sms_pointcloud_mapping.csv,SmsPointcloudMapping,target_contact_point_ids,string,False,0..1,per_object_definition,,,blank allowed,SmsPointcloudMapping.target_contact_point_ids,CP_AB_01;CP_AB_02;CP_AB_03
sms_update/sms_pointcloud_mapping.csv,SmsPointcloudMapping,interpolation_method,string,False,0..1,per_object_definition,,,blank allowed,SmsPointcloudMapping.interpolation_method,direct_synthetic_mode
sms_update/sms_pointcloud_mapping.csv,SmsPointcloudMapping,projection_direction_rule,string,False,0..1,per_object_definition,,,blank allowed,SmsPointcloudMapping.projection_direction_rule,contact_normal
sms_update/sms_pointcloud_mapping.csv,SmsPointcloudMapping,G_gap_mapping_id,string,True,1,per_object_definition,,primary or foreign key,blocking if required,SmsPointcloudMapping.G_gap_mapping_id,G_GAP_AB
sms_update/sms_pointcloud_mapping.csv,SmsPointcloudMapping,mapping_residual_statistics,string,False,0..1,per_object_definition,,,blank allowed,SmsPointcloudMapping.mapping_residual_statistics,"{""rmse"":0.0}"
sms_update/sms_pointcloud_mapping.csv,SmsPointcloudMapping,validity_region,string,False,0..1,per_object_definition,,,blank allowed,SmsPointcloudMapping.validity_region,FIXTURE_ONLY
sms_update/sms_pointcloud_mapping.csv,SmsPointcloudMapping,metadata,string,False,0..1,per_object_definition,,,blank allowed,SmsPointcloudMapping.metadata,"{""data_nature"":""SYNTHETIC_NUMERICAL_CONSISTENCY_CASE"",""engineering_claim_allowed"":false,""schema_version"":""V2.5"",""schema_revision"":""MULTI_PART_SERIAL_PARALLEL_2026-07""}"
sms_update/sms_update_config.csv,SmsUpdateConfig,update_config_id,string,True,1,per_object_definition,,primary or foreign key,blocking if required,SmsUpdateConfig.update_config_id,SMS_CFG_PANEL
sms_update/sms_update_config.csv,SmsUpdateConfig,sms_prior_id,string,True,1,per_object_definition,,primary or foreign key,blocking if required,SmsUpdateConfig.sms_prior_id,SMS_PRIOR_PANEL
sms_update/sms_update_config.csv,SmsUpdateConfig,sms_basis_id,string,True,1,per_object_definition,,primary or foreign key,blocking if required,SmsUpdateConfig.sms_basis_id,SMS_BASIS_PANEL
sms_update/sms_update_config.csv,SmsUpdateConfig,kcm_measurement_set_ids,string,False,0..1,per_object_definition,,,blank allowed,SmsUpdateConfig.kcm_measurement_set_ids,MEAS_SET_PANEL
sms_update/sms_update_config.csv,SmsUpdateConfig,H_m_id,string,True,1,per_object_definition,,primary or foreign key,blocking if required,SmsUpdateConfig.H_m_id,H_M_PANEL
sms_update/sms_update_config.csv,SmsUpdateConfig,R_m_id,string,True,1,per_object_definition,,primary or foreign key,blocking if required,SmsUpdateConfig.R_m_id,COV_SMS_PANEL
sms_update/sms_update_config.csv,SmsUpdateConfig,regularization_type,string,False,0..1,per_object_definition,,,blank allowed,SmsUpdateConfig.regularization_type,TIKHONOV
sms_update/sms_update_config.csv,SmsUpdateConfig,regularization_matrix_L,string,False,0..1,per_object_definition,,,blank allowed,SmsUpdateConfig.regularization_matrix_L,IDENTITY
sms_update/sms_update_config.csv,SmsUpdateConfig,lambda_value,string,False,0..1,per_object_definition,,,blank allowed,SmsUpdateConfig.lambda_value,0.0
sms_update/sms_update_config.csv,SmsUpdateConfig,lambda_selection_method,string,False,0..1,per_object_definition,,,blank allowed,SmsUpdateConfig.lambda_selection_method,FIXED_SYNTHETIC
sms_update/sms_update_config.csv,SmsUpdateConfig,constraints_optional,string,False,0..1,per_object_definition,,,blank allowed,SmsUpdateConfig.constraints_optional,
sms_update/sms_update_config.csv,SmsUpdateConfig,solver_name,string,False,0..1,per_object_definition,,,blank allowed,SmsUpdateConfig.solver_name,DIRECT
sms_update/sms_update_config.csv,SmsUpdateConfig,convergence_tolerance,string,False,0..1,per_object_definition,,,blank allowed,SmsUpdateConfig.convergence_tolerance,1e-10
sms_update/sms_update_config.csv,SmsUpdateConfig,data_role_allowed,string,False,0..1,per_object_definition,,,blank allowed,SmsUpdateConfig.data_role_allowed,IDENTIFY
sms_update/sms_update_config.csv,SmsUpdateConfig,measurement_state_snapshot_id,string,True,1,per_object_definition,,primary or foreign key,blocking if required,SmsUpdateConfig.measurement_state_snapshot_id,MEAS_STATE_PANEL
sms_update/sms_update_config.csv,SmsUpdateConfig,compensation_result_id,string,True,1,per_object_definition,,primary or foreign key,blocking if required,SmsUpdateConfig.compensation_result_id,COMP_PANEL
sms_update/sms_update_config.csv,SmsUpdateConfig,target_reference_state_id,string,True,1,per_object_definition,,primary or foreign key,blocking if required,SmsUpdateConfig.target_reference_state_id,REF_NOMINAL
sms_update/sms_update_config.csv,SmsUpdateConfig,allowed_compensation_methods,string,False,0..1,per_object_definition,,,blank allowed,SmsUpdateConfig.allowed_compensation_methods,FE_CORRECTION
sms_update/sms_update_config.csv,SmsUpdateConfig,forbidden_deformation_source_ids,string,False,0..1,per_object_definition,,,blank allowed,SmsUpdateConfig.forbidden_deformation_source_ids,GRAVITY_M;FIXTURE_M;LOCAL_CONTACT_M
sms_update/sms_update_config.csv,SmsUpdateConfig,metadata,string,False,0..1,per_object_definition,,,blank allowed,SmsUpdateConfig.metadata,"{""data_nature"":""SYNTHETIC_NUMERICAL_CONSISTENCY_CASE"",""engineering_claim_allowed"":false,""schema_version"":""V2.5"",""schema_revision"":""MULTI_PART_SERIAL_PARALLEL_2026-07""}"
sms_update/sms_update_result.csv,SmsUpdateResult,update_result_id,string,True,1,per_object_definition,,primary or foreign key,blocking if required,SmsUpdateResult.update_result_id,SMS_UPD_PANEL
sms_update/sms_update_result.csv,SmsUpdateResult,update_config_id,string,True,1,per_object_definition,,primary or foreign key,blocking if required,SmsUpdateResult.update_config_id,SMS_CFG_PANEL
sms_update/sms_update_result.csv,SmsUpdateResult,alpha_prior,string,False,0..1,per_object_definition,,,blank allowed,SmsUpdateResult.alpha_prior,[0.0]
sms_update/sms_update_result.csv,SmsUpdateResult,covariance_prior,string,False,0..1,per_object_definition,,,blank allowed,SmsUpdateResult.covariance_prior,COV_SMS_PANEL
sms_update/sms_update_result.csv,SmsUpdateResult,alpha_posterior,string,False,0..1,per_object_definition,,,blank allowed,SmsUpdateResult.alpha_posterior,[0.005]
sms_update/sms_update_result.csv,SmsUpdateResult,covariance_posterior,string,False,0..1,per_object_definition,,,blank allowed,SmsUpdateResult.covariance_posterior,COV_SMS_PANEL
sms_update/sms_update_result.csv,SmsUpdateResult,reconstructed_sms_field_id,string,True,1,per_object_definition,,primary or foreign key,blocking if required,SmsUpdateResult.reconstructed_sms_field_id,SMS_FIELD_PANEL
sms_update/sms_update_result.csv,SmsUpdateResult,predicted_kcm,string,False,0..1,per_object_definition,,,blank allowed,SmsUpdateResult.predicted_kcm,[0.005]
sms_update/sms_update_result.csv,SmsUpdateResult,residual_kcm,string,False,0..1,per_object_definition,,,blank allowed,SmsUpdateResult.residual_kcm,[0.0]
sms_update/sms_update_result.csv,SmsUpdateResult,weighted_residual_norm,string,False,0..1,per_object_definition,,,blank allowed,SmsUpdateResult.weighted_residual_norm,0.0
sms_update/sms_update_result.csv,SmsUpdateResult,regularization_norm,string,False,0..1,per_object_definition,,,blank allowed,SmsUpdateResult.regularization_norm,0.0
sms_update/sms_update_result.csv,SmsUpdateResult,condition_number,string,False,0..1,per_object_definition,,,blank allowed,SmsUpdateResult.condition_number,1.0
sms_update/sms_update_result.csv,SmsUpdateResult,observability_rank,string,False,0..1,per_object_definition,,,blank allowed,SmsUpdateResult.observability_rank,1
sms_update/sms_update_result.csv,SmsUpdateResult,posterior_variance_reduction,string,False,0..1,per_object_definition,,,blank allowed,SmsUpdateResult.posterior_variance_reduction,0.0
sms_update/sms_update_result.csv,SmsUpdateResult,active_constraints,string,False,0..1,per_object_definition,,,blank allowed,SmsUpdateResult.active_constraints,[]
sms_update/sms_update_result.csv,SmsUpdateResult,reference_state_id,string,True,1,per_object_definition,,primary or foreign key,blocking if required,SmsUpdateResult.reference_state_id,REF_NOMINAL
sms_update/sms_update_result.csv,SmsUpdateResult,compensation_trace_ids,string,False,0..1,per_object_definition,,,blank allowed,SmsUpdateResult.compensation_trace_ids,COMP_PANEL
sms_update/sms_update_result.csv,SmsUpdateResult,included_source_ids,string,False,0..1,per_object_definition,,,blank allowed,SmsUpdateResult.included_source_ids,SYNTHETIC_PANEL_SMS
sms_update/sms_update_result.csv,SmsUpdateResult,excluded_source_ids,string,False,0..1,per_object_definition,,,blank allowed,SmsUpdateResult.excluded_source_ids,GRAVITY_M;FIXTURE_M;LOCAL_CONTACT_M
sms_update/sms_update_result.csv,SmsUpdateResult,transfer_package_id,string,True,1,per_object_definition,,primary or foreign key,blocking if required,SmsUpdateResult.transfer_package_id,SMS_TRANSFER_PANEL
sms_update/sms_update_result.csv,SmsUpdateResult,posterior_cross_covariance_optional,string,False,0..1,per_object_definition,,,blank allowed,SmsUpdateResult.posterior_cross_covariance_optional,
sms_update/sms_update_result.csv,SmsUpdateResult,quality_flag,string,False,0..1,per_object_definition,,,blank allowed,SmsUpdateResult.quality_flag,PASS
sms_update/sms_update_result.csv,SmsUpdateResult,metadata,string,False,0..1,per_object_definition,,,blank allowed,SmsUpdateResult.metadata,"{""data_nature"":""SYNTHETIC_NUMERICAL_CONSISTENCY_CASE"",""engineering_claim_allowed"":false,""schema_version"":""V2.5"",""schema_revision"":""MULTI_PART_SERIAL_PARALLEL_2026-07""}"
sms_update/sms_update_transfer_package.csv,SmsUpdateTransferPackage,sms_transfer_package_id,string,True,1,per_object_definition,,primary or foreign key,blocking if required,SmsUpdateTransferPackage.sms_transfer_package_id,SMS_TRANSFER_PANEL
sms_update/sms_update_transfer_package.csv,SmsUpdateTransferPackage,part_id,string,True,1,per_object_definition,,primary or foreign key,blocking if required,SmsUpdateTransferPackage.part_id,P_A
sms_update/sms_update_transfer_package.csv,SmsUpdateTransferPackage,sample_id,string,True,1,per_object_definition,,primary or foreign key,blocking if required,SmsUpdateTransferPackage.sample_id,SAMPLE_001
sms_update/sms_update_transfer_package.csv,SmsUpdateTransferPackage,sms_update_result_id,string,True,1,per_object_definition,,primary or foreign key,blocking if required,SmsUpdateTransferPackage.sms_update_result_id,SMS_UPD_PANEL
sms_update/sms_update_transfer_package.csv,SmsUpdateTransferPackage,reconstructed_sms_field_id,string,True,1,per_object_definition,,primary or foreign key,blocking if required,SmsUpdateTransferPackage.reconstructed_sms_field_id,SMS_FIELD_PANEL
sms_update/sms_update_transfer_package.csv,SmsUpdateTransferPackage,alpha_posterior,string,False,0..1,per_object_definition,,,blank allowed,SmsUpdateTransferPackage.alpha_posterior,[0.005]
sms_update/sms_update_transfer_package.csv,SmsUpdateTransferPackage,covariance_posterior,string,False,0..1,per_object_definition,,,blank allowed,SmsUpdateTransferPackage.covariance_posterior,COV_SMS_PANEL
sms_update/sms_update_transfer_package.csv,SmsUpdateTransferPackage,target_reference_state_id,string,True,1,per_object_definition,,primary or foreign key,blocking if required,SmsUpdateTransferPackage.target_reference_state_id,REF_NOMINAL
sms_update/sms_update_transfer_package.csv,SmsUpdateTransferPackage,compensation_result_id,string,True,1,per_object_definition,,primary or foreign key,blocking if required,SmsUpdateTransferPackage.compensation_result_id,COMP_PANEL
sms_update/sms_update_transfer_package.csv,SmsUpdateTransferPackage,included_source_ids,string,False,0..1,per_object_definition,,,blank allowed,SmsUpdateTransferPackage.included_source_ids,SYNTHETIC_PANEL_SMS
sms_update/sms_update_transfer_package.csv,SmsUpdateTransferPackage,excluded_source_ids,string,False,0..1,per_object_definition,,,blank allowed,SmsUpdateTransferPackage.excluded_source_ids,GRAVITY_M;FIXTURE_M;LOCAL_CONTACT_M
sms_update/sms_update_transfer_package.csv,SmsUpdateTransferPackage,valid_for_stage_ids,string,False,0..1,per_object_definition,,,blank allowed,SmsUpdateTransferPackage.valid_for_stage_ids,S_LOCATE_01;S_CLAMP_02;S_JOIN_03;S_RELEASE_04
sms_update/sms_update_transfer_package.csv,SmsUpdateTransferPackage,gap_mapping_version,string,False,0..1,per_object_definition,,,blank allowed,SmsUpdateTransferPackage.gap_mapping_version,MULTIPART_LAYOUT_12
sms_update/sms_update_transfer_package.csv,SmsUpdateTransferPackage,package_hash,string,False,0..1,per_object_definition,,,blank allowed,SmsUpdateTransferPackage.package_hash,5eba0926cedd36cf19a5fca691c27065414183bcbaf815c3008b6508a9687d3c
sms_update/sms_update_transfer_package.csv,SmsUpdateTransferPackage,quality_flag,string,False,0..1,per_object_definition,,,blank allowed,SmsUpdateTransferPackage.quality_flag,PASS
sms_update/sms_update_transfer_package.csv,SmsUpdateTransferPackage,metadata,string,False,0..1,per_object_definition,,,blank allowed,SmsUpdateTransferPackage.metadata,"{""data_nature"":""SYNTHETIC_NUMERICAL_CONSISTENCY_CASE"",""engineering_claim_allowed"":false,""schema_version"":""V2.5"",""schema_revision"":""MULTI_PART_SERIAL_PARALLEL_2026-07""}"
solver/active_set_stability_trace.csv,ActiveSetStabilityTrace,trace_id,string,True,1,per_object_definition,,primary or foreign key,blocking if required,ActiveSetStabilityTrace.trace_id,AST_S_LOCATE_01
solver/active_set_stability_trace.csv,ActiveSetStabilityTrace,solution_id,string,True,1,per_object_definition,,primary or foreign key,blocking if required,ActiveSetStabilityTrace.solution_id,ELCP_SOL_S_LOCATE_01
solver/active_set_stability_trace.csv,ActiveSetStabilityTrace,iteration_contact_sets,string,False,0..1,per_object_definition,,,blank allowed,ActiveSetStabilityTrace.iteration_contact_sets,[[]]
solver/active_set_stability_trace.csv,ActiveSetStabilityTrace,mode_switch_count,string,False,0..1,per_object_definition,,,blank allowed,ActiveSetStabilityTrace.mode_switch_count,0
solver/active_set_stability_trace.csv,ActiveSetStabilityTrace,rho_chi_history,string,False,0..1,per_object_definition,,,blank allowed,ActiveSetStabilityTrace.rho_chi_history,[1.0]
solver/active_set_stability_trace.csv,ActiveSetStabilityTrace,final_rho_chi,string,False,0..1,per_object_definition,,,blank allowed,ActiveSetStabilityTrace.final_rho_chi,1.0
solver/active_set_stability_trace.csv,ActiveSetStabilityTrace,oscillation_flag,string,False,0..1,per_object_definition,,,blank allowed,ActiveSetStabilityTrace.oscillation_flag,FALSE
solver/active_set_stability_trace.csv,ActiveSetStabilityTrace,stabilization_action,string,False,0..1,per_object_definition,,,blank allowed,ActiveSetStabilityTrace.stabilization_action,NONE
solver/active_set_stability_trace.csv,ActiveSetStabilityTrace,quality_flag,string,False,0..1,per_object_definition,,,blank allowed,ActiveSetStabilityTrace.quality_flag,PASS
solver/active_set_stability_trace.csv,ActiveSetStabilityTrace,metadata,string,False,0..1,per_object_definition,,,blank allowed,ActiveSetStabilityTrace.metadata,"{""data_nature"":""SYNTHETIC_NUMERICAL_CONSISTENCY_CASE"",""engineering_claim_allowed"":false,""schema_version"":""V2.5"",""schema_revision"":""MULTI_PART_SERIAL_PARALLEL_2026-07""}"
solver/complementarity_solver_config.csv,ComplementaritySolverConfig,solver_config_id,string,True,1,per_object_definition,,primary or foreign key,blocking if required,ComplementaritySolverConfig.solver_config_id,SOLVER_CFG_MULTIPART
solver/complementarity_solver_config.csv,ComplementaritySolverConfig,solver_type,string,False,0..1,per_object_definition,,,blank allowed,ComplementaritySolverConfig.solver_type,ACTIVE_SET_ENUMERATION_FIXTURE
solver/complementarity_solver_config.csv,ComplementaritySolverConfig,active_set_initialization,string,False,0..1,per_object_definition,,,blank allowed,ComplementaritySolverConfig.active_set_initialization,WARM_START_PREVIOUS_STAGE
solver/complementarity_solver_config.csv,ComplementaritySolverConfig,gap_tolerance,string,False,0..1,per_object_definition,,,blank allowed,ComplementaritySolverConfig.gap_tolerance,1e-8
solver/complementarity_solver_config.csv,ComplementaritySolverConfig,force_tolerance,string,False,0..1,per_object_definition,,,blank allowed,ComplementaritySolverConfig.force_tolerance,1e-8
solver/complementarity_solver_config.csv,ComplementaritySolverConfig,complementarity_tolerance,string,False,0..1,per_object_definition,,,blank allowed,ComplementaritySolverConfig.complementarity_tolerance,1e-8
solver/complementarity_solver_config.csv,ComplementaritySolverConfig,maximum_iterations,string,False,0..1,per_object_definition,,,blank allowed,ComplementaritySolverConfig.maximum_iterations,4096
solver/complementarity_solver_config.csv,ComplementaritySolverConfig,scaling_rule,string,False,0..1,per_object_definition,,,blank allowed,ComplementaritySolverConfig.scaling_rule,none
solver/complementarity_solver_config.csv,ComplementaritySolverConfig,line_search_or_regularization_optional,string,False,0..1,per_object_definition,,,blank allowed,ComplementaritySolverConfig.line_search_or_regularization_optional,
solver/complementarity_solver_config.csv,ComplementaritySolverConfig,warm_start_enabled,string,False,0..1,per_object_definition,,,blank allowed,ComplementaritySolverConfig.warm_start_enabled,TRUE
solver/complementarity_solver_config.csv,ComplementaritySolverConfig,fallback_solver_optional,string,False,0..1,per_object_definition,,,blank allowed,ComplementaritySolverConfig.fallback_solver_optional,
solver/complementarity_solver_config.csv,ComplementaritySolverConfig,metadata,string,False,0..1,per_object_definition,,,blank allowed,ComplementaritySolverConfig.metadata,"{""data_nature"":""SYNTHETIC_NUMERICAL_CONSISTENCY_CASE"",""engineering_claim_allowed"":false,""schema_version"":""V2.5"",""schema_revision"":""MULTI_PART_SERIAL_PARALLEL_2026-07""}"
solver/contact_computation_trace.csv,ContactComputationTrace,trace_id,string,True,1,per_object_definition,,primary or foreign key,blocking if required,ContactComputationTrace.trace_id,TRACE_1_S_LOCATE_01
solver/contact_computation_trace.csv,ContactComputationTrace,sample_id,string,True,1,per_object_definition,,primary or foreign key,blocking if required,ContactComputationTrace.sample_id,SAMPLE_001
solver/contact_computation_trace.csv,ContactComputationTrace,stage_id,string,True,1,per_object_definition,,primary or foreign key,blocking if required,ContactComputationTrace.stage_id,S_LOCATE_01
solver/contact_computation_trace.csv,ContactComputationTrace,contact_domain_id,string,True,1,per_object_definition,,primary or foreign key,blocking if required,ContactComputationTrace.contact_domain_id,CD_AB
solver/contact_computation_trace.csv,ContactComputationTrace,sms_transfer_package_ids,string,False,0..1,per_object_definition,,,blank allowed,ContactComputationTrace.sms_transfer_package_ids,SMS_TRANSFER_PANEL;SMS_TRANSFER_RIB;SMS_TRANSFER_SPAR;SMS_TRANSFER_BRACKET
solver/contact_computation_trace.csv,ContactComputationTrace,gap_field_id,string,True,1,per_object_definition,,primary or foreign key,blocking if required,ContactComputationTrace.gap_field_id,GF_INITIAL_AB
solver/contact_computation_trace.csv,ContactComputationTrace,stage_input_id,string,True,1,per_object_definition,,primary or foreign key,blocking if required,ContactComputationTrace.stage_input_id,STAGE_INPUT_S_LOCATE_01
solver/contact_computation_trace.csv,ContactComputationTrace,condensed_operator_id,string,True,1,per_object_definition,,primary or foreign key,blocking if required,ContactComputationTrace.condensed_operator_id,COND_S_LOCATE_01
solver/contact_computation_trace.csv,ContactComputationTrace,q_vector_id,string,True,1,per_object_definition,,primary or foreign key,blocking if required,ContactComputationTrace.q_vector_id,Q_LOCATE_01
solver/contact_computation_trace.csv,ContactComputationTrace,W_struct_id,string,True,1,per_object_definition,,primary or foreign key,blocking if required,ContactComputationTrace.W_struct_id,W_STRUCT_LOCATE_01
solver/contact_computation_trace.csv,ContactComputationTrace,Cn_local_id,string,True,1,per_object_definition,,primary or foreign key,blocking if required,ContactComputationTrace.Cn_local_id,CN_ALL
solver/contact_computation_trace.csv,ContactComputationTrace,W_total_id,string,True,1,per_object_definition,,primary or foreign key,blocking if required,ContactComputationTrace.W_total_id,W_TOTAL_LOCATE_01
solver/contact_computation_trace.csv,ContactComputationTrace,lcp_solution_id,string,True,1,per_object_definition,,primary or foreign key,blocking if required,ContactComputationTrace.lcp_solution_id,LCP_SOL_S_LOCATE_01
solver/contact_computation_trace.csv,ContactComputationTrace,pressure_field_id,string,True,1,per_object_definition,,primary or foreign key,blocking if required,ContactComputationTrace.pressure_field_id,PRESSURE_LOCATE_01
solver/contact_computation_trace.csv,ContactComputationTrace,local_compression_field_id,string,True,1,per_object_definition,,primary or foreign key,blocking if required,ContactComputationTrace.local_compression_field_id,LOCAL_COMPRESSION_LOCATE_01
solver/contact_computation_trace.csv,ContactComputationTrace,cache_ids_used,string,False,0..1,per_object_definition,,,blank allowed,ContactComputationTrace.cache_ids_used,FACT_S_LOCATE_01
solver/contact_computation_trace.csv,ContactComputationTrace,double_count_check_id,string,True,1,per_object_definition,,primary or foreign key,blocking if required,ContactComputationTrace.double_count_check_id,DCC_MULTIPART
solver/contact_computation_trace.csv,ContactComputationTrace,quality_flag,string,False,0..1,per_object_definition,,,blank allowed,ContactComputationTrace.quality_flag,PASS
solver/contact_computation_trace.csv,ContactComputationTrace,metadata,string,False,0..1,per_object_definition,,,blank allowed,ContactComputationTrace.metadata,"{""data_nature"":""SYNTHETIC_NUMERICAL_CONSISTENCY_CASE"",""engineering_claim_allowed"":false,""schema_version"":""V2.5"",""schema_revision"":""MULTI_PART_SERIAL_PARALLEL_2026-07""}"
solver/contact_mode.csv,ContactMode,contact_mode_id,string,True,1,per_object_definition,,primary or foreign key,blocking if required,ContactMode.contact_mode_id,MODE_LOCATE_01
solver/contact_mode.csv,ContactMode,stage_id,string,True,1,per_object_definition,,primary or foreign key,blocking if required,ContactMode.stage_id,S_LOCATE_01
solver/contact_mode.csv,ContactMode,active_contact_indices,string,False,0..1,per_object_definition,,,blank allowed,ContactMode.active_contact_indices,[]
solver/contact_mode.csv,ContactMode,stick_indices,string,False,0..1,per_object_definition,,,blank allowed,ContactMode.stick_indices,[]
solver/contact_mode.csv,ContactMode,slip_indices,string,False,0..1,per_object_definition,,,blank allowed,ContactMode.slip_indices,[]
solver/contact_mode.csv,ContactMode,mode_hash,string,False,0..1,per_object_definition,,,blank allowed,ContactMode.mode_hash,4f53cda18c2baa0c0354bb5f9a3ecbe5ed12ab4d8e11ba873c2f11161202b945
solver/contact_mode.csv,ContactMode,feasible_region_description,string,False,0..1,per_object_definition,,,blank allowed,ContactMode.feasible_region_description,global 12-point active set
solver/contact_mode.csv,ContactMode,representative_sample_ids,string,False,0..1,per_object_definition,,,blank allowed,ContactMode.representative_sample_ids,SAMPLE_001
solver/contact_mode.csv,ContactMode,occurrence_count,string,False,0..1,per_object_definition,,,blank allowed,ContactMode.occurrence_count,1
solver/contact_mode.csv,ContactMode,metadata,string,False,0..1,per_object_definition,,,blank allowed,ContactMode.metadata,"{""data_nature"":""SYNTHETIC_NUMERICAL_CONSISTENCY_CASE"",""engineering_claim_allowed"":false,""schema_version"":""V2.5"",""schema_revision"":""MULTI_PART_SERIAL_PARALLEL_2026-07""}"
solver/extended_lcp_solution.csv,ExtendedLcpSolution,solution_id,string,True,1,per_object_definition,,primary or foreign key,blocking if required,ExtendedLcpSolution.solution_id,ELCP_SOL_S_LOCATE_01
solver/extended_lcp_solution.csv,ExtendedLcpSolution,overconstraint_model_id,string,True,1,per_object_definition,,primary or foreign key,blocking if required,ExtendedLcpSolution.overconstraint_model_id,OCM_S_LOCATE_01
solver/extended_lcp_solution.csv,ExtendedLcpSolution,lambda_ext,string,False,0..1,per_object_definition,,,blank allowed,ExtendedLcpSolution.lambda_ext,"[0.0,0.0,0.0,0.0,0.0,0.0,0.0,0.0,0.0,0.0,0.0,0.0]"
solver/extended_lcp_solution.csv,ExtendedLcpSolution,gap_ext,string,False,0..1,per_object_definition,,,blank allowed,ExtendedLcpSolution.gap_ext,"[0.08,0.04,0.06,0.05,0.03,0.04,0.1,0.07,0.09,0.09,0.06,0.08]"
solver/extended_lcp_solution.csv,ExtendedLcpSolution,active_ext_indices,string,False,0..1,per_object_definition,,,blank allowed,ExtendedLcpSolution.active_ext_indices,[]
solver/extended_lcp_solution.csv,ExtendedLcpSolution,inactive_ext_indices,string,False,0..1,per_object_definition,,,blank allowed,ExtendedLcpSolution.inactive_ext_indices,"[0,1,2,3,4,5,6,7,8,9,10,11]"
solver/extended_lcp_solution.csv,ExtendedLcpSolution,bilateral_reaction_optional,string,False,0..1,per_object_definition,,,blank allowed,ExtendedLcpSolution.bilateral_reaction_optional,[]
solver/extended_lcp_solution.csv,ExtendedLcpSolution,locator_reaction_components,string,False,0..1,per_object_definition,,,blank allowed,ExtendedLcpSolution.locator_reaction_components,[]
solver/extended_lcp_solution.csv,ExtendedLcpSolution,clamp_reaction_components,string,False,0..1,per_object_definition,,,blank allowed,ExtendedLcpSolution.clamp_reaction_components,[]
solver/extended_lcp_solution.csv,ExtendedLcpSolution,joint_reaction_components,string,False,0..1,per_object_definition,,,blank allowed,ExtendedLcpSolution.joint_reaction_components,[]
solver/extended_lcp_solution.csv,ExtendedLcpSolution,pressure_field_id_optional,string,False,0..1,per_object_definition,,,blank allowed,ExtendedLcpSolution.pressure_field_id_optional,PRESSURE_LOCATE_01
solver/extended_lcp_solution.csv,ExtendedLcpSolution,local_compression_field_id_optional,string,False,0..1,per_object_definition,,,blank allowed,ExtendedLcpSolution.local_compression_field_id_optional,LOCAL_COMPRESSION_LOCATE_01
solver/extended_lcp_solution.csv,ExtendedLcpSolution,equilibrium_residual,string,False,0..1,per_object_definition,,,blank allowed,ExtendedLcpSolution.equilibrium_residual,0.0
solver/extended_lcp_solution.csv,ExtendedLcpSolution,gap_violation,string,False,0..1,per_object_definition,,,blank allowed,ExtendedLcpSolution.gap_violation,0.0
solver/extended_lcp_solution.csv,ExtendedLcpSolution,force_violation,string,False,0..1,per_object_definition,,,blank allowed,ExtendedLcpSolution.force_violation,0.0
solver/extended_lcp_solution.csv,ExtendedLcpSolution,complementarity_residual,string,False,0..1,per_object_definition,,,blank allowed,ExtendedLcpSolution.complementarity_residual,0.000e+00
solver/extended_lcp_solution.csv,ExtendedLcpSolution,active_set_stability_trace_id,string,True,1,per_object_definition,,primary or foreign key,blocking if required,ExtendedLcpSolution.active_set_stability_trace_id,AST_S_LOCATE_01
solver/extended_lcp_solution.csv,ExtendedLcpSolution,force_nonuniqueness_report_id_optional,string,False,0..1,per_object_definition,,,blank allowed,ExtendedLcpSolution.force_nonuniqueness_report_id_optional,FNR_S_LOCATE_01
solver/extended_lcp_solution.csv,ExtendedLcpSolution,convergence_status,string,False,0..1,per_object_definition,,,blank allowed,ExtendedLcpSolution.convergence_status,CONVERGED_SYNTHETIC_ORACLE
solver/extended_lcp_solution.csv,ExtendedLcpSolution,quality_flag,string,False,0..1,per_object_definition,,,blank allowed,ExtendedLcpSolution.quality_flag,PASS
solver/extended_lcp_solution.csv,ExtendedLcpSolution,metadata,string,False,0..1,per_object_definition,,,blank allowed,ExtendedLcpSolution.metadata,"{""data_nature"":""SYNTHETIC_NUMERICAL_CONSISTENCY_CASE"",""engineering_claim_allowed"":false,""schema_version"":""V2.5"",""schema_revision"":""MULTI_PART_SERIAL_PARALLEL_2026-07""}"
solver/force_nonuniqueness_report.csv,ForceNonuniquenessReport,report_id,string,True,1,per_object_definition,,primary or foreign key,blocking if required,ForceNonuniquenessReport.report_id,FNR_S_LOCATE_01
solver/force_nonuniqueness_report.csv,ForceNonuniquenessReport,solution_id,string,True,1,per_object_definition,,primary or foreign key,blocking if required,ForceNonuniquenessReport.solution_id,ELCP_SOL_S_LOCATE_01
solver/force_nonuniqueness_report.csv,ForceNonuniquenessReport,active_submatrix_id,string,True,1,per_object_definition,,primary or foreign key,blocking if required,ForceNonuniquenessReport.active_submatrix_id,W_TOTAL_LOCATE_01
solver/force_nonuniqueness_report.csv,ForceNonuniquenessReport,nullspace_dimension,string,False,0..1,per_object_definition,,,blank allowed,ForceNonuniquenessReport.nullspace_dimension,0
solver/force_nonuniqueness_report.csv,ForceNonuniquenessReport,nullspace_basis_id_optional,string,False,0..1,per_object_definition,,,blank allowed,ForceNonuniquenessReport.nullspace_basis_id_optional,
solver/force_nonuniqueness_report.csv,ForceNonuniquenessReport,alternative_force_solution_summary,string,False,0..1,per_object_definition,,,blank allowed,ForceNonuniquenessReport.alternative_force_solution_summary,unique SPD solution
solver/force_nonuniqueness_report.csv,ForceNonuniquenessReport,output_variation_bounds,string,False,0..1,per_object_definition,,,blank allowed,ForceNonuniquenessReport.output_variation_bounds,"[0.0,0.0]"
solver/force_nonuniqueness_report.csv,ForceNonuniquenessReport,eta_y_values,string,False,0..1,per_object_definition,,,blank allowed,ForceNonuniquenessReport.eta_y_values,[0.0]
solver/force_nonuniqueness_report.csv,ForceNonuniquenessReport,selected_regularization_rule,string,False,0..1,per_object_definition,,,blank allowed,ForceNonuniquenessReport.selected_regularization_rule,NONE
solver/force_nonuniqueness_report.csv,ForceNonuniquenessReport,kcp_output_stability,string,False,0..1,per_object_definition,,,blank allowed,ForceNonuniquenessReport.kcp_output_stability,STABLE
solver/force_nonuniqueness_report.csv,ForceNonuniquenessReport,required_action,string,False,0..1,per_object_definition,,,blank allowed,ForceNonuniquenessReport.required_action,NONE
solver/force_nonuniqueness_report.csv,ForceNonuniquenessReport,quality_flag,string,False,0..1,per_object_definition,,,blank allowed,ForceNonuniquenessReport.quality_flag,PASS
solver/force_nonuniqueness_report.csv,ForceNonuniquenessReport,metadata,string,False,0..1,per_object_definition,,,blank allowed,ForceNonuniquenessReport.metadata,"{""data_nature"":""SYNTHETIC_NUMERICAL_CONSISTENCY_CASE"",""engineering_claim_allowed"":false,""schema_version"":""V2.5"",""schema_revision"":""MULTI_PART_SERIAL_PARALLEL_2026-07""}"
solver/interface_lcp_model.csv,InterfaceLcpModel,lcp_model_id,string,True,1,per_object_definition,,primary or foreign key,blocking if required,InterfaceLcpModel.lcp_model_id,LCP_MODEL_S_LOCATE_01
solver/interface_lcp_model.csv,InterfaceLcpModel,sample_id,string,True,1,per_object_definition,,primary or foreign key,blocking if required,InterfaceLcpModel.sample_id,SAMPLE_001
solver/interface_lcp_model.csv,InterfaceLcpModel,stage_id,string,True,1,per_object_definition,,primary or foreign key,blocking if required,InterfaceLcpModel.stage_id,S_LOCATE_01
solver/interface_lcp_model.csv,InterfaceLcpModel,contact_domain_ids,string,False,0..1,per_object_definition,,,blank allowed,InterfaceLcpModel.contact_domain_ids,CD_AB;CD_BC;CD_AD;CD_DB
solver/interface_lcp_model.csv,InterfaceLcpModel,q_mapping_components,string,False,0..1,per_object_definition,,,blank allowed,InterfaceLcpModel.q_mapping_components,Q_LOCATE_01
solver/interface_lcp_model.csv,InterfaceLcpModel,W_struct,string,False,0..1,per_object_definition,,,blank allowed,InterfaceLcpModel.W_struct,W_STRUCT_LOCATE_01
solver/interface_lcp_model.csv,InterfaceLcpModel,Cn_local,string,False,0..1,per_object_definition,,,blank allowed,InterfaceLcpModel.Cn_local,CN_ALL
solver/interface_lcp_model.csv,InterfaceLcpModel,W_total,string,False,0..1,per_object_definition,,,blank allowed,InterfaceLcpModel.W_total,W_TOTAL_LOCATE_01
solver/interface_lcp_model.csv,InterfaceLcpModel,area_weight_matrix_id,string,True,1,per_object_definition,,primary or foreign key,blocking if required,InterfaceLcpModel.area_weight_matrix_id,QA_ALL
solver/interface_lcp_model.csv,InterfaceLcpModel,unknown_type,string,False,0..1,per_object_definition,,,blank allowed,InterfaceLcpModel.unknown_type,generalized_contact_force_global_layout
solver/interface_lcp_model.csv,InterfaceLcpModel,gap_sign_convention,string,False,0..1,per_object_definition,,,blank allowed,InterfaceLcpModel.gap_sign_convention,g>0 separation
solver/interface_lcp_model.csv,InterfaceLcpModel,complementarity_tolerances,string,False,0..1,per_object_definition,,,blank allowed,InterfaceLcpModel.complementarity_tolerances,"{""gap"":1e-8,""force"":1e-8,""comp"":1e-8}"
solver/interface_lcp_model.csv,InterfaceLcpModel,solver_config_id,string,True,1,per_object_definition,,primary or foreign key,blocking if required,InterfaceLcpModel.solver_config_id,SOLVER_CFG_MULTIPART
solver/interface_lcp_model.csv,InterfaceLcpModel,validity_region,string,False,0..1,per_object_definition,,,blank allowed,InterfaceLcpModel.validity_region,FIXTURE_ONLY
solver/interface_lcp_model.csv,InterfaceLcpModel,metadata,string,False,0..1,per_object_definition,,,blank allowed,InterfaceLcpModel.metadata,"{""data_nature"":""SYNTHETIC_NUMERICAL_CONSISTENCY_CASE"",""engineering_claim_allowed"":false,""schema_version"":""V2.5"",""schema_revision"":""MULTI_PART_SERIAL_PARALLEL_2026-07""}"
solver/lcp_regularization_config.csv,LcpRegularizationConfig,regularization_config_id,string,True,1,per_object_definition,,primary or foreign key,blocking if required,LcpRegularizationConfig.regularization_config_id,REG_MULTIPART
solver/lcp_regularization_config.csv,LcpRegularizationConfig,method,string,False,0..1,per_object_definition,,,blank allowed,LcpRegularizationConfig.method,NONE_REQUIRED_SPD
solver/lcp_regularization_config.csv,LcpRegularizationConfig,epsilon_value_optional,string,False,0..1,per_object_definition,,,blank allowed,LcpRegularizationConfig.epsilon_value_optional,0.0
solver/lcp_regularization_config.csv,LcpRegularizationConfig,trigger_reason,string,False,0..1,per_object_definition,,,blank allowed,LcpRegularizationConfig.trigger_reason,none
solver/lcp_regularization_config.csv,LcpRegularizationConfig,affected_matrix_ids,string,False,0..1,per_object_definition,,,blank allowed,LcpRegularizationConfig.affected_matrix_ids,
solver/lcp_regularization_config.csv,LcpRegularizationConfig,output_impact_check,string,False,0..1,per_object_definition,,,blank allowed,LcpRegularizationConfig.output_impact_check,PASS
solver/lcp_regularization_config.csv,LcpRegularizationConfig,metadata,string,False,0..1,per_object_definition,,,blank allowed,LcpRegularizationConfig.metadata,"{""data_nature"":""SYNTHETIC_NUMERICAL_CONSISTENCY_CASE"",""engineering_claim_allowed"":false,""schema_version"":""V2.5"",""schema_revision"":""MULTI_PART_SERIAL_PARALLEL_2026-07""}"
solver/lcp_solution.csv,LcpSolution,solution_id,string,True,1,per_object_definition,,primary or foreign key,blocking if required,LcpSolution.solution_id,LCP_SOL_S_LOCATE_01
solver/lcp_solution.csv,LcpSolution,lcp_model_id,string,True,1,per_object_definition,,primary or foreign key,blocking if required,LcpSolution.lcp_model_id,LCP_MODEL_S_LOCATE_01
solver/lcp_solution.csv,LcpSolution,sample_id,string,True,1,per_object_definition,,primary or foreign key,blocking if required,LcpSolution.sample_id,SAMPLE_001
solver/lcp_solution.csv,LcpSolution,stage_id,string,True,1,per_object_definition,,primary or foreign key,blocking if required,LcpSolution.stage_id,S_LOCATE_01
solver/lcp_solution.csv,LcpSolution,lambda_n,string,False,0..1,per_object_definition,,,blank allowed,LcpSolution.lambda_n,"[0.0,0.0,0.0,0.0,0.0,0.0,0.0,0.0,0.0,0.0,0.0,0.0]"
solver/lcp_solution.csv,LcpSolution,pressure_p_n,string,False,0..1,per_object_definition,,,blank allowed,LcpSolution.pressure_p_n,"[0.0,0.0,0.0,0.0,0.0,0.0,0.0,0.0,0.0,0.0,0.0,0.0]"
solver/lcp_solution.csv,LcpSolution,gap_g,string,False,0..1,per_object_definition,,,blank allowed,LcpSolution.gap_g,"[0.08,0.04,0.06,0.05,0.03,0.04,0.1,0.07,0.09,0.09,0.06,0.08]"
solver/lcp_solution.csv,LcpSolution,active_contact_indices,string,False,0..1,per_object_definition,,,blank allowed,LcpSolution.active_contact_indices,[]
solver/lcp_solution.csv,LcpSolution,inactive_indices,string,False,0..1,per_object_definition,,,blank allowed,LcpSolution.inactive_indices,"[0,1,2,3,4,5,6,7,8,9,10,11]"
solver/lcp_solution.csv,LcpSolution,equilibrium_residual,string,False,0..1,per_object_definition,,,blank allowed,LcpSolution.equilibrium_residual,0.000e+00
solver/lcp_solution.csv,LcpSolution,gap_violation,string,False,0..1,per_object_definition,,,blank allowed,LcpSolution.gap_violation,0.000e+00
solver/lcp_solution.csv,LcpSolution,force_violation,string,False,0..1,per_object_definition,,,blank allowed,LcpSolution.force_violation,0.000e+00
solver/lcp_solution.csv,LcpSolution,complementarity_residual,string,False,0..1,per_object_definition,,,blank allowed,LcpSolution.complementarity_residual,0.000e+00
solver/lcp_solution.csv,LcpSolution,iteration_count,string,False,0..1,per_object_definition,,,blank allowed,LcpSolution.iteration_count,1
solver/lcp_solution.csv,LcpSolution,convergence_status,string,False,0..1,per_object_definition,,,blank allowed,LcpSolution.convergence_status,CONVERGED_SYNTHETIC_ORACLE
solver/lcp_solution.csv,LcpSolution,warm_start_source_id_optional,string,False,0..1,per_object_definition,,,blank allowed,LcpSolution.warm_start_source_id_optional,LCP_SOL_S_LOCATE_01
solver/lcp_solution.csv,LcpSolution,metadata,string,False,0..1,per_object_definition,,,blank allowed,LcpSolution.metadata,"{""data_nature"":""SYNTHETIC_NUMERICAL_CONSISTENCY_CASE"",""engineering_claim_allowed"":false,""schema_version"":""V2.5"",""schema_revision"":""MULTI_PART_SERIAL_PARALLEL_2026-07""}"
solver/overconstraint_contact_model.csv,OverconstraintContactModel,overconstraint_model_id,string,True,1,per_object_definition,,primary or foreign key,blocking if required,OverconstraintContactModel.overconstraint_model_id,OCM_S_LOCATE_01
solver/overconstraint_contact_model.csv,OverconstraintContactModel,sample_id,string,True,1,per_object_definition,,primary or foreign key,blocking if required,OverconstraintContactModel.sample_id,SAMPLE_001
solver/overconstraint_contact_model.csv,OverconstraintContactModel,stage_id,string,True,1,per_object_definition,,primary or foreign key,blocking if required,OverconstraintContactModel.stage_id,S_LOCATE_01
solver/overconstraint_contact_model.csv,OverconstraintContactModel,extended_domain_id,string,True,1,per_object_definition,,primary or foreign key,blocking if required,OverconstraintContactModel.extended_domain_id,ECD_MULTIPART
solver/overconstraint_contact_model.csv,OverconstraintContactModel,q_ext_vector_id,string,True,1,per_object_definition,,primary or foreign key,blocking if required,OverconstraintContactModel.q_ext_vector_id,Q_LOCATE_01
solver/overconstraint_contact_model.csv,OverconstraintContactModel,W_ext_matrix_id,string,True,1,per_object_definition,,primary or foreign key,blocking if required,OverconstraintContactModel.W_ext_matrix_id,W_TOTAL_LOCATE_01
solver/overconstraint_contact_model.csv,OverconstraintContactModel,unilateral_indices,string,False,0..1,per_object_definition,,,blank allowed,OverconstraintContactModel.unilateral_indices,"[0,1,2,3,4,5,6,7,8,9,10,11]"
solver/overconstraint_contact_model.csv,OverconstraintContactModel,bilateral_indices_optional,string,False,0..1,per_object_definition,,,blank allowed,OverconstraintContactModel.bilateral_indices_optional,[]
solver/overconstraint_contact_model.csv,OverconstraintContactModel,lambda_ext_unknown_definition,string,False,0..1,per_object_definition,,,blank allowed,OverconstraintContactModel.lambda_ext_unknown_definition,global_12_contact_force
solver/overconstraint_contact_model.csv,OverconstraintContactModel,gap_sign_convention,string,False,0..1,per_object_definition,,,blank allowed,OverconstraintContactModel.gap_sign_convention,g_ext>0 separation
solver/overconstraint_contact_model.csv,OverconstraintContactModel,solver_config_id,string,True,1,per_object_definition,,primary or foreign key,blocking if required,OverconstraintContactModel.solver_config_id,SOLVER_CFG_MULTIPART
solver/overconstraint_contact_model.csv,OverconstraintContactModel,regularization_config_id_optional,string,False,0..1,per_object_definition,,,blank allowed,OverconstraintContactModel.regularization_config_id_optional,REG_MULTIPART
solver/overconstraint_contact_model.csv,OverconstraintContactModel,fallback_policy,string,False,0..1,per_object_definition,,,blank allowed,OverconstraintContactModel.fallback_policy,NONE_REQUIRED
solver/overconstraint_contact_model.csv,OverconstraintContactModel,validity_region,string,False,0..1,per_object_definition,,,blank allowed,OverconstraintContactModel.validity_region,FIXTURE_ONLY
solver/overconstraint_contact_model.csv,OverconstraintContactModel,metadata,string,False,0..1,per_object_definition,,,blank allowed,OverconstraintContactModel.metadata,"{""data_nature"":""SYNTHETIC_NUMERICAL_CONSISTENCY_CASE"",""engineering_claim_allowed"":false,""schema_version"":""V2.5"",""schema_revision"":""MULTI_PART_SERIAL_PARALLEL_2026-07""}"
validation/quality_gate.csv,QualityGate,gate_id,string,True,1,per_object_definition,,primary or foreign key,blocking if required,QualityGate.gate_id,ROLLING_PACKAGE_GATE
validation/quality_gate.csv,QualityGate,gate_name,string,False,0..1,per_object_definition,,,blank allowed,QualityGate.gate_name,POSTERIOR_VIRTUAL_SMS_ROLLING_SELF_VALIDATION
validation/quality_gate.csv,QualityGate,target_object_ids,string,False,0..1,per_object_definition,,,blank allowed,QualityGate.target_object_ids,04_POSTERIOR_VIRTUAL_SMS_ROLLING_MIN_CASE
validation/quality_gate.csv,QualityGate,rule_expression,string,False,0..1,per_object_definition,,,blank allowed,QualityGate.rule_expression,"all blocking structural, oracle, physical and truth gates pass"
validation/quality_gate.csv,QualityGate,pass_fail,string,False,0..1,per_object_definition,,,blank allowed,QualityGate.pass_fail,PASS
validation/quality_gate.csv,QualityGate,evidence_reference,string,False,0..1,per_object_definition,,,blank allowed,QualityGate.evidence_reference,validation/test_results.json
validation/quality_gate.csv,QualityGate,approved_by,string,False,0..1,per_object_definition,,,blank allowed,QualityGate.approved_by,DETERMINISTIC_GENERATOR
validation/quality_gate.csv,QualityGate,approval_time,string,False,0..1,per_object_definition,,,blank allowed,QualityGate.approval_time,2026-07-26T00:00:00+08:00
validation/quality_gate.csv,QualityGate,notes,string,False,0..1,per_object_definition,,,blank allowed,QualityGate.notes,Synthetic numerical-consistency fixture only.
validation/rolling_kcp_oracle.csv,RollingKCPOracle,source_state_role,string,False,0..1,per_object_definition,,,blank allowed,RollingKCPOracle.source_state_role,PREDICTED
validation/rolling_kcp_oracle.csv,RollingKCPOracle,virtual_sms_sample_id,string,True,1,per_object_definition,,primary or foreign key,blocking if required,RollingKCPOracle.virtual_sms_sample_id,VSMS_REF
validation/rolling_kcp_oracle.csv,RollingKCPOracle,kcp_id,string,True,1,per_object_definition,,primary or foreign key,blocking if required,RollingKCPOracle.kcp_id,KCP_END_GAP
validation/rolling_kcp_oracle.csv,RollingKCPOracle,predicted_value,string,False,0..1,per_object_definition,,,blank allowed,RollingKCPOracle.predicted_value,0.009207049372193651
validation/rolling_kcp_oracle.csv,RollingKCPOracle,aggregation_policy,string,False,0..1,per_object_definition,,,blank allowed,RollingKCPOracle.aggregation_policy,ONE_SMS_PER_PART_PLUS_ONE_INCREMENT_PER_INTERFACE_STAGE
validation/rolling_kcp_oracle.csv,RollingKCPOracle,oracle_method,string,False,0..1,per_object_definition,,,blank allowed,RollingKCPOracle.oracle_method,INDEPENDENT_FORMULA_AND_ACTIVE_SET_ENUMERATION
validation/rolling_kcp_oracle.csv,RollingKCPOracle,production_kcp_entry_used,string,False,0..1,per_object_definition,,,blank allowed,RollingKCPOracle.production_kcp_entry_used,False
validation/rolling_kcp_oracle.csv,RollingKCPOracle,production_rolling_runner_used,string,False,0..1,per_object_definition,,,blank allowed,RollingKCPOracle.production_rolling_runner_used,False
validation/rolling_kcp_oracle.csv,RollingKCPOracle,engineering_claim_allowed,string,False,0..1,per_object_definition,,,blank allowed,RollingKCPOracle.engineering_claim_allowed,False
validation/rolling_kcp_oracle.csv,RollingKCPOracle,probability_interpretation_allowed,string,False,0..1,per_object_definition,,,blank allowed,RollingKCPOracle.probability_interpretation_allowed,False
validation/rolling_prediction_oracle.csv,RollingPredictionOracle,source_state_role,string,False,0..1,per_object_definition,,,blank allowed,RollingPredictionOracle.source_state_role,PREDICTED
validation/rolling_prediction_oracle.csv,RollingPredictionOracle,virtual_sms_sample_id,string,True,1,per_object_definition,,primary or foreign key,blocking if required,RollingPredictionOracle.virtual_sms_sample_id,VSMS_REF
validation/rolling_prediction_oracle.csv,RollingPredictionOracle,topology_step_id,string,True,1,per_object_definition,,primary or foreign key,blocking if required,RollingPredictionOracle.topology_step_id,TS301
validation/rolling_prediction_oracle.csv,RollingPredictionOracle,operator_set_id,string,True,1,per_object_definition,,primary or foreign key,blocking if required,RollingPredictionOracle.operator_set_id,OP_TS301
validation/rolling_prediction_oracle.csv,RollingPredictionOracle,sms_coefficients,string,False,0..1,per_object_definition,,,blank allowed,RollingPredictionOracle.sms_coefficients,"[0.0, 0.0]"
validation/rolling_prediction_oracle.csv,RollingPredictionOracle,sms_reference_coefficients,string,False,0..1,per_object_definition,,,blank allowed,RollingPredictionOracle.sms_reference_coefficients,"[0.0,0.0]"
validation/rolling_prediction_oracle.csv,RollingPredictionOracle,sms_delta_coefficients,string,False,0..1,per_object_definition,,,blank allowed,RollingPredictionOracle.sms_delta_coefficients,"[0.0, 0.0]"
validation/rolling_prediction_oracle.csv,RollingPredictionOracle,q_operator_base,string,False,0..1,per_object_definition,,,blank allowed,RollingPredictionOracle.q_operator_base,"[0.08, 0.04, 0.06, 0.05, 0.03, 0.04, 0.1, 0.07, 0.09, 0.09, 0.06, 0.08]"
validation/rolling_prediction_oracle.csv,RollingPredictionOracle,q_posterior_state_correction,string,False,0..1,per_object_definition,,,blank allowed,RollingPredictionOracle.q_posterior_state_correction,"[0.0, 0.0, 0.0, 0.0, 0.0, 0.0, 0.0, 0.0, 0.0, 0.0, 0.0, 0.0]"
validation/rolling_prediction_oracle.csv,RollingPredictionOracle,q_virtual_sms_correction,string,False,0..1,per_object_definition,,,blank allowed,RollingPredictionOracle.q_virtual_sms_correction,"[0.0, 0.0, 0.0, 0.0, 0.0, 0.0, 0.0, 0.0, 0.0, 0.0, 0.0, 0.0]"
validation/rolling_prediction_oracle.csv,RollingPredictionOracle,q_future_process_correction,string,False,0..1,per_object_definition,,,blank allowed,RollingPredictionOracle.q_future_process_correction,"[0.0, 0.0, 0.0, 0.0, 0.0, 0.0, 0.0, 0.0, 0.0, 0.0, 0.0, 0.0]"
validation/rolling_prediction_oracle.csv,RollingPredictionOracle,q_effective,string,False,0..1,per_object_definition,,,blank allowed,RollingPredictionOracle.q_effective,"[0.08, 0.04, 0.06, 0.05, 0.03, 0.04, 0.1, 0.07, 0.09, 0.09, 0.06, 0.08]"
validation/rolling_prediction_oracle.csv,RollingPredictionOracle,active_indices,string,False,0..1,per_object_definition,,,blank allowed,RollingPredictionOracle.active_indices,"[0, 1, 2, 3, 4, 5, 6, 7, 8, 9, 10, 11]"
validation/rolling_prediction_oracle.csv,RollingPredictionOracle,lambda_active,string,False,0..1,per_object_definition,,,blank allowed,RollingPredictionOracle.lambda_active,"[0.0, 0.0, 0.0, 0.0, 0.0, 0.0, 0.0, 0.0, 0.0, 0.0, 0.0, 0.0]"
validation/rolling_prediction_oracle.csv,RollingPredictionOracle,gap_active,string,False,0..1,per_object_definition,,,blank allowed,RollingPredictionOracle.gap_active,"[0.08, 0.04, 0.06, 0.05, 0.03, 0.04, 0.1, 0.07, 0.09, 0.09, 0.06, 0.08]"
validation/rolling_prediction_oracle.csv,RollingPredictionOracle,complementarity_residual,string,False,0..1,per_object_definition,,,blank allowed,RollingPredictionOracle.complementarity_residual,0.0
validation/rolling_prediction_oracle.csv,RollingPredictionOracle,lcp_call_count,string,False,0..1,per_object_definition,,,blank allowed,RollingPredictionOracle.lcp_call_count,1
validation/rolling_prediction_oracle.csv,RollingPredictionOracle,oracle_method,string,False,0..1,per_object_definition,,,blank allowed,RollingPredictionOracle.oracle_method,INDEPENDENT_ACTIVE_SET_ENUMERATION
validation/rolling_prediction_oracle.csv,RollingPredictionOracle,production_rolling_runner_used,string,False,0..1,per_object_definition,,,blank allowed,RollingPredictionOracle.production_rolling_runner_used,False
validation/rolling_prediction_oracle.csv,RollingPredictionOracle,production_topology_runner_used,string,False,0..1,per_object_definition,,,blank allowed,RollingPredictionOracle.production_topology_runner_used,False
validation/rolling_prediction_oracle.csv,RollingPredictionOracle,production_virtual_sms_function_used,string,False,0..1,per_object_definition,,,blank allowed,RollingPredictionOracle.production_virtual_sms_function_used,False
validation/run_log.csv,RunLog,run_id,string,True,1,per_object_definition,,primary or foreign key,blocking if required,RunLog.run_id,ROLLING_FIXTURE_SELF_VALIDATION
validation/run_log.csv,RunLog,input_package_id,string,True,1,per_object_definition,,primary or foreign key,blocking if required,RunLog.input_package_id,04_POSTERIOR_VIRTUAL_SMS_ROLLING_MIN_CASE
validation/run_log.csv,RunLog,started_at,string,False,0..1,per_object_definition,,,blank allowed,RunLog.started_at,2026-07-26T00:00:00+08:00
validation/run_log.csv,RunLog,finished_at,string,False,0..1,per_object_definition,,,blank allowed,RunLog.finished_at,2026-07-26T00:00:00+08:00
validation/run_log.csv,RunLog,status,string,False,0..1,per_object_definition,,,blank allowed,RunLog.status,PASS
validation/run_log.csv,RunLog,passed_checks,string,False,0..1,per_object_definition,,,blank allowed,RunLog.passed_checks,66
validation/run_log.csv,RunLog,total_checks,string,False,0..1,per_object_definition,,,blank allowed,RunLog.total_checks,66
validation/run_log.csv,RunLog,matrix_manifest_count,string,False,0..1,per_object_definition,,,blank allowed,RunLog.matrix_manifest_count,173
validation/run_log.csv,RunLog,npz_key_count,string,False,0..1,per_object_definition,,,blank allowed,RunLog.npz_key_count,173
validation/run_log.csv,RunLog,validator,string,False,0..1,per_object_definition,,,blank allowed,RunLog.validator,scripts/posterior_virtual_sms_rolling_package_validator.py
validation/run_log.csv,RunLog,python_version,string,False,0..1,per_object_definition,,,blank allowed,RunLog.python_version,3.11.15
validation/run_log.csv,RunLog,pandas_version,string,False,0..1,per_object_definition,,,blank allowed,RunLog.pandas_version,3.0.3
validation/run_log.csv,RunLog,package_file_hash,string,False,0..1,per_object_definition,,,blank allowed,RunLog.package_file_hash,b808b9540807bd095d579bdfea1becf5b4fe1ec1085173f88f9dd99772b98895
validation/stage_measurement_update_oracle.csv,StageMeasurementUpdateOracle,checkpoint_id,string,True,1,per_object_definition,,primary or foreign key,blocking if required,StageMeasurementUpdateOracle.checkpoint_id,MCP_AFTER_ABC
validation/stage_measurement_update_oracle.csv,StageMeasurementUpdateOracle,topology_step_id,string,True,1,per_object_definition,,primary or foreign key,blocking if required,StageMeasurementUpdateOracle.topology_step_id,TS205
validation/stage_measurement_update_oracle.csv,StageMeasurementUpdateOracle,source_topology_step_id,string,True,1,per_object_definition,,primary or foreign key,blocking if required,StageMeasurementUpdateOracle.source_topology_step_id,TS204
validation/stage_measurement_update_oracle.csv,StageMeasurementUpdateOracle,update_state_layout_id,string,True,1,per_object_definition,,primary or foreign key,blocking if required,StageMeasurementUpdateOracle.update_state_layout_id,ETA_STAGE_AFTER_ABC_2
validation/stage_measurement_update_oracle.csv,StageMeasurementUpdateOracle,measurement_ids,string,False,0..1,per_object_definition,,,blank allowed,StageMeasurementUpdateOracle.measurement_ids,MEAS_GAP_AB_AFTER_RELEASE;MEAS_FORCE_AB_AFTER_RELEASE
validation/stage_measurement_update_oracle.csv,StageMeasurementUpdateOracle,z_measured,string,False,0..1,per_object_definition,,,blank allowed,StageMeasurementUpdateOracle.z_measured,"[0.0032294449842736085,9.140343000967608]"
validation/stage_measurement_update_oracle.csv,StageMeasurementUpdateOracle,z_predicted_prior_physical,string,False,0..1,per_object_definition,,,blank allowed,StageMeasurementUpdateOracle.z_predicted_prior_physical,"[0.0031643559106852874,9.832202978134031]"
validation/stage_measurement_update_oracle.csv,StageMeasurementUpdateOracle,z_predicted_posterior_linearized,string,False,0..1,per_object_definition,,,blank allowed,StageMeasurementUpdateOracle.z_predicted_posterior_linearized,"[0.0032202765455295657,9.140341308305233]"
validation/stage_measurement_update_oracle.csv,StageMeasurementUpdateOracle,z_predicted_posterior_physical,string,False,0..1,per_object_definition,,,blank allowed,StageMeasurementUpdateOracle.z_predicted_posterior_physical,"[0.00322027654552952,9.140341308305244]"
validation/stage_measurement_update_oracle.csv,StageMeasurementUpdateOracle,residual_prior_physical,string,False,0..1,per_object_definition,,,blank allowed,StageMeasurementUpdateOracle.residual_prior_physical,"[6.508907358832115e-05,-0.6918599771664233]"
validation/stage_measurement_update_oracle.csv,StageMeasurementUpdateOracle,residual_posterior_linearized,string,False,0..1,per_object_definition,,,blank allowed,StageMeasurementUpdateOracle.residual_posterior_linearized,"[9.16843874404277e-06,1.6926623747082203e-06]"
validation/stage_measurement_update_oracle.csv,StageMeasurementUpdateOracle,residual_posterior_physical,string,False,0..1,per_object_definition,,,blank allowed,StageMeasurementUpdateOracle.residual_posterior_physical,"[9.168438744088306e-06,1.6926623640500793e-06]"
validation/stage_measurement_update_oracle.csv,StageMeasurementUpdateOracle,weighted_residual_prior_physical,string,False,0..1,per_object_definition,,,blank allowed,StageMeasurementUpdateOracle.weighted_residual_prior_physical,54150.25458676836
validation/stage_measurement_update_oracle.csv,StageMeasurementUpdateOracle,weighted_residual_posterior_physical,string,False,0..1,per_object_definition,,,blank allowed,StageMeasurementUpdateOracle.weighted_residual_posterior_physical,2.101731704278381e-05
validation/stage_measurement_update_oracle.csv,StageMeasurementUpdateOracle,linearization_error,string,False,0..1,per_object_definition,,,blank allowed,StageMeasurementUpdateOracle.linearization_error,"[-4.5536491244391186e-17,1.0658141036401503e-14]"
validation/stage_measurement_update_oracle.csv,StageMeasurementUpdateOracle,physical_residual_improved,string,False,0..1,per_object_definition,,,blank allowed,StageMeasurementUpdateOracle.physical_residual_improved,True
validation/stage_measurement_update_oracle.csv,StageMeasurementUpdateOracle,innovation,string,False,0..1,per_object_definition,,,blank allowed,StageMeasurementUpdateOracle.innovation,"[6.508907358832115e-05,-0.6918599771664233]"
validation/stage_measurement_update_oracle.csv,StageMeasurementUpdateOracle,eta_prior,string,False,0..1,per_object_definition,,,blank allowed,StageMeasurementUpdateOracle.eta_prior,"[0.0,0.0]"
validation/stage_measurement_update_oracle.csv,StageMeasurementUpdateOracle,eta_posterior,string,False,0..1,per_object_definition,,,blank allowed,StageMeasurementUpdateOracle.eta_posterior,"[0.0021065263594870444,3.1297760713260744e-05]"
validation/stage_measurement_update_oracle.csv,StageMeasurementUpdateOracle,P_prior,string,False,0..1,per_object_definition,,,blank allowed,StageMeasurementUpdateOracle.P_prior,"[[0.0004,3e-05],[3e-05,0.000225]]"
validation/stage_measurement_update_oracle.csv,StageMeasurementUpdateOracle,P_posterior,string,False,0..1,per_object_definition,,,blank allowed,StageMeasurementUpdateOracle.P_posterior,"[[2.3889049746094353e-06,2.3126463082835108e-05],[2.3126463082835108e-05,0.0002238898538245888]]"
validation/stage_measurement_update_oracle.csv,StageMeasurementUpdateOracle,kalman_gain,string,False,0..1,per_object_definition,,,blank allowed,StageMeasurementUpdateOracle.kalman_gain,"[[-0.05078918155059372,-0.003049507486910133],[-0.4975870964117834,-9.204932493571196e-05]]"
validation/stage_measurement_update_oracle.csv,StageMeasurementUpdateOracle,nis,string,False,0..1,per_object_definition,,,blank allowed,StageMeasurementUpdateOracle.nis,0.011186707998043714
validation/stage_measurement_update_oracle.csv,StageMeasurementUpdateOracle,q_posterior,string,False,0..1,per_object_definition,,,blank allowed,StageMeasurementUpdateOracle.q_posterior,"[-0.0046840210460769435,0.0021053263179743524,0.014,-0.003996244268714409,0.010000938932821397,0.007,-0.003,0.018,0.011,-0.004,0.004,0.016]"
validation/stage_measurement_update_oracle.csv,StageMeasurementUpdateOracle,active_indices,string,False,0..1,per_object_definition,,,blank allowed,StageMeasurementUpdateOracle.active_indices,"[0,1,2,3,4,5]"
validation/stage_measurement_update_oracle.csv,StageMeasurementUpdateOracle,lambda_posterior_active,string,False,0..1,per_object_definition,,,blank allowed,StageMeasurementUpdateOracle.lambda_posterior_active,"[9.140341308305244,0.0,0.0,7.451547852498435,0.0,0.0]"
validation/stage_measurement_update_oracle.csv,StageMeasurementUpdateOracle,gap_posterior_active,string,False,0..1,per_object_definition,,,blank allowed,StageMeasurementUpdateOracle.gap_posterior_active,"[0.0,0.00322027654552952,0.015042059959460148,0.0,0.010849389508702513,0.007774420372203427]"
validation/stage_measurement_update_oracle.csv,StageMeasurementUpdateOracle,prior_residual_norm,string,False,0..1,per_object_definition,,,blank allowed,StageMeasurementUpdateOracle.prior_residual_norm,0.691859980228161
validation/stage_measurement_update_oracle.csv,StageMeasurementUpdateOracle,posterior_residual_norm,string,False,0..1,per_object_definition,,,blank allowed,StageMeasurementUpdateOracle.posterior_residual_norm,9.323377868711058e-06
validation/stage_measurement_update_oracle.csv,StageMeasurementUpdateOracle,posterior_linearized_residual_norm,string,False,0..1,per_object_definition,,,blank allowed,StageMeasurementUpdateOracle.posterior_linearized_residual_norm,9.323377870601268e-06
validation/stage_measurement_update_oracle.csv,StageMeasurementUpdateOracle,P_prior_trace,string,False,0..1,per_object_definition,,,blank allowed,StageMeasurementUpdateOracle.P_prior_trace,0.000625
validation/stage_measurement_update_oracle.csv,StageMeasurementUpdateOracle,P_posterior_trace,string,False,0..1,per_object_definition,,,blank allowed,StageMeasurementUpdateOracle.P_posterior_trace,0.00022627875879919823
validation/stage_measurement_update_oracle.csv,StageMeasurementUpdateOracle,complementarity_residual,string,False,0..1,per_object_definition,,,blank allowed,StageMeasurementUpdateOracle.complementarity_residual,0.0
validation/stage_measurement_update_oracle.csv,StageMeasurementUpdateOracle,posterior_tolerance,string,False,0..1,per_object_definition,,,blank allowed,StageMeasurementUpdateOracle.posterior_tolerance,0.0001
validation/stage_measurement_update_oracle.csv,StageMeasurementUpdateOracle,lcp_tolerance,string,False,0..1,per_object_definition,,,blank allowed,StageMeasurementUpdateOracle.lcp_tolerance,1e-05
validation/stage_measurement_update_oracle.csv,StageMeasurementUpdateOracle,H_derivation_source,string,False,0..1,per_object_definition,,,blank allowed,StageMeasurementUpdateOracle.H_derivation_source,INDEPENDENT_GLOBAL_LCP_CENTRAL_FINITE_DIFFERENCE
validation/stage_measurement_update_oracle.csv,StageMeasurementUpdateOracle,finite_difference_method,string,False,0..1,per_object_definition,,,blank allowed,StageMeasurementUpdateOracle.finite_difference_method,CENTRAL_DIFFERENCE
validation/stage_measurement_update_oracle.csv,StageMeasurementUpdateOracle,finite_difference_epsilon,string,False,0..1,per_object_definition,,,blank allowed,StageMeasurementUpdateOracle.finite_difference_epsilon,1e-05
validation/stage_measurement_update_oracle.csv,StageMeasurementUpdateOracle,active_set_stable,string,False,0..1,per_object_definition,,,blank allowed,StageMeasurementUpdateOracle.active_set_stable,True
validation/stage_measurement_update_oracle.csv,StageMeasurementUpdateOracle,active_set_prior,string,False,0..1,per_object_definition,,,blank allowed,StageMeasurementUpdateOracle.active_set_prior,"[0,3]"
validation/stage_measurement_update_oracle.csv,StageMeasurementUpdateOracle,active_set_true,string,False,0..1,per_object_definition,,,blank allowed,StageMeasurementUpdateOracle.active_set_true,"[0,3]"
validation/stage_measurement_update_oracle.csv,StageMeasurementUpdateOracle,observation_extractor,string,False,0..1,per_object_definition,,,blank allowed,StageMeasurementUpdateOracle.observation_extractor,core.stage_measurement_update.extract_observation_vector
validation/stage_measurement_update_oracle.csv,StageMeasurementUpdateOracle,frozen_package_hash_before,string,False,0..1,per_object_definition,,,blank allowed,StageMeasurementUpdateOracle.frozen_package_hash_before,d4c3b204faadef449662341c9c8d39b1688eebd8a43fd1ce83211d4623fdf16b
validation/stage_measurement_update_oracle.csv,StageMeasurementUpdateOracle,frozen_package_hash_after,string,False,0..1,per_object_definition,,,blank allowed,StageMeasurementUpdateOracle.frozen_package_hash_after,d4c3b204faadef449662341c9c8d39b1688eebd8a43fd1ce83211d4623fdf16b
validation/stage_measurement_update_oracle.csv,StageMeasurementUpdateOracle,oracle_method,string,False,0..1,per_object_definition,,,blank allowed,StageMeasurementUpdateOracle.oracle_method,INDEPENDENT_NUMPY_AND_ACTIVE_SET_ENUMERATION
validation/stage_measurement_update_oracle.csv,StageMeasurementUpdateOracle,production_update_function_used,string,False,0..1,per_object_definition,,,blank allowed,StageMeasurementUpdateOracle.production_update_function_used,False
validation/stage_measurement_update_oracle.csv,StageMeasurementUpdateOracle,production_topology_runner_used,string,False,0..1,per_object_definition,,,blank allowed,StageMeasurementUpdateOracle.production_topology_runner_used,False
validation/stage_measurement_update_oracle.csv,StageMeasurementUpdateOracle,engineering_claim_allowed,string,False,0..1,per_object_definition,,,blank allowed,StageMeasurementUpdateOracle.engineering_claim_allowed,False
validation/topology_step_lcp_oracle.csv,TopologyStepLcpOracle,topology_step_id,string,True,1,per_object_definition,,primary or foreign key,blocking if required,TopologyStepLcpOracle.topology_step_id,TS101
validation/topology_step_lcp_oracle.csv,TopologyStepLcpOracle,operator_set_id,string,True,1,per_object_definition,,primary or foreign key,blocking if required,TopologyStepLcpOracle.operator_set_id,OP_TS101
validation/topology_step_lcp_oracle.csv,TopologyStepLcpOracle,active_interface_ids,string,False,0..1,per_object_definition,,,blank allowed,TopologyStepLcpOracle.active_interface_ids,G_AB
validation/topology_step_lcp_oracle.csv,TopologyStepLcpOracle,active_indices,string,False,0..1,per_object_definition,,,blank allowed,TopologyStepLcpOracle.active_indices,"[0,1,2]"
validation/topology_step_lcp_oracle.csv,TopologyStepLcpOracle,lambda_active,string,False,0..1,per_object_definition,,,blank allowed,TopologyStepLcpOracle.lambda_active,"[0.0,0.0,0.0]"
validation/topology_step_lcp_oracle.csv,TopologyStepLcpOracle,gap_active,string,False,0..1,per_object_definition,,,blank allowed,TopologyStepLcpOracle.gap_active,"[0.08,0.04,0.06]"
validation/topology_step_lcp_oracle.csv,TopologyStepLcpOracle,equilibrium_residual,string,False,0..1,per_object_definition,,,blank allowed,TopologyStepLcpOracle.equilibrium_residual,0.0
validation/topology_step_lcp_oracle.csv,TopologyStepLcpOracle,complementarity_residual,string,False,0..1,per_object_definition,,,blank allowed,TopologyStepLcpOracle.complementarity_residual,0.0
validation/topology_step_lcp_oracle.csv,TopologyStepLcpOracle,oracle_method,string,False,0..1,per_object_definition,,,blank allowed,TopologyStepLcpOracle.oracle_method,INDEPENDENT_ACTIVE_SET_ENUMERATION
validation/validation_result.csv,ValidationResult,validation_id,string,True,1,per_object_definition,,primary or foreign key,blocking if required,ValidationResult.validation_id,VAL_001
validation/validation_result.csv,ValidationResult,check_item,string,False,0..1,per_object_definition,,,blank allowed,ValidationResult.check_item,interface endpoint foreign keys
validation/validation_result.csv,ValidationResult,status,string,False,0..1,per_object_definition,,,blank allowed,ValidationResult.status,PASS
validation/validation_result.csv,ValidationResult,blocking,string,False,0..1,per_object_definition,,,blank allowed,ValidationResult.blocking,True
validation/validation_result.csv,ValidationResult,detail,string,False,0..1,per_object_definition,,,blank allowed,ValidationResult.detail,"parts=4, interfaces=4"
